deviceId,deviceType,os,lastUsed,ipAddresses
e4f6db52-d2ed-421d-94a1-abfa51c051fe,Tablet,iOS,2025-02-08,['94.93.212.140']
56a1a5ee-5cc5-48b6-946f-10c662a4c7fc,Tablet,iOS,2025-01-09,"['54.231.129.61', '37.87.55.152']"
724c49be-bd13-4471-a71a-eb10476deb90,Mobile,Windows,2025-02-06,"['77.193.112.152', '206.173.155.121']"
0bddd336-7abf-4b60-8b45-31807524537b,Tablet,Windows,2025-02-19,"['64.57.249.192', '157.133.167.62']"
a0051d8c-7c41-484b-aee8-0792482cfbbf,Tablet,Windows,2025-02-18,"['178.8.93.72', '37.25.36.22']"
da0e0a5f-d197-4378-bc90-537345d5eca0,Mobile,Windows,2025-01-23,['159.25.31.220']
b7da4848-b787-4be9-917f-89bbe18aaa35,Tablet,Windows,2025-01-13,['188.131.123.75']
2ffd2377-41ee-4ba1-b25c-f4d3769462c4,Tablet,Android,2025-01-05,['93.134.224.44']
e8b840e4-5459-45d4-ab92-84c9f7dc90f0,Mobile,iOS,2025-01-01,"['210.83.194.200', '188.82.81.146']"
4b8bd3ac-118c-4d4d-a201-8a333f498edb,Desktop,Windows,2025-01-14,['99.32.52.203']
a0708ee8-2899-4f6e-8af8-50fb6a435211,Desktop,Windows,2025-01-23,"['190.69.153.114', '45.208.219.204']"
ecb9eb0d-b707-47d2-9fc0-e0fab265355b,Desktop,Windows,2025-01-21,['171.61.61.51']
2a2f6709-f151-49f0-a4ed-6afcf1a09a72,Desktop,Windows,2025-02-23,"['60.183.241.16', '155.56.249.216']"
106e2016-1390-4a6b-9863-434700fb2e18,Tablet,Android,2025-02-15,['63.127.219.255']
a519a6e5-7645-4fbd-b021-bd23b17406d5,Tablet,Android,2025-02-08,['21.118.95.219']
b1adf980-7db5-4cab-94b2-d4b6698586ae,Tablet,iOS,2025-01-20,['125.24.222.42']
48560e52-ceed-43ca-9458-f5f1b42a4193,Desktop,iOS,2025-02-07,['178.3.94.99']
27e15a47-62d3-4d00-8bea-dd1a4a97b1ed,Tablet,iOS,2025-02-10,"['28.105.209.112', '175.95.91.25']"
b17f864e-3270-4227-b380-4304508e2324,Desktop,Windows,2025-01-25,"['206.74.44.176', '30.242.213.117']"
45be02e8-1c98-4b62-b168-287850c085b7,Desktop,Android,2025-01-07,"['13.103.151.95', '96.29.34.204']"
5cca9adc-83e1-4bcf-bdd0-cf20374c5f00,Desktop,Android,2025-02-16,"['79.114.194.130', '135.2.24.23']"
53584dce-deca-4fbc-b802-1760125d3a72,Desktop,Windows,2025-02-01,"['193.72.246.96', '58.158.87.163']"
0aeb53a1-9ea3-4e0b-a52b-ac121d211118,Mobile,Android,2025-01-19,"['4.239.216.30', '31.61.160.74']"
5f504a91-800c-426b-b0a3-0bc5dac3df9c,Tablet,iOS,2025-01-22,"['59.138.31.187', '103.0.113.133']"
de115146-1880-4179-8dd0-ef63d8fac30d,Mobile,iOS,2025-01-15,['136.109.80.220']
9d0edb76-764f-4389-ab90-ef1240afa53a,Desktop,iOS,2025-01-04,['21.10.96.225']
a93e759c-e870-49d3-8a6b-ad5e2af862f3,Desktop,iOS,2025-01-14,['219.2.175.29']
c2b2fea4-d922-4710-a45d-6ea212e065af,Tablet,Android,2025-02-23,"['171.121.163.207', '178.1.85.36']"
0fdca68b-7ebf-476f-a539-6eb6d0bbf619,Desktop,Windows,2025-02-07,"['80.90.87.225', '159.173.55.191']"
634718fd-ddf6-4f33-b184-90535b71089f,Tablet,Android,2025-01-26,"['196.65.128.125', '133.41.84.47']"
8b60baa0-0ca6-43ef-bc09-32ab42dfd8cd,Mobile,iOS,2025-02-18,"['60.57.190.150', '196.127.215.162']"
b4d84898-7e86-434a-886a-f221641d4022,Desktop,iOS,2025-02-07,"['141.149.202.165', '56.218.33.84']"
589d849d-e2b7-48d2-9062-92e2f4e34f17,Desktop,Android,2025-01-09,['23.224.183.32']
bbc73b85-9d1b-4823-be43-acc147906080,Desktop,Android,2025-01-27,['199.250.124.197']
613c4ca1-98f0-43dc-b6c7-9e83713e355d,Mobile,Windows,2025-02-22,"['126.71.162.108', '109.103.251.148']"
4ba6f6c5-9cd1-4498-b4de-df5ad8ef3437,Tablet,Windows,2025-01-25,"['38.110.59.25', '202.169.41.179']"
441eca1b-aafe-48e7-b34b-045478d9fd7f,Tablet,Windows,2025-02-05,['194.169.147.59']
3570a1e6-6791-44bc-b5e1-45349f35f469,Desktop,Windows,2025-02-13,['100.245.44.241']
e7bf177f-d485-4eea-9c68-2523de6dbfa2,Mobile,Android,2025-01-15,['208.32.157.4']
5c616fff-8c65-4437-bf35-88fb38f3e73a,Tablet,Windows,2025-02-20,"['3.106.207.42', '131.132.252.243']"
35ff58cf-60c2-4aa0-b0b3-c43fe15d3c36,Desktop,Android,2025-02-08,"['123.54.151.193', '75.25.65.66']"
34203853-d435-484e-b345-573b9b658b4f,Tablet,iOS,2025-01-31,"['173.114.185.229', '34.163.106.189']"
fc85e61f-7437-419f-88d0-0b6d6d631ef0,Mobile,iOS,2025-02-19,['178.92.30.57']
804f283a-b321-4d67-a6ce-a391388dfb6f,Tablet,iOS,2025-02-11,['65.9.254.111']
eb3a8483-4440-4e21-8e83-7e795adc52ff,Desktop,Android,2025-01-18,"['57.118.233.154', '178.116.6.151']"
f0f6e50c-fc17-4a7a-b437-1cfe18dac75f,Mobile,Android,2025-01-09,['196.54.72.236']
8f71766a-95f4-4b99-94fa-e2ed4527b0f4,Tablet,iOS,2025-02-06,['82.110.54.141']
dbd7b8ca-f752-417f-a8cd-39805644cac1,Desktop,Android,2025-01-31,['51.236.19.55']
0ee97ccc-b9ad-498f-a0ed-73d9e7067ed1,Mobile,Android,2025-02-16,"['95.202.252.43', '210.199.137.181']"
079314df-e500-47ed-a2e6-2b70fcc5214e,Tablet,Android,2025-02-22,['66.224.154.14']
94664378-f84f-469f-b1bd-3589c79d308c,Mobile,iOS,2025-01-19,['139.237.190.166']
607aefcb-ac9e-44fa-8265-ffff41abf5f1,Mobile,Windows,2025-02-12,"['48.252.137.245', '91.179.131.105']"
ea8c913d-6120-44c9-b10b-2f82f3d8d660,Desktop,iOS,2025-02-11,['21.172.154.193']
f0e125df-9851-4428-a87a-500fab4cdbbc,Desktop,Android,2025-01-10,"['122.234.141.194', '14.43.187.70']"
dd68c45a-bd8d-4b47-93ea-c6723887c7f5,Tablet,Windows,2025-02-06,"['182.114.3.114', '187.229.122.116']"
f38d6da5-d7e1-48fe-a33a-df5f88d8a5b9,Tablet,iOS,2025-01-02,"['139.5.36.242', '21.119.213.28']"
9caa6c98-9bc5-4aca-93d9-a3639e7bc6b2,Desktop,iOS,2025-01-26,"['106.47.156.164', '14.54.56.35']"
72e2d9e6-fedf-4422-bb18-9dc99e1b4e80,Desktop,Android,2025-01-24,"['6.253.181.93', '58.159.130.221']"
29e858b4-35f7-48f7-8dc9-a7d783306215,Tablet,iOS,2025-02-21,['174.50.74.160']
14abdd1e-bb30-4e37-84ea-07a22497bd5f,Tablet,Android,2025-01-24,"['36.209.94.37', '91.121.195.18']"
f4f41f8b-f2ba-43e7-bd23-3a20ff98698e,Tablet,Android,2025-01-31,['132.0.120.61']
7d0d6e16-b4e5-4bd3-bcdf-0174038dd11f,Mobile,Windows,2025-02-01,"['13.73.104.8', '194.100.248.235']"
7aff01f6-2f6e-45eb-9e6b-661fbd3bfb91,Tablet,iOS,2025-02-14,['47.150.223.152']
015d5bf4-8c8c-45be-b3a1-97644d304284,Tablet,Android,2025-02-23,"['171.29.196.240', '37.53.228.163']"
1b6d31bf-00a3-4734-b153-0d375bdcc146,Tablet,Windows,2025-02-07,['73.86.243.224']
d6159fb9-fe94-437d-8f3d-40be9d78c67c,Desktop,iOS,2025-01-24,['148.90.12.215']
45c39736-3a7a-46f9-8bb9-cf5479c6edde,Desktop,Windows,2025-02-07,"['160.66.164.22', '68.158.67.146']"
acb53a36-acc4-4081-b913-3e663944ec85,Desktop,Windows,2025-01-13,"['177.54.126.188', '193.236.208.233']"
991b39af-a5c5-42a2-b1ab-ecb7b63cc4df,Mobile,Android,2025-02-08,['43.238.104.96']
e604389d-6bd1-46ca-b169-748380d44813,Tablet,iOS,2025-01-20,['142.46.110.114']
7e88ff75-c603-419e-ba49-bf0c873733cb,Desktop,iOS,2025-02-06,['91.103.13.172']
b579713a-c56c-4e86-803c-2971c211b289,Mobile,Windows,2025-02-01,"['204.60.72.44', '195.254.225.168']"
48471968-7c48-4380-9378-176b53c8c403,Mobile,Windows,2025-02-19,"['219.231.164.149', '107.174.79.181']"
67a56c70-4b95-4e59-be73-1541065ca8ca,Tablet,iOS,2025-02-25,['76.41.153.128']
62ae4077-a562-413b-8a7d-c65474556251,Tablet,Windows,2025-01-24,"['98.148.9.82', '146.119.12.205']"
19491bf0-9f3a-4e91-9b02-23b158314e96,Desktop,Windows,2025-01-02,['138.237.38.173']
0732ab76-02b5-4645-820d-5ef697fa07c4,Desktop,Android,2025-02-15,"['126.114.116.201', '48.243.71.55']"
c9a408ed-6b77-4200-9bff-143cceed6720,Desktop,Windows,2025-02-15,"['6.203.132.128', '92.251.72.14']"
ebab6f19-ed41-45b9-919a-ae887f10a57c,Desktop,Android,2025-02-08,"['201.175.180.109', '98.77.227.199']"
990ab483-559e-4155-96ba-c77177104d67,Mobile,Windows,2025-01-28,"['119.220.32.102', '163.255.63.80']"
7a33796c-b086-402e-87a4-25bf183bce5f,Mobile,Windows,2025-02-22,['75.29.233.243']
d562bf23-70ee-4491-aaef-2672b6cc5bda,Tablet,iOS,2025-01-27,['168.91.42.207']
88119494-df7d-4abc-904d-86df7a0e6fc0,Mobile,Windows,2025-02-21,['124.212.245.137']
0760a0aa-4b9d-4172-b639-61b5b443675e,Tablet,iOS,2025-02-05,['110.202.23.101']
28dba54a-67c0-4924-a58b-7f4e432c1060,Tablet,Android,2025-01-10,['43.173.180.31']
c43924ae-0eeb-4ad7-ad68-c49354380798,Tablet,Android,2025-01-22,['60.244.168.168']
225fb951-5009-4598-9fcb-44a2175de1e2,Mobile,Windows,2025-01-29,"['151.197.27.88', '134.80.7.60']"
85259b21-78de-4946-ac55-2bb3c764c377,Tablet,Android,2025-01-20,"['33.254.46.204', '82.131.128.60']"
63c22536-d798-4d1f-89fc-234beefab551,Mobile,Android,2025-01-07,"['131.196.251.32', '90.167.207.76']"
d42c9a0d-52ee-4c96-80d5-1d28d0a371c0,Tablet,Windows,2025-01-01,"['57.255.196.188', '11.124.115.3']"
4da12e62-6d05-41e7-b7fb-628c180f4e66,Desktop,iOS,2025-02-21,"['18.59.21.31', '180.66.25.221']"
d4113ba5-e411-4c61-af6f-3d5b765091bf,Mobile,iOS,2025-01-14,['211.228.217.18']
f1d07496-227e-4622-9de5-4da4022c126a,Mobile,iOS,2025-02-02,"['81.118.196.249', '124.178.63.203']"
13befada-ec63-4cd2-b840-59f99d186b78,Mobile,Windows,2025-01-22,"['92.183.3.87', '118.205.24.7']"
95e70081-51dd-488f-877a-a2eabeb24f4b,Desktop,iOS,2025-01-07,['166.237.234.96']
a6bdc285-aeda-42c8-adde-57dc1af485eb,Mobile,iOS,2025-01-03,"['78.212.124.204', '186.78.244.110']"
6ad4ab42-8519-4577-b563-d5d1856e05f6,Mobile,Android,2025-01-30,"['103.33.214.9', '177.154.142.177']"
6cb51c90-f550-4da4-b353-eb1c42d82bd0,Tablet,Windows,2025-01-23,['40.51.231.222']
381d7da2-6cce-4ae7-b857-d27944a8afd9,Desktop,iOS,2025-01-09,['88.134.190.22']
d867dbce-7078-47f4-867a-ae0acc537e80,Tablet,iOS,2025-02-16,['193.178.157.244']
e03c590d-b64e-434e-9d89-cd11a222a6cb,Tablet,Android,2025-01-24,['179.191.247.99']
89fb6b15-9340-47d0-b665-a0879a8841dc,Tablet,iOS,2025-01-26,['163.98.25.211']
bafc6d0c-3ab8-497a-bb23-3f269b8ac802,Mobile,Android,2025-02-13,['147.160.62.223']
ccf09822-d84c-4b6f-b802-c5204b7983e3,Mobile,iOS,2025-01-22,"['123.39.37.111', '49.137.120.68']"
9f3bf665-725f-436d-9b93-7fc7e6ffa1d8,Desktop,Android,2025-01-14,"['162.90.202.197', '202.20.249.196']"
b3544642-57ea-465b-b816-69f62f801934,Mobile,Android,2025-02-13,['115.107.13.171']
7efa6bff-2ae8-44e6-8947-ae2b0f3fb5fc,Tablet,Windows,2025-01-13,"['221.4.220.181', '4.168.42.62']"
ea59093d-e118-4897-94c6-836ec86d773a,Mobile,Windows,2025-01-09,['78.50.154.6']
fa17bd00-5535-4370-ab67-cceea5fa68f2,Desktop,Android,2025-01-09,['135.237.212.214']
2cf99221-7bbe-4019-8954-33880f9056d1,Tablet,iOS,2025-01-30,['31.36.238.19']
f3372807-9ac4-4429-9c4d-d51e58a7a003,Desktop,Windows,2025-02-06,['115.92.157.31']
28de415f-1214-41fb-a4e9-2275202e77a7,Tablet,Android,2025-01-28,"['208.171.108.88', '52.139.212.18']"
6fe0a026-9287-4400-9120-9b6e2cf288eb,Mobile,Windows,2025-01-30,['129.136.201.98']
dc02f6e2-14b3-44ac-8ac9-320ab0e6ee26,Tablet,Android,2025-02-05,"['56.207.155.25', '11.223.111.243']"
edec1e61-83e2-4dd4-afdc-846454ed7840,Desktop,Android,2025-02-25,"['103.60.168.38', '10.214.168.71']"
f626a0e1-3102-47aa-bbdd-2ef02fd0f47b,Tablet,Android,2025-01-12,['176.215.188.68']
26b4e332-0223-46a3-bf61-f1d298b522f6,Mobile,iOS,2025-01-17,['157.35.202.95']
da83e09e-787b-4bc4-8613-e1f4ce8d45ac,Tablet,Android,2025-01-25,"['158.180.190.70', '185.185.208.72']"
5c7cb400-2d54-48dc-82f2-198e1645c921,Desktop,Windows,2025-01-08,"['176.161.254.246', '121.106.48.236']"
c90f4eab-61ab-431b-81db-7fd4d964d6ab,Desktop,Android,2025-01-11,['222.22.161.54']
3598cce2-8797-472a-8d56-ed50b3d81dee,Desktop,Android,2025-02-05,"['171.10.105.35', '206.66.50.237']"
68ae0036-de76-4402-b489-8765ac8cd63a,Mobile,Android,2025-02-12,"['178.30.153.102', '187.131.194.95']"
132fe702-c3d7-48cd-9019-36f698893873,Mobile,iOS,2025-02-15,['202.7.135.7']
a18869d0-ce3c-4d9e-b576-c79417eb7915,Desktop,Android,2025-02-23,"['128.113.142.248', '179.240.46.23']"
db74a8d9-eba7-406b-b630-0a2e0caa3d4b,Tablet,Windows,2025-02-11,['12.184.57.9']
f57e3502-0709-4efc-908c-e6041e6bf0d2,Tablet,Android,2025-02-21,"['103.166.17.35', '165.50.143.222']"
9f99c026-d785-4d1c-abc3-815d0103342f,Tablet,Windows,2025-01-16,"['100.248.7.11', '86.146.43.219']"
4668c3b1-d695-410e-a0a8-40aeb0271c61,Tablet,Windows,2025-01-28,['69.79.15.213']
0a3190f5-4cde-4462-b456-eea43d1edc23,Desktop,iOS,2025-02-07,['197.19.41.254']
101221c4-f6b3-4a6f-a941-fbf3ae13418f,Desktop,Android,2025-01-16,"['149.189.34.36', '152.195.91.26']"
a632729d-9985-4330-8b20-c20312110517,Tablet,iOS,2025-01-22,"['37.78.51.208', '32.50.84.110']"
587cd7f0-73cd-44b4-b3a0-a355bcc4eb1b,Desktop,iOS,2025-02-24,['154.201.134.84']
63739e81-4cd2-4cec-8e20-d17634c96171,Desktop,Android,2025-01-26,"['155.176.178.64', '117.36.64.216']"
d96e19d2-21b2-4bf3-a040-f3df73149311,Mobile,iOS,2025-02-17,"['110.24.245.25', '6.151.17.232']"
8a680b2c-777d-4679-bc94-40d6bd5442fb,Tablet,iOS,2025-02-02,"['75.80.90.127', '117.156.97.216']"
8242f949-6355-4e57-bb21-8c14e62de7a4,Desktop,iOS,2025-01-02,['29.84.185.14']
83eda062-0e09-4764-a225-fac8c53c0fa4,Tablet,Android,2025-02-10,['193.149.155.220']
50357b4e-19ef-49d3-bbc7-979b9a7fe94e,Mobile,iOS,2025-02-01,['223.242.177.106']
1c594a8e-edcf-4198-b191-309922c72608,Tablet,iOS,2025-01-16,['38.127.252.3']
1f76552f-c0b8-4d97-8a3a-e53515e0fde5,Tablet,Android,2025-01-01,['30.127.1.191']
91ed55dc-36f3-4409-b1f4-534fc7e85c30,Desktop,iOS,2025-02-14,['41.181.144.23']
25e71895-ee3b-4d73-af60-1abe177ec80f,Desktop,Windows,2025-01-21,['215.20.249.106']
520722ae-6950-47b5-a0bc-4e3d780710cc,Tablet,iOS,2025-01-03,['146.155.213.131']
1ca8d806-a73b-4c62-b760-06c0d9427972,Tablet,iOS,2025-01-02,['221.161.54.232']
ac353596-db0f-4d59-a3e6-f6e83d038411,Mobile,Android,2025-01-25,"['55.30.130.170', '216.28.30.249']"
6486f0e0-09da-4c12-acfa-5b4a71ddc03a,Mobile,Android,2025-01-24,"['78.209.90.57', '20.250.121.85']"
058385be-e553-474c-996a-d1b635107b9e,Mobile,Windows,2025-02-25,['136.107.26.226']
2291e10d-f921-42cc-b691-07138894318d,Desktop,Android,2025-01-06,['214.107.134.185']
1f398932-865c-4ea1-a69b-b2cf1a227bb1,Mobile,iOS,2025-01-15,['184.57.90.242']
cb2b992b-8899-4791-8898-5a3fbc95aab3,Tablet,Android,2025-02-22,"['196.153.248.4', '128.46.160.221']"
2184b615-4d96-4608-a7fc-1822d27c353f,Mobile,Android,2025-01-05,"['27.107.94.190', '56.53.200.8']"
8039e6c5-48b0-42a3-ad62-8bb6587ca79c,Mobile,iOS,2025-01-09,['114.148.131.129']
260671f4-5d54-43c3-a42e-68ad5fa19814,Desktop,iOS,2025-02-06,['103.125.161.52']
2353e9dd-7bb4-425d-beaa-9c70f2bd0a72,Mobile,Android,2025-01-30,['56.253.97.252']
5bbffad5-fc1e-474d-a2ef-8b496af72c09,Tablet,Windows,2025-01-12,"['46.109.88.129', '100.206.84.146']"
44eaf21a-8749-4b42-99cf-e64d57eeef9f,Desktop,Windows,2025-02-08,"['30.204.62.145', '137.1.28.200']"
76028d37-f536-4fb6-ae32-d96bcfa5fe5b,Mobile,Windows,2025-02-06,"['23.194.139.218', '223.190.107.128']"
c89b0e8e-db17-495f-96ed-6a6caf3e210f,Desktop,Windows,2025-02-09,['115.53.169.206']
6a30b700-5c88-47ff-89f2-75821b7f549e,Desktop,iOS,2025-01-16,"['147.89.176.72', '93.70.81.210']"
4cb81031-5b78-4dc6-b41e-7f736815806a,Desktop,Android,2025-02-01,"['135.147.142.148', '115.62.214.234']"
7e743efe-52c6-4b7c-9676-377fac3770b7,Desktop,Windows,2025-02-08,['73.39.25.8']
419b6ee7-e9a5-4c21-b18a-3e18a1d2e517,Tablet,Windows,2025-02-05,"['74.19.203.143', '18.4.119.230']"
e66df786-c10e-4c02-b680-5eaa08947cbe,Mobile,Windows,2025-02-11,"['36.5.121.40', '125.162.149.82']"
724a68f3-0804-4f48-bb0a-2a7470fedc0f,Mobile,Windows,2025-01-26,['4.183.221.128']
c731523c-8b63-4afc-a35a-ab9020487be5,Mobile,Windows,2025-01-29,['155.29.79.238']
6a82a639-126b-4c20-9c48-6a7e1747e080,Mobile,Android,2025-01-07,"['95.141.32.210', '73.123.245.158']"
df5ec51f-e824-4f1a-be45-e10912e07e5a,Mobile,Android,2025-02-17,"['103.21.19.176', '121.235.203.95']"
68e9482d-60dc-4dbd-9525-c5ed2fcf8ea3,Mobile,Windows,2025-01-24,"['48.205.138.19', '102.200.88.24']"
1e38da09-2728-494f-a0d0-c2d6024258dd,Tablet,Windows,2025-01-04,"['34.228.7.101', '171.200.232.89']"
1c3f959d-b042-441e-8848-c46bf2434d05,Desktop,Windows,2025-02-09,"['200.121.216.100', '21.212.235.37']"
b5ad9527-69d3-4edc-91b6-e22cd521bd3a,Desktop,Windows,2025-02-25,"['173.243.201.107', '129.174.45.112']"
aeca94aa-1717-408b-b74f-4d7cac27f5cf,Mobile,Android,2025-01-01,"['36.100.120.91', '69.207.8.193']"
9f419b1e-5c79-4c53-b4ed-771fa8dfad31,Mobile,Android,2025-01-04,"['185.61.169.214', '14.67.46.114']"
9de137b4-2064-41a2-a5c6-83df89b8c44e,Mobile,Android,2025-02-22,['211.145.233.239']
4932d1b3-5c17-48da-b33c-699ff3bc4038,Desktop,iOS,2025-01-25,['68.29.253.133']
6b39f533-f817-43bf-b5ab-2565ef3b16b9,Mobile,Android,2025-01-03,['110.50.173.246']
012fe369-b247-422d-83d9-dac8397c650f,Desktop,Android,2025-02-10,['220.240.6.62']
a1a4ac41-9019-4e6e-9d0b-673848421987,Tablet,Android,2025-02-23,['215.190.248.137']
95d2b2fd-60b7-458b-9b6e-bcf1f6ac0e6f,Desktop,Windows,2025-01-04,"['205.36.131.64', '34.2.17.114']"
35d4602d-6b01-4560-b0ac-d7a58441b7f3,Desktop,Windows,2025-02-18,['199.53.27.144']
c89b14dc-f442-46a7-b0e4-14fee39b0909,Desktop,Windows,2025-01-05,['90.141.47.13']
d7d12f49-eebc-4c18-8a07-b7e44acfda47,Tablet,Windows,2025-01-28,['142.195.15.208']
f1e9a896-84c5-4757-a161-81de93738096,Mobile,Windows,2025-02-14,"['90.227.59.194', '159.0.9.32']"
7b427e39-0224-4722-a183-13d8b9fc3f3e,Mobile,Windows,2025-01-24,['53.58.165.219']
8700a37b-31c2-46fd-9d31-fb2c4781586a,Mobile,iOS,2025-02-18,"['168.74.168.166', '48.188.171.167']"
aa07418a-ba2f-4198-8fbe-544165937180,Mobile,iOS,2025-01-24,"['21.93.192.21', '171.207.141.207']"
dd2c0907-5492-4aeb-9e2e-7abc60d499be,Mobile,Windows,2025-01-20,['103.191.208.121']
3920c80f-7d71-4005-abbe-3d37f63759b1,Desktop,iOS,2025-01-29,['181.69.82.97']
974d95a6-f40c-4bf3-bb20-3f9f32bdb865,Desktop,Windows,2025-02-01,['207.87.28.222']
e25a43bd-4d7e-4a18-abed-f35f6949f036,Mobile,Android,2025-02-09,['202.53.161.216']
8607aed9-8154-4765-8f94-7a1206157d84,Desktop,Windows,2025-01-07,"['114.166.81.138', '112.166.21.129']"
10ae0746-b9f5-4c6b-894a-4ffc06c754dc,Mobile,iOS,2025-01-21,['53.226.165.202']
3c93d098-b6d3-492d-813d-eb775113fed5,Mobile,Windows,2025-01-11,"['132.192.196.153', '108.83.8.107']"
5d1144fe-d2ad-4b32-876d-71a6194a9768,Tablet,Android,2025-01-14,['95.183.157.123']
f31b62d9-1954-482b-9a2e-cec6017e14cf,Tablet,iOS,2025-01-25,['33.238.2.183']
befe02c6-8352-4895-bcae-34cb58be5571,Mobile,Windows,2025-02-01,['151.195.34.182']
7ed1d52b-7aef-40de-bd20-49d8688d6ed8,Desktop,Windows,2025-01-12,['216.17.113.150']
cf34ce72-5b56-4cba-9d85-b7dc72e6476f,Tablet,Windows,2025-01-29,['213.139.219.175']
560147e6-65fd-4f9d-8ed8-d56d68ad6105,Tablet,iOS,2025-02-22,"['52.15.37.2', '207.198.109.68']"
9f6f46af-9896-426a-95b5-d705965a8fe2,Mobile,Android,2025-02-25,['164.50.104.198']
fa3f41b1-0606-4ceb-8e46-f530565f5a69,Tablet,Android,2025-02-04,['46.171.228.96']
cf20398b-7bc9-45cc-ad20-4a5a7c2b6422,Desktop,Android,2025-01-29,['93.164.129.165']
0031da6f-f343-4e5e-a8de-d23160465070,Desktop,Windows,2025-01-30,['101.214.49.194']
6f52706e-5bdf-4943-a985-847fcff6d793,Mobile,Windows,2025-01-28,['200.50.58.125']
33032afb-4028-49fa-b88b-e35c37cfef88,Tablet,Windows,2025-02-19,['60.17.34.66']
837d18bf-de26-4bc7-83db-efe17b3680c6,Mobile,Windows,2025-02-17,"['76.166.185.158', '170.154.77.151']"
9abdb1d0-e38f-402c-8139-270d49cf8cdb,Tablet,Windows,2025-01-20,"['164.175.137.17', '200.63.217.69']"
52b49a7f-4f9e-43cd-af53-19a1e76e2f9f,Desktop,Windows,2025-02-13,"['83.64.160.53', '216.2.6.249']"
8be0c23c-c334-4844-ba95-2601ce36c775,Desktop,Windows,2025-01-14,['179.18.167.4']
8945445f-e056-469c-9d0c-b335fef7f9eb,Tablet,iOS,2025-01-12,"['89.73.121.105', '180.28.159.66']"
4c00f0ae-f2d2-406d-a5cc-1c7acb555414,Desktop,Windows,2025-01-27,"['129.206.54.12', '102.126.211.136']"
73bdf715-9092-4204-b560-85f680414959,Desktop,Android,2025-01-07,"['158.206.215.203', '103.239.66.246']"
4ab82aae-79a4-47ec-b91b-da2fb02120dd,Tablet,iOS,2025-01-05,['44.184.16.6']
3cae29d2-23a8-434b-bb3e-c7f914e841af,Mobile,iOS,2025-02-01,['168.154.59.22']
9e222dfc-5745-4996-b7db-f858262ceb45,Desktop,iOS,2025-02-06,['64.35.227.184']
3d32df94-74f3-49a0-81e3-fac3593183ae,Desktop,Windows,2025-01-19,['82.229.190.68']
353bf47c-3fcf-4c9a-8361-3fb44ca09769,Desktop,iOS,2025-01-30,['31.97.177.124']
82ebfee9-2cb4-4d98-a739-0e92cee6d2b3,Mobile,iOS,2025-01-23,"['186.176.17.132', '85.28.137.117']"
08285ac2-a89e-40fe-8e40-7cf60b1e7912,Tablet,Windows,2025-01-16,['131.63.51.244']
4475dec8-792f-45d3-b06e-52e4147616f4,Desktop,Android,2025-01-09,"['107.232.27.85', '87.234.197.240']"
39832975-d8ca-4c55-a890-665da9f79b14,Mobile,iOS,2025-01-28,"['153.94.111.250', '115.220.246.125']"
bdc09a35-239a-4fae-967a-fe9bebefff7f,Desktop,iOS,2025-02-20,"['65.12.96.34', '94.253.132.70']"
036d2522-00bf-4d44-9586-2e3695396a53,Desktop,iOS,2025-02-16,"['171.147.255.147', '99.160.224.184']"
a99b1952-8e60-4050-b277-b2064a428996,Desktop,iOS,2025-01-04,"['163.238.155.155', '193.37.161.18']"
6e945179-a7bc-4ded-bbd0-91b79399aab4,Tablet,iOS,2025-01-09,['210.72.166.188']
77f03856-722b-4847-b31b-8554539024ce,Tablet,Windows,2025-01-27,['181.56.154.255']
73b27e36-9637-457b-be55-f465ca3daec6,Mobile,Android,2025-01-30,['183.234.251.250']
f263c77e-16a1-484d-a8a9-f8a7ff1adaa8,Tablet,Android,2025-01-09,"['86.158.110.155', '19.51.223.112']"
a15a2560-91b0-462c-9de2-e1420302b6b8,Desktop,Windows,2025-01-17,"['70.206.85.51', '69.222.141.214']"
4300b168-76a8-47a3-a167-5aba0e33c899,Desktop,Windows,2025-01-03,"['187.45.247.237', '197.84.80.52']"
831df13f-6042-40c4-b3ef-6025bdc848ef,Mobile,iOS,2025-02-03,['59.216.163.109']
e1086cb0-8763-457b-a010-d13ab2633d2b,Desktop,Android,2025-02-08,"['107.164.63.224', '168.102.210.51']"
16ce00e4-d7f5-46f6-b156-6504e89cd9c1,Desktop,Windows,2025-01-21,"['106.93.251.129', '208.51.182.176']"
13950adb-1f0a-441e-9ff1-5a63cd0affab,Mobile,Android,2025-01-20,['166.22.241.192']
68857055-cae8-4b8f-87ce-fed9a0061c5d,Desktop,Windows,2025-02-19,['46.218.178.10']
ebad5f42-ac04-4d29-80cb-609590dce01d,Tablet,iOS,2025-02-12,"['69.178.251.236', '26.197.124.228']"
58a6a95f-bb92-4c93-98e1-88a16fdd9c67,Mobile,iOS,2025-02-11,['36.231.102.111']
ec9eb7e5-f0e0-4d7b-a2e4-9ec87093af62,Tablet,Android,2025-01-18,"['155.131.192.113', '190.42.159.192']"
d29058ed-5248-4b27-bd9d-538b63ec1ba3,Tablet,Windows,2025-01-22,['223.98.3.243']
38fdd646-10de-421e-aa4a-0a237581572a,Desktop,Windows,2025-02-07,['109.136.8.124']
c8614882-d3ce-4f16-9254-21d6f209f9b4,Tablet,iOS,2025-01-03,['64.19.148.21']
b6d7bfca-f519-4a3d-a409-698a7e71c196,Mobile,iOS,2025-02-17,"['87.137.51.230', '121.170.63.189']"
d16825a3-30fa-43c4-bebd-98fc6d9ba71e,Desktop,Android,2025-02-07,['173.55.204.157']
7097837c-7b65-4f5a-844f-ff38362c90bd,Desktop,iOS,2025-01-22,['159.212.88.83']
c8fe9a96-d249-4541-9ead-1f3e6342b3bc,Tablet,Android,2025-02-03,['83.98.239.250']
6dda798a-294a-4e7f-a0b8-61c63e94acc9,Mobile,Android,2025-02-08,['114.134.230.119']
b3888bfa-0293-498a-ae47-ac9dacfb9a62,Mobile,iOS,2025-01-08,['28.165.226.230']
cf96f31f-57c6-4cfa-8dbe-16b0cb5a81a7,Desktop,iOS,2025-02-21,['178.254.99.231']
3d8d8197-057f-4e3b-8eb5-71b376829b61,Tablet,Android,2025-02-25,['166.247.241.148']
4158888c-002d-45d9-9538-f39e93029b75,Desktop,Android,2025-02-11,"['204.88.32.169', '146.155.170.198']"
642c68d3-2818-4312-a740-bdeb92edafc3,Tablet,iOS,2025-01-07,"['187.73.193.122', '43.175.117.139']"
1f2ddb7d-80c2-4b26-ab35-45a98eb332e3,Desktop,iOS,2025-02-15,['22.221.184.169']
1f82c713-d03f-45e3-a696-f71db0358088,Desktop,iOS,2025-01-12,['143.145.190.238']
4e4e1da9-47b7-47bd-bd69-6140f49b4978,Tablet,Android,2025-02-01,['187.213.108.104']
434a41ce-a658-44b5-ad25-cc403d363ea6,Mobile,iOS,2025-02-17,['157.162.22.153']
3b35275b-b312-40f0-85bf-f6d423f455b4,Tablet,Windows,2025-01-01,"['37.152.64.249', '20.170.56.134']"
5d431013-9792-4920-afae-0406d292657b,Mobile,Windows,2025-01-27,"['198.185.238.221', '181.143.171.14']"
a0d7c8b3-2b92-4b68-ab4c-76ce2d83a650,Tablet,iOS,2025-01-17,['193.28.10.8']
042ec22b-6a7f-4ead-8e85-37866af28251,Mobile,Windows,2025-02-25,['139.133.213.35']
d9a465d9-d7a5-41cd-a826-feed568030a5,Desktop,Android,2025-01-17,['77.110.221.7']
89722495-ecdf-4c46-9fbd-421fb58fe94e,Mobile,iOS,2025-01-29,"['170.219.141.8', '187.7.235.248']"
eae141e5-52fc-40bb-a31f-21be42852902,Desktop,iOS,2025-02-12,['93.215.221.205']
d369dd75-02ae-486b-8484-a9bb1a2a63aa,Mobile,Windows,2025-01-23,"['64.127.123.82', '219.12.115.236']"
cf699c8f-9874-414c-8af0-68dbfe50ea4c,Desktop,Windows,2025-01-09,['131.19.39.61']
173aed75-732c-467d-891d-04760f1aa207,Desktop,Android,2025-02-02,"['194.29.37.78', '83.224.100.217']"
19e24a26-ad6b-4035-a2b7-83874de6479c,Tablet,Windows,2025-02-11,"['70.222.180.81', '129.5.237.72']"
b31b898b-7f8a-4920-bdfe-491f7153d48b,Desktop,Android,2025-01-03,"['220.6.84.5', '121.60.209.88']"
2d60dcc4-8110-4d25-837d-63890fecc0c8,Mobile,Android,2025-01-24,['221.99.124.72']
435ba4e5-2575-4eed-9c7b-4024257863f8,Tablet,iOS,2025-01-14,"['105.170.151.214', '124.106.227.146']"
dd7982a0-a670-4fb1-8330-78b62b0ff521,Mobile,Android,2025-01-03,['38.154.210.136']
2319f9f0-a1dd-4ca9-ada3-7c44cd59b51b,Tablet,iOS,2025-02-20,"['159.235.250.250', '198.85.148.236']"
1a300dad-0d33-466a-973a-153d2f67ab97,Tablet,Android,2025-01-06,"['59.194.148.209', '118.230.106.97']"
e934f3f0-6d48-4216-9325-6e54c1708d8c,Tablet,iOS,2025-01-21,['69.204.47.135']
dcd48ce1-8805-4351-a752-6eb8eb60855e,Tablet,Windows,2025-01-25,"['178.207.169.197', '7.168.121.233']"
5844093a-5142-4fc1-8817-bace3f44029d,Mobile,iOS,2025-02-24,"['138.197.144.30', '134.190.133.179']"
8162bbdb-8db5-4364-8b2c-a4be72937fa0,Mobile,Windows,2025-01-17,"['144.41.26.41', '52.226.26.129']"
99b889fa-94e7-45b7-b999-889aaff9e52d,Tablet,Android,2025-01-09,"['114.134.91.25', '42.214.179.174']"
2ab42f02-bcad-4691-88c1-2fdfdba0029a,Desktop,Android,2025-01-16,['221.191.212.209']
fad002ee-aa9a-47f3-b2fa-9c6e52b1ca64,Tablet,Android,2025-01-24,"['169.150.172.165', '198.32.205.81']"
b67ca90e-a3e6-40f0-ad21-355cfb5e4dbd,Desktop,iOS,2025-02-15,"['216.210.240.204', '220.239.149.248']"
932e54cf-1ab6-4aed-88da-9f282a8a4c06,Desktop,Android,2025-01-11,"['6.129.149.231', '122.8.12.140']"
fbaa95b3-05fd-4c39-9462-3e97f3604bdb,Tablet,Windows,2025-02-06,"['104.46.112.249', '199.12.130.240']"
72cec41b-29e8-4ace-8e49-e65d45bb50e5,Tablet,Android,2025-02-20,"['78.236.226.1', '98.72.22.167']"
6c5ffd2c-ac3e-440d-af33-71a0cbe311f1,Tablet,Android,2025-01-12,['155.23.213.75']
4c8af8bc-edd3-45af-88ce-146b8210309d,Tablet,Android,2025-02-02,['117.77.188.156']
a00fecee-f624-45e6-bc81-caa01a7f389f,Desktop,iOS,2025-02-21,['115.154.105.167']
99612011-e4dc-4edb-98a2-201c4335db18,Desktop,iOS,2025-02-08,"['61.170.13.231', '186.64.199.96']"
5cf36a4d-f7d3-4cd4-a741-7124793dff61,Mobile,Windows,2025-01-09,"['34.220.171.21', '112.59.13.4']"
11423150-e22a-44c4-8e73-cb9e7aa017d8,Tablet,iOS,2025-02-03,"['21.246.209.71', '197.255.197.85']"
34de7703-f19b-4c8f-bf68-92a481b6c6b3,Desktop,Windows,2025-01-12,"['118.206.207.143', '220.225.214.133']"
8056fb0d-7a48-4902-bd4e-f40572ecfacd,Desktop,Windows,2025-01-17,"['177.198.195.249', '197.22.9.48']"
5284e405-887e-433e-bc73-086979ad1341,Mobile,iOS,2025-01-25,"['93.87.108.254', '66.220.214.49']"
eb9821c1-8600-426e-a8e9-19c162eb4895,Tablet,Android,2025-01-21,"['91.169.89.101', '11.221.126.237']"
d79e4ddd-d674-44fa-9dd9-5c50b95932fc,Desktop,iOS,2025-01-04,['98.171.136.9']
9bf9e001-9b0a-47e1-a65b-5439a0560bb7,Desktop,Windows,2025-02-23,['6.210.80.20']
4bcdb43e-20a7-4dae-bb5e-648d1e538c63,Tablet,iOS,2025-02-01,['141.94.25.166']
d023ca17-0b27-4690-8744-64f54f9bfb5f,Mobile,Android,2025-01-12,['45.182.53.133']
cebd2972-f43e-4fe2-9632-9fcc08967b41,Mobile,Android,2025-01-29,['82.225.188.168']
44ebf865-6032-4e80-8dde-0d42d7a50fa6,Desktop,Android,2025-02-15,['189.75.222.43']
208cbcf0-7f92-404a-b03f-a6aa9314d2cf,Tablet,Android,2025-02-01,['163.59.19.217']
0996678e-52f2-4575-b3ab-5445737af77e,Mobile,Android,2025-02-05,['96.178.119.114']
285e9ece-89a6-43ee-9a24-6ee244467bba,Tablet,iOS,2025-02-18,['131.180.64.109']
9e7235dc-1b08-49cb-98ec-3555921a68c8,Mobile,Windows,2025-01-02,"['109.130.167.114', '123.23.63.190']"
6514cad0-f8cd-4b13-9ed9-2dc04bcb7922,Tablet,iOS,2025-01-21,['10.233.64.139']
0ce92009-0207-474a-a590-3a5538cad658,Tablet,Android,2025-01-03,['194.84.10.222']
bfd74fad-943e-4ebb-ae5d-ca3c54f470af,Tablet,Android,2025-01-27,['128.136.165.183']
5d4da68f-c31d-4527-966b-1bd9bc6aa7a1,Tablet,Android,2025-01-17,['222.38.200.79']
5731ce8f-e3f3-4cac-943e-b5645de0e1df,Mobile,Windows,2025-01-04,['80.36.248.185']
48318d6c-e64b-4b1d-830c-9d479ad1f3c7,Mobile,iOS,2025-02-09,['20.178.138.112']
62e689a5-e9b4-4468-af53-1534e73e2f33,Mobile,Android,2025-02-14,['6.118.103.151']
3bc0c7f3-195f-4bd0-8e5f-7392fb7ac391,Desktop,iOS,2025-02-18,['2.221.132.145']
858806fb-9634-4400-8b2b-fa2b600f4c2e,Desktop,Android,2025-01-12,"['16.207.127.87', '104.212.12.115']"
11575309-521b-4e16-8c82-0a4ad6fef86d,Tablet,Windows,2025-01-29,['134.42.158.188']
29d7e067-43e7-4c32-9397-92ef37ef7252,Desktop,iOS,2025-02-04,['157.241.140.92']
45b8c260-7a56-48be-a3c2-77292ceb4efb,Desktop,Android,2025-01-12,['48.5.185.179']
c9c01ec0-1bf1-42a4-8043-2a6b20272d58,Mobile,Android,2025-01-31,['100.175.85.4']
4f4008bd-40ff-41ef-9c67-34f31d757665,Desktop,Android,2025-01-21,['15.236.139.157']
df96583a-22be-4259-bcc5-4b4987874329,Tablet,Android,2025-02-10,['185.148.61.221']
3d929011-dec2-4923-bbc0-3c7547076035,Mobile,Android,2025-01-24,"['198.191.21.67', '75.88.61.138']"
abc22a05-eba8-4570-9c4f-eecfd94fb1a1,Mobile,Android,2025-01-19,"['156.65.137.22', '156.55.192.37']"
757b2f2a-67a9-4488-9b5e-cc804f79821a,Tablet,Windows,2025-02-11,"['123.246.58.142', '129.140.136.237']"
520d2bc0-b4c7-4e03-b144-0240cad5484e,Tablet,iOS,2025-01-05,"['150.184.36.243', '75.122.122.80']"
d08994ec-fc47-419e-86ff-cdcc2d61c442,Mobile,iOS,2025-02-15,"['155.91.253.15', '186.191.150.254']"
692d38ca-63e6-449e-9763-6926663781e3,Desktop,Windows,2025-02-06,['179.135.156.12']
80964ee7-99eb-4205-95f6-3845645b372a,Tablet,Android,2025-01-17,"['30.53.27.95', '139.142.209.190']"
d8cc623f-ff2c-48a8-abf2-aef5cace3a66,Desktop,Android,2025-02-12,['170.21.87.158']
2281fb40-9d4c-4340-a685-080ba70c6529,Mobile,Android,2025-02-08,"['45.251.193.49', '129.159.170.193']"
9f68a65d-bf49-4ed3-8a31-f48f9a01e3bf,Desktop,Windows,2025-01-28,['71.34.201.127']
343d5364-c6ba-4024-aa70-1588c0a00efc,Tablet,iOS,2025-02-23,['206.36.6.157']
8d99b3ff-d5ee-44a8-87ca-3e85c3d28186,Tablet,Windows,2025-02-18,"['142.65.121.155', '72.241.41.209']"
c6c4cb62-b8c5-468d-9d6d-b014b0bac61b,Mobile,Windows,2025-02-06,['156.43.166.72']
d8d36d4d-194f-404c-a352-7a5b45d163e0,Desktop,Windows,2025-01-25,"['159.137.46.205', '175.243.134.221']"
9e682587-0df5-4550-a4ef-8b24885e67f7,Tablet,Windows,2025-01-13,['180.174.10.213']
743cafbd-c369-420f-84db-4117506b1b34,Tablet,iOS,2025-02-17,"['62.23.154.59', '184.81.248.208']"
f10da5e7-6635-4742-98fb-a649d4d2b06f,Desktop,iOS,2025-02-11,"['90.102.165.230', '76.62.220.150']"
835becb4-49ef-4f64-b6c4-59aa5e8fc1b6,Desktop,iOS,2025-02-24,"['134.172.68.124', '67.47.123.96']"
f5febb9e-3c59-4c1f-bdc2-f03d2081e583,Desktop,iOS,2025-02-07,['213.255.90.80']
5a0339aa-85ad-42ac-a8ec-92971c098499,Mobile,Windows,2025-01-24,['81.18.127.32']
65e6dba3-4266-4498-ab39-220641de8fab,Mobile,Windows,2025-01-02,"['146.124.42.186', '129.135.92.19']"
5b7ddf40-164d-455f-832b-e2648a2614c2,Desktop,iOS,2025-01-13,"['68.217.78.247', '107.17.80.39']"
0d22853a-bbff-493f-a9ee-59e1e5aa2b71,Desktop,iOS,2025-02-16,"['77.162.57.124', '91.222.53.111']"
0778000f-2287-43fb-a05c-90772d795ead,Desktop,iOS,2025-01-02,['95.167.9.200']
179eaa29-3bc8-4271-aea1-45bf5568efcb,Mobile,Windows,2025-02-16,"['153.211.89.11', '128.5.172.129']"
5f854805-9d80-423a-9b04-a065f5478f62,Desktop,Android,2025-01-02,['20.119.146.173']
e0bf4541-51d7-4659-b5cb-24437123a413,Desktop,iOS,2025-01-06,['104.55.126.3']
fb43d116-27ce-40ac-b3e4-05857fd82d5d,Desktop,iOS,2025-01-15,['11.192.118.6']
c991154e-7fff-4665-abbb-8e2ae88d6533,Desktop,Windows,2025-02-13,['72.140.191.133']
c161126e-9fa0-40e2-99f2-4efae50560fe,Mobile,Windows,2025-01-06,['223.11.59.122']
a67ad7b2-66be-401f-938e-83d583eaf110,Mobile,Android,2025-02-22,['206.2.56.220']
41f1daa1-b092-48ee-8b40-44751cdb080e,Desktop,iOS,2025-02-21,['71.136.229.195']
3b45d539-a54f-4086-8b2d-4790f0bdff51,Desktop,iOS,2025-01-06,['131.197.221.122']
a62f97f2-1cb6-4762-90af-a6b4783eabde,Mobile,iOS,2025-02-17,"['177.9.250.184', '207.159.63.73']"
5dcc08f3-cbb0-45e0-8203-a537b854becb,Mobile,iOS,2025-02-15,"['57.7.129.40', '82.185.89.84']"
9679ec0d-1dc5-4988-a423-de118f750fcf,Mobile,Android,2025-01-21,"['203.201.252.92', '25.84.116.98']"
d33a7713-6423-46bc-a9a7-38617d7f5c24,Tablet,Windows,2025-02-11,"['39.221.131.6', '69.224.183.69']"
d341096e-6146-4bf1-be82-fe57c9d91bcc,Desktop,iOS,2025-01-28,['152.66.168.137']
1ad84c3e-47f7-4530-9362-76ebc9c03d3d,Desktop,Windows,2025-02-24,['69.109.62.131']
51bc1b05-4233-406a-bc69-cf261740141c,Desktop,Android,2025-01-14,['31.50.74.193']
d25a0a6d-188f-4876-af3c-74eafc2b8e57,Desktop,Windows,2025-01-26,"['37.43.191.34', '162.156.100.213']"
a93bf1f8-17eb-4d80-bc65-ddad23e39a91,Tablet,iOS,2025-01-02,['137.218.46.19']
faf98f9b-f751-435c-a8be-0ed5b55a405c,Mobile,Windows,2025-01-14,"['94.164.208.71', '4.48.35.133']"
7be02e65-528c-49d5-8a5c-995e34028644,Mobile,iOS,2025-01-31,"['76.209.143.153', '34.161.239.83']"
fb14896e-a63e-46b5-991a-c3b1aa75f529,Mobile,iOS,2025-01-12,['96.182.83.203']
db9dc2b5-3568-4cfd-91e9-370be3d750d8,Desktop,Windows,2025-02-12,"['125.82.150.30', '150.7.130.171']"
d5a0db9c-3d08-425b-a9a6-1be266aa3141,Tablet,Windows,2025-02-01,"['41.16.164.218', '100.204.135.204']"
4bfe51af-e27e-4de3-b457-e8e4abb5b5ff,Tablet,Android,2025-02-02,['38.250.134.118']
77576383-6fbc-4efc-a6ae-20d30737eaeb,Tablet,iOS,2025-01-28,"['43.203.133.34', '164.70.220.48']"
a6ad97e2-8a95-4665-80f9-0bf92b62c755,Tablet,iOS,2025-01-22,['120.125.56.11']
340d8916-a864-435f-82b2-aee2990e3fcb,Desktop,Windows,2025-01-16,"['61.145.211.124', '189.225.198.113']"
c3a2ff53-572e-439d-bbe7-09507898b55e,Mobile,Android,2025-02-21,"['84.245.77.1', '145.14.183.220']"
1dbe18ca-5e37-4097-957f-4b44168c0d7d,Desktop,iOS,2025-01-31,['215.187.196.91']
f615751a-f976-4a1c-8137-aa60e0d7681e,Mobile,iOS,2025-01-09,['125.138.20.114']
4a0180d7-1c26-488d-ac8f-6e76f3f7214b,Desktop,Windows,2025-01-27,"['52.129.125.78', '29.225.203.149']"
d58085cd-6312-44ee-a105-86b1bc722112,Desktop,Windows,2025-01-31,"['113.126.156.210', '171.100.149.3']"
6c3b2a95-b7ed-41f6-a5a6-d06554ebc8a5,Tablet,iOS,2025-01-15,['95.128.160.122']
c3d35f38-b9d4-4321-aa99-b0f6490e9c2a,Mobile,iOS,2025-01-27,['28.239.153.72']
9a3abded-1e3c-496d-8ab6-04fca78fc6ea,Tablet,Windows,2025-02-09,['104.221.105.54']
8768e92c-3315-4022-bf2e-96aac8d4fd1c,Mobile,iOS,2025-01-26,"['171.65.177.21', '107.201.196.15']"
937c65ec-d5c3-433e-a6df-ad6124dcd004,Mobile,iOS,2025-01-10,['187.204.160.92']
fb737eb4-34eb-4b3a-ba58-2ab8e6c190f5,Desktop,Android,2025-01-01,"['173.23.241.126', '147.135.90.193']"
2c5e10c1-e596-4245-b2a4-000acd8a6828,Mobile,Windows,2025-02-23,"['16.101.238.101', '161.108.91.47']"
6162de4c-04e5-441c-976c-1699f729b6a0,Desktop,Windows,2025-02-12,"['124.10.196.154', '61.4.15.78']"
05246661-4241-4056-9103-c8d9515f613f,Mobile,iOS,2025-01-28,"['61.95.75.8', '149.119.23.1']"
a0722db6-1fde-4349-8930-0e32fc870217,Mobile,iOS,2025-02-01,['52.33.53.113']
82e1ee3a-5ec3-4f58-b9bc-76cd27c73c8c,Desktop,Android,2025-01-07,"['201.191.218.69', '85.87.86.227']"
9575fe4a-0632-4dbe-aa84-3f687591d600,Mobile,Android,2025-01-19,['145.22.228.54']
6cf77e7e-b4c7-48f8-9e81-71ea3949e527,Desktop,iOS,2025-01-21,"['190.169.241.37', '222.224.29.211']"
816ae339-183e-46d8-a67d-b04accd14200,Tablet,Android,2025-01-10,"['63.237.88.232', '1.180.125.163']"
0c39c102-55aa-4a03-8c94-8615e567926d,Desktop,iOS,2025-01-09,"['93.102.239.165', '78.246.81.44']"
ae5b6b60-34d6-46ba-82ee-c7bdae60de97,Tablet,Windows,2025-02-20,['92.61.124.214']
4fbc1845-c439-41c5-9c41-e2e41b73cc6e,Tablet,Android,2025-02-18,['185.216.22.99']
bcf67f4f-e209-4037-aa62-84d7fe4a7617,Desktop,Windows,2025-01-27,['123.31.125.4']
5422238d-6bde-4f2e-a1a6-ad707934ae37,Tablet,Android,2025-01-25,"['130.33.128.174', '216.221.69.6']"
691c2731-02dd-47ff-aa83-db7e5f45903e,Mobile,iOS,2025-01-28,"['19.113.72.20', '208.134.129.2']"
e8165daa-1660-4552-a2c9-1176bd8bfc4d,Tablet,Android,2025-01-14,"['39.215.159.236', '20.37.105.177']"
e44f7b7e-2904-4ecd-9829-e1a0ebfc98f5,Desktop,Android,2025-01-12,['212.119.225.81']
0f2e921e-3ff3-4a4a-a4c4-4e4c2fa275ae,Desktop,Android,2025-01-17,['113.19.161.67']
76877a06-4646-434f-81db-531bfd6ee1d1,Tablet,Windows,2025-02-25,"['146.53.14.212', '159.247.250.217']"
8e6a2476-911d-4a97-99a5-297818dd8371,Mobile,iOS,2025-01-27,"['55.72.74.4', '78.129.7.48']"
ecce16d2-3410-4c68-b0d0-9482af48f47d,Mobile,iOS,2025-02-19,"['221.145.202.42', '190.186.173.205']"
41ff005a-086c-44d0-becf-e7f2cb2bc6cf,Tablet,Android,2025-02-16,"['66.202.210.235', '211.88.29.245']"
7bce1938-c996-424c-910c-4b0fa1404c74,Desktop,Android,2025-01-05,"['95.20.37.34', '218.24.68.124']"
071bb548-17c3-4e80-835c-d4a71731bf4d,Desktop,iOS,2025-01-21,['195.213.56.206']
1155abec-8d94-458d-b8df-82fae1e22e61,Tablet,Windows,2025-02-04,"['49.79.203.202', '146.84.216.169']"
9786abac-5b83-45a9-a3e4-6ba7fdec3be8,Desktop,Android,2025-01-16,['19.232.116.140']
b291f765-83ac-4933-8f24-5c925675fb1b,Desktop,Android,2025-01-02,['77.176.131.81']
caef145a-059b-4fb1-bb2b-058faf777638,Mobile,iOS,2025-02-10,"['173.181.137.211', '164.31.107.248']"
76a02b4c-325a-4c80-b0c6-ecf06cea6a0a,Desktop,Android,2025-01-22,"['188.39.251.217', '112.85.166.63']"
d9886695-5c68-4e07-b31a-698583dde74c,Tablet,iOS,2025-02-21,['210.204.134.249']
43cb097f-373d-4bd7-9ebf-b0b82dd6dcd3,Tablet,iOS,2025-02-04,"['109.34.222.87', '211.138.189.11']"
cb12a16a-cc54-494c-a986-c547cef60515,Desktop,Android,2025-02-12,"['132.105.47.193', '183.115.238.14']"
09e1d678-2987-42d5-9e87-935b56bc8a73,Tablet,Android,2025-02-22,"['28.38.22.20', '163.73.239.228']"
23ad39cf-9ad7-4aec-bd70-66537a35c4aa,Desktop,Windows,2025-02-09,['73.217.20.143']
9ef43cc9-7412-46be-83ba-d4e0fa76923d,Tablet,Android,2025-01-24,['14.156.60.166']
ad41d24f-0468-448b-ae41-ee60bfda4e65,Desktop,Android,2025-01-30,['82.11.7.109']
2a4eb040-d419-48ce-98d8-575e2193a536,Mobile,Android,2025-02-19,['126.208.15.186']
fa516bc8-72ca-43f6-b0b2-c8efd65d5920,Tablet,Android,2025-02-14,['25.215.47.49']
a3c4b543-ec83-413d-9308-d06fae2282bf,Mobile,iOS,2025-02-11,"['49.239.136.26', '104.167.227.163']"
690db2d5-cb9f-42f3-845c-02c64e505b77,Desktop,Android,2025-01-02,"['218.251.148.72', '173.253.8.32']"
dd0be824-75db-4bf9-b897-188072b44323,Desktop,Android,2025-02-25,"['34.250.119.251', '217.81.247.75']"
a6195897-6a56-4578-b11f-67c4ccd30895,Desktop,Windows,2025-01-02,['154.49.107.174']
8f4baf4b-4d65-49ba-b00f-073d766b0496,Tablet,iOS,2025-01-04,"['220.19.195.62', '181.219.114.194']"
8b279f2d-a1c4-49a5-85a3-0654de162f2a,Tablet,Android,2025-02-20,['107.25.55.248']
4c8fa80d-4018-4820-b3b5-a0e494f70802,Mobile,iOS,2025-01-18,['108.180.106.130']
ec942981-13b0-4819-b44f-a9cc0473bffc,Mobile,iOS,2025-02-22,['93.89.211.227']
b91c3f77-8f84-4013-8c69-c8b693a3273c,Mobile,Android,2025-01-13,['216.236.211.109']
b6a918f0-ac39-41d5-9247-e246a62a04c1,Mobile,Windows,2025-02-07,['107.236.181.136']
144f0686-7b2e-492c-aa96-1045808fc6d7,Desktop,Android,2025-01-16,['19.156.3.100']
b81364b7-a73e-47d4-914c-872b015e4076,Mobile,Android,2025-01-12,['106.251.209.115']
9dbe3376-590b-4681-a97d-5344f7859b40,Mobile,Windows,2025-01-02,"['188.238.27.178', '13.43.195.80']"
2f07a8ff-5418-4f6b-8e86-8040888538e2,Desktop,iOS,2025-01-28,"['197.78.212.176', '168.14.79.45']"
4e25c542-139a-440f-b30c-25fb7c6418e2,Mobile,Windows,2025-01-19,"['202.40.185.6', '164.41.24.127']"
87872ddf-2d8f-4c03-8e07-0177e6f7c4d6,Desktop,Android,2025-02-18,"['168.154.62.250', '93.159.215.223']"
5413e331-ce5f-4bea-a8e9-093f7be728fb,Tablet,Android,2025-01-11,['98.242.164.27']
4d381f5d-655a-4780-9963-c1b7b3ec0bf2,Mobile,Windows,2025-02-10,['25.29.34.8']
656bccb0-0291-4fee-bf4b-3f7f053d039f,Mobile,Android,2025-02-23,"['24.99.174.144', '189.7.27.128']"
e0ed69b6-53bc-4c55-b3e9-d18b23daa258,Mobile,iOS,2025-01-21,['8.150.176.209']
5a26665a-2039-4992-a2d9-2c9690fa070c,Tablet,iOS,2025-02-20,['153.74.50.159']
15f3ae40-679e-4447-b8c1-f4c331f6fa29,Desktop,Android,2025-02-02,['81.25.217.50']
feeebcfc-13b9-4b39-acd9-adcbc3e60117,Tablet,Android,2025-01-09,"['43.94.67.71', '4.111.223.63']"
96ad2692-4ba6-403d-ac35-218ebf9b175d,Desktop,Windows,2025-02-06,"['143.121.18.177', '190.89.104.226']"
44f8cb0d-7f1b-4a62-91d2-94ae8d38d2b2,Tablet,iOS,2025-01-19,['187.209.198.216']
3c6c261d-759d-49ae-9b42-bb08e99abc93,Mobile,Windows,2025-01-22,"['6.196.235.12', '198.54.70.115']"
0ee7e8fd-a7b7-40a7-b90a-0aa2bb027f3a,Desktop,Android,2025-01-02,"['60.122.39.46', '25.147.33.97']"
90765049-555a-4d68-8dac-0859f4401d07,Desktop,iOS,2025-02-22,['159.22.129.117']
faf22472-8f43-4a7f-8dd5-49515d69d40c,Tablet,iOS,2025-02-13,"['3.231.197.118', '165.199.117.255']"
6371cda6-63eb-462e-8ce6-50583a246817,Mobile,iOS,2025-02-02,"['89.202.29.26', '126.21.55.199']"
4de63d39-6f97-41dc-987e-5da0ac3f0cb2,Mobile,Android,2025-02-02,['140.5.210.34']
6ce465e0-f516-43e0-ba0c-1f0a1dde5b4c,Mobile,iOS,2025-02-07,['209.153.218.122']
02441975-e815-46b4-a4d6-f20256c10893,Tablet,Android,2025-01-19,['10.112.212.243']
85f5ce5a-0839-43cc-a2de-485fa1c93037,Tablet,Windows,2025-01-18,"['150.49.122.15', '199.102.47.234']"
77252846-4655-4a11-a815-f7a0997c46d6,Tablet,Windows,2025-02-20,['217.189.210.244']
02ade3ad-aa93-463c-bb29-2a74781b0b23,Tablet,iOS,2025-02-01,"['99.187.180.96', '95.126.109.177']"
866a6356-b2dd-41b7-8595-9be4ab2d0f07,Desktop,Android,2025-01-04,['161.40.93.93']
6c8f2e49-bddf-493b-a7be-285243923d84,Tablet,iOS,2025-01-22,['202.173.232.88']
ba997cb8-ec1f-44ac-b09b-97b7acf41237,Tablet,Android,2025-01-10,"['217.100.228.234', '164.97.162.178']"
49c2e9ca-e0ea-40cc-a7c7-9613ba0547e9,Mobile,Android,2025-02-18,['182.85.154.186']
09e5e3b5-7b9c-46e6-a292-f897a354c18d,Desktop,Android,2025-01-03,"['48.90.173.146', '69.112.79.48']"
afac4c7a-64b4-4a16-a9d2-98964a9d5933,Tablet,iOS,2025-02-16,"['204.41.244.105', '188.147.224.245']"
09117e71-b706-459b-aa1d-199b13165e81,Desktop,iOS,2025-02-18,['128.183.27.82']
21f10dc6-1acf-49e6-a90d-e5c46424ed6e,Desktop,iOS,2025-01-25,"['31.55.43.226', '6.104.215.46']"
f1a5f17e-786a-40a8-84fc-0bcab5c69e02,Tablet,Android,2025-02-25,['134.35.35.198']
33adf5ed-4a7b-4632-a225-d12aa5ab2cf6,Tablet,Android,2025-02-13,['215.29.75.184']
667530e2-4a10-4149-8735-4c6b3bdfba2f,Mobile,Windows,2025-02-19,['123.33.246.54']
86a7fd1c-a3a8-4f71-91b5-948683929293,Mobile,iOS,2025-02-06,['136.139.232.210']
e2d56125-cd20-4af0-ab3b-ab44ca0b70c0,Desktop,iOS,2025-02-13,"['169.118.17.149', '122.84.147.69']"
327d5e00-f3c1-45a6-a07a-138a4d1d4e33,Tablet,Windows,2025-02-05,['131.223.35.172']
5140f4f6-87f6-4273-a7be-713ba0bd013b,Mobile,Android,2025-01-19,"['132.213.24.75', '157.26.252.0']"
4e2adf7e-7a7c-441c-a518-85e4aa64ad23,Mobile,Windows,2025-01-04,['201.59.44.179']
aa2e2ff1-2903-4751-90b4-fe28128aeced,Desktop,Windows,2025-01-24,"['174.208.126.171', '156.120.69.249']"
62d35416-84a3-40c2-8b7e-6e4b00d37ddf,Mobile,iOS,2025-01-14,"['69.112.5.236', '89.187.12.26']"
3fd83d4a-2cc0-4e10-96d8-1c020c736b50,Tablet,Android,2025-02-05,"['72.15.215.254', '35.47.250.222']"
05a651c6-7c3f-4b05-a71b-c30d669b1d4c,Mobile,Android,2025-01-23,"['196.251.233.164', '78.153.205.226']"
2d659e51-2537-4c48-8aec-119eed09412d,Mobile,iOS,2025-01-22,"['53.197.187.225', '49.222.180.213']"
e2961d81-e495-410d-9729-1dbadcad9faf,Mobile,Android,2025-01-22,['30.169.141.150']
9be7ada0-d2e1-44b3-934f-622f8e255d32,Desktop,Android,2025-02-23,['44.209.40.253']
10e694e2-937f-4bfb-9f72-d087d42a3d14,Mobile,Android,2025-01-08,['3.65.3.5']
b2710c10-21fa-494b-bb46-f6a91a3864bd,Desktop,Windows,2025-01-15,"['66.145.90.11', '41.189.46.133']"
d6946c21-469b-4aa5-9834-2c47ae213293,Desktop,Android,2025-02-08,"['9.243.63.202', '129.189.206.208']"
fd45e9b3-5ec2-47c8-8f95-3cede997e7ec,Mobile,Windows,2025-01-12,['144.235.237.40']
8569ffd6-6aa2-4d75-9fae-12d4abca228d,Mobile,Android,2025-01-24,"['8.33.242.236', '133.234.155.148']"
02938ab0-ba91-4585-82ca-5125de26dc55,Tablet,iOS,2025-02-11,['43.176.115.158']
25f7cc13-41a2-4fc2-9b7e-94ccb685a135,Mobile,iOS,2025-01-31,"['47.184.250.133', '77.199.13.137']"
3fe18aee-6f11-4623-81ba-d23f553b00ac,Desktop,iOS,2025-01-30,['31.84.199.84']
78e55bd5-7620-44c1-9e5d-d75c30337814,Mobile,Windows,2025-02-10,['62.214.158.114']
4730405c-3150-4f3b-b095-2f4f9ee43604,Tablet,Android,2025-02-08,"['203.108.135.24', '186.120.87.12']"
206abb9f-53d6-41bd-afb1-eeb08f85a7e1,Tablet,iOS,2025-01-09,"['33.139.253.186', '148.206.119.190']"
b4c82953-4072-4ff2-8465-c3f8f457088f,Mobile,iOS,2025-02-23,['165.0.40.61']
07940fc4-d0d2-4558-a834-5b4f6e5f208f,Tablet,iOS,2025-01-26,['176.195.61.107']
fde953b0-e74c-4240-b96d-7366828d3cb3,Mobile,Windows,2025-01-05,"['147.211.52.188', '156.76.186.130']"
3065ea43-01b6-48e3-b028-023efe15fcb6,Mobile,Windows,2025-01-18,['116.141.208.44']
5df04572-d80c-4ba1-a2b0-fe49e74e5b65,Tablet,iOS,2025-02-12,"['63.14.66.175', '188.232.18.143']"
a65b6c51-ed36-446f-88a5-cc68683968f7,Mobile,Windows,2025-02-06,['25.30.191.223']
57a23212-a3a9-45db-90b3-f5e181a28689,Desktop,iOS,2025-01-21,['74.105.157.45']
41e0cfbd-7476-4e1a-b9cf-e3b946cb432c,Tablet,iOS,2025-01-08,"['178.233.235.215', '42.205.73.126']"
e9d3f77d-a89f-4cf3-95ef-cad561584b92,Desktop,Windows,2025-01-23,['143.93.39.224']
ed394586-9c56-4469-8d9d-886d90c7e224,Desktop,Windows,2025-01-10,"['182.245.49.84', '109.27.5.219']"
bf2e20a7-3580-48c6-ae04-c3d87f5157c9,Tablet,Windows,2025-02-22,['108.223.98.209']
91a8f718-d7fa-459f-8b84-22749d69f4da,Desktop,Windows,2025-02-13,"['75.118.194.217', '97.206.52.37']"
33c5dbfe-9798-4804-9bd0-d9be2752d4dd,Desktop,Android,2025-01-04,"['117.8.195.243', '182.161.190.117']"
