accountA,accountB,linkageType,confidenceScore,detectedAt
ES1828238194015326888498,ES2230482171467575884263,suspiciousActivity,1,2025-02-24
ES9662582318391561421406,ES2923382085490865068984,commonOwner,1,2025-01-01
ES6614476321468323087289,ES4826322338986112018824,sharedDevice,1,2025-01-22
ES2863556033010204838854,ES7656721172663341609187,sharedDevice,1,2025-01-03
ES8364595964735174171505,ES6133346454409068220073,sharedDevice,1,2025-02-19
ES4349228928769356376410,ES9284087768922279144918,commonOwner,1,2025-01-06
ES7389478173487907782685,ES5468203993779902023925,commonOwner,1,2025-02-03
ES7131196208264078997180,ES8143105975696236439196,suspiciousActivity,1,2025-02-11
ES1965656315190921715898,ES8419504458912328989141,suspiciousActivity,1,2025-02-11
ES8979756870731355565898,ES8633340801640470671163,sharedDevice,1,2025-02-23
ES5014019604500434059643,ES0983849507674799078913,sharedDevice,1,2025-02-22
ES8633340801640470671163,ES2859937983178488316634,suspiciousActivity,1,2025-01-26
ES4429589532764690137848,ES4693608332849750592166,commonOwner,1,2025-01-28
ES3201988811555265052736,ES6377008734808747496220,sharedDevice,1,2025-01-06
ES2136658072454523411397,ES4535316040900466609583,commonOwner,1,2025-01-22
ES2315841346868154497471,ES1960724093363428167272,commonOwner,1,2025-02-02
ES2171449656321763387596,ES8887148674389654726781,commonOwner,1,2025-01-08
ES5139019441124708651287,ES8036352201653556247038,sharedDevice,1,2025-01-01
ES6984257033000986378169,ES5093888340704078397595,commonOwner,1,2025-02-06
ES6370765824389310700439,ES2710724337419643059713,suspiciousActivity,1,2025-01-19
ES1995935487506337225289,ES2436688681553225127270,commonOwner,1,2025-02-03
ES8021558370174413072223,ES3757206038682510475386,sharedDevice,1,2025-02-19
ES2732816690151124698902,ES1012945429020731983709,commonOwner,1,2025-01-06
ES0543939602889317424963,ES6568375403510749222306,suspiciousActivity,1,2025-01-31
ES7844973767273775565142,ES1937506557159301830550,sharedDevice,1,2025-01-24
ES7627472023103381524417,ES3380453447726421438000,commonOwner,1,2025-02-03
ES6427302031535675370062,ES9145913507721908841056,suspiciousActivity,1,2025-02-21
ES5735080262497121454491,ES4417998374065391567844,suspiciousActivity,1,2025-01-29
ES4446329018034774204532,ES5785312005933379830495,commonOwner,1,2025-02-04
ES9344999543370549595651,ES2519951087881443674053,suspiciousActivity,1,2025-01-14
ES7703475405837425986817,ES0760488832304265820745,commonOwner,1,2025-01-29
ES5673681569110747113600,ES3483341977908834928051,commonOwner,1,2025-01-11
ES7372042202202404382446,ES3142996280609202975611,sharedDevice,1,2025-01-14
ES5934180294801174233074,ES1986595490743648811829,sharedDevice,1,2025-02-24
ES8192924688729351826658,ES5109517735483354531846,suspiciousActivity,1,2025-02-09
ES1347370062553947276027,ES9162754585620034358446,sharedDevice,1,2025-01-04
ES9496661592173219289961,ES0919927893022469129931,suspiciousActivity,1,2025-02-18
ES1698053208500137927139,ES8522775737532404546779,commonOwner,1,2025-01-01
ES5056824525341992234645,ES2154619064688849886109,suspiciousActivity,1,2025-01-05
ES4296485409636190724658,ES2297711170753608256612,commonOwner,1,2025-01-03
ES1130142245144112936907,ES8993549584475112317576,commonOwner,1,2025-01-06
ES9811143058390449615952,ES4348843176969335655671,suspiciousActivity,1,2025-01-15
ES9407297851812263976895,ES5846128063540202250637,commonOwner,1,2025-01-17
ES6326315505829657290784,ES1744370962262299709468,sharedDevice,1,2025-01-29
ES0528858859460970781872,ES8968839532728744443347,sharedDevice,1,2025-01-19
ES8110314498399499114740,ES5488134691569026106159,commonOwner,1,2025-02-24
ES0369086261969966318100,ES3098388841647557980709,sharedDevice,1,2025-01-01
ES2884152174042968916803,ES8572209776742916094999,commonOwner,1,2025-02-21
ES9598306125390988048555,ES8623151584777979762247,commonOwner,1,2025-01-03
ES8524355576964248851262,ES0400651353074085248893,commonOwner,1,2025-01-26
ES4253604153608723724140,ES3917050787684764411484,sharedDevice,1,2025-01-28
ES7418088172176107962241,ES2741728738988597032200,suspiciousActivity,1,2025-01-05
ES6391482763265324546600,ES6548334763744193873811,commonOwner,1,2025-02-17
ES0943734770265543847454,ES8314289310258605440503,sharedDevice,1,2025-02-25
ES9627550562748741324498,ES6892902768828734833940,suspiciousActivity,1,2025-01-31
ES5952356326766057491499,ES1812636909412209566351,sharedDevice,1,2025-02-05
ES0980369420301142697181,ES4335334315137958148519,sharedDevice,1,2025-01-30
ES1572580700766129644669,ES4129074525234470363479,commonOwner,1,2025-01-27
ES3457007863123541818177,ES6494639225252170405947,sharedDevice,1,2025-01-20
ES6237843700402926890382,ES3653485809625841698762,suspiciousActivity,1,2025-01-01
ES9129333308406870864755,ES5280358744044530664414,commonOwner,1,2025-01-05
ES7499866574411792971213,ES8261244268232787202081,suspiciousActivity,1,2025-01-23
ES5960313181861229896879,ES2909799662197426872422,sharedDevice,1,2025-01-28
ES9848186807513688396090,ES7227655281935185846824,suspiciousActivity,1,2025-02-18
ES1043751592594872692136,ES1130142245144112936907,sharedDevice,1,2025-02-09
ES1879692392441981432102,ES0598934036196960876162,suspiciousActivity,1,2025-01-05
ES9876033885535420111683,ES0647084976412716357368,suspiciousActivity,1,2025-01-09
ES3039870258455619095786,ES7270304752322224830393,suspiciousActivity,1,2025-01-05
ES7525261536938960329993,ES8858515439183191285680,suspiciousActivity,1,2025-01-07
ES8710593893241595046210,ES1999738942459992590721,sharedDevice,1,2025-02-07
ES6886877065287776387877,ES6344042742582876580386,sharedDevice,1,2025-01-22
ES1025911867637584880183,ES6799029635583137362265,sharedDevice,1,2025-01-20
ES5352266773672844684077,ES5468203993779902023925,commonOwner,1,2025-01-06
ES5425693083161591145310,ES6329100621131702000786,commonOwner,1,2025-01-30
ES0899076251132109932136,ES5215874571454396005398,commonOwner,1,2025-02-14
ES7120234426294357863021,ES5328008909258436303865,commonOwner,1,2025-01-07
ES6136738591080196092757,ES4138949485988157538105,suspiciousActivity,1,2025-02-01
ES0248989348471896770967,ES6391482763265324546600,commonOwner,1,2025-01-22
ES8648636517739769705732,ES4707567661224499143550,suspiciousActivity,1,2025-01-12
ES5802453581590253494967,ES8141681582690077909894,sharedDevice,1,2025-01-12
ES5798214636874623746012,ES4222764779628062087191,commonOwner,1,2025-01-14
ES4968179693390839797363,ES9752127766879497396080,sharedDevice,1,2025-02-12
ES9265850900601169309387,ES2279520101943827705735,suspiciousActivity,1,2025-01-02
ES1352675669292624394020,ES1605311595139442357729,suspiciousActivity,1,2025-01-12
ES1778160038951054685432,ES9003084824802721751774,sharedDevice,1,2025-02-01
ES5530834116730447232362,ES4915977757552945371644,commonOwner,1,2025-02-22
ES7818654554373280613581,ES8900687551731692494324,sharedDevice,1,2025-01-13
ES9781041783664564559645,ES9258795836649852770427,sharedDevice,1,2025-01-27
ES7998151462299264469786,ES5488134691569026106159,commonOwner,1,2025-01-12
ES8821155311256078562014,ES3201988811555265052736,sharedDevice,1,2025-02-19
ES8496640835114645021314,ES6352793156694488251465,suspiciousActivity,1,2025-01-03
ES4513979835584243090405,ES1038803515085356193284,suspiciousActivity,1,2025-02-23
ES2725578089498971423736,ES9114983511815952719875,suspiciousActivity,1,2025-01-10
ES0534033160706698525697,ES8601919860806793088508,sharedDevice,1,2025-02-12
ES9704483132992255329872,ES9876250924681282418927,sharedDevice,1,2025-01-24
ES3456328733781876261894,ES0916672384957097705552,sharedDevice,1,2025-02-21
ES3927228281265090567901,ES7028957922932021526980,commonOwner,1,2025-02-18
ES9481278569747398008009,ES6337854064657423717933,suspiciousActivity,1,2025-02-08
ES5920397484750775847455,ES3854469931531802208141,suspiciousActivity,1,2025-01-31
ES2040862046622983345277,ES5825636638047988632645,suspiciousActivity,1,2025-01-27
ES5685062821279379662179,ES7601309909378698310061,suspiciousActivity,1,2025-01-16
ES2386938027246736935262,ES4861793984992011321212,sharedDevice,1,2025-01-02
ES0645602198235637888597,ES2933357859280488384816,suspiciousActivity,1,2025-01-20
ES5358039231093948068921,ES6195287096722911887109,sharedDevice,1,2025-02-23
ES8364595964735174171505,ES3757206038682510475386,suspiciousActivity,1,2025-01-09
ES5519913544640731010360,ES6530717697812952390242,sharedDevice,1,2025-01-19
ES3942510652768487432136,ES6619843792025937718152,sharedDevice,1,2025-02-17
ES6714416750246896926808,ES3543609758096018356219,suspiciousActivity,1,2025-02-12
ES2523914462643716314147,ES8437844063728676234868,suspiciousActivity,1,2025-01-04
ES1880012972530079705880,ES7951296503677753885927,commonOwner,1,2025-02-16
ES6554979810448968727736,ES3424258117254585397605,sharedDevice,1,2025-01-05
ES2911000918627972006423,ES3051605242011717336397,sharedDevice,1,2025-01-02
ES2068967898839454346306,ES4922258846648044784903,commonOwner,1,2025-01-11
ES2610399085970120748636,ES0682076248700062686096,suspiciousActivity,1,2025-01-18
ES2523914462643716314147,ES3380453447726421438000,sharedDevice,1,2025-02-03
ES4074606074444447561782,ES0932369878488019127078,sharedDevice,1,2025-01-15
ES8288131340069102242660,ES3457007863123541818177,sharedDevice,1,2025-01-28
ES2863556033010204838854,ES5134268131329680964287,commonOwner,1,2025-02-11
ES1566595662473818349406,ES0644053955694278454177,suspiciousActivity,1,2025-01-03
ES3482091879307405725853,ES6844442248424703344645,commonOwner,1,2025-01-16
ES3472452000312339468067,ES3809114607377680045465,sharedDevice,1,2025-02-09
ES3116297957317939164048,ES7361456224538601291177,sharedDevice,1,2025-01-27
ES6900233487363010999417,ES6530717697812952390242,sharedDevice,1,2025-02-08
ES3896178778428093438980,ES9620630151485562777796,sharedDevice,1,2025-01-16
ES7458057190023837344820,ES9229624935725240252798,suspiciousActivity,1,2025-01-14
ES5836871869115472445979,ES6292945657319564531311,suspiciousActivity,1,2025-01-27
ES4922258846648044784903,ES3572649238077861503648,sharedDevice,1,2025-01-29
ES5463943001713121179722,ES3483341977908834928051,sharedDevice,1,2025-02-14
ES8089943174026556748808,ES9400249647707859804987,suspiciousActivity,1,2025-01-24
ES2486707506421912462459,ES3080998436592330308281,sharedDevice,1,2025-01-13
ES1974400961353235622228,ES1478140193652890571946,suspiciousActivity,1,2025-02-22
ES4320981450409098702395,ES1352675669292624394020,suspiciousActivity,1,2025-01-14
ES2849063742375126437843,ES8555558255565484961746,suspiciousActivity,1,2025-01-18
ES2667954307485109986660,ES5680141750338652059699,commonOwner,1,2025-01-30
ES7589995242464348682278,ES5672504706052886373177,suspiciousActivity,1,2025-02-13
ES6193589292584310940203,ES9016625950658720369099,suspiciousActivity,1,2025-02-07
ES1390982630740411341356,ES0921709907517074322042,commonOwner,1,2025-02-10
ES5519913544640731010360,ES8536556231976531194048,sharedDevice,1,2025-02-14
ES5468203993779902023925,ES3485423244465861162500,commonOwner,1,2025-01-04
ES5987852034370778876144,ES2409709056262785875753,commonOwner,1,2025-01-10
ES9217159237960432167022,ES4959246107067748326989,commonOwner,1,2025-01-11
ES0459107936807456890696,ES6199994225353037442021,suspiciousActivity,1,2025-02-06
ES4536156963683347271608,ES0518413111726713395665,commonOwner,1,2025-02-05
ES3577758203856647890232,ES7729107768956311421285,commonOwner,1,2025-01-04
ES3648838751283044114186,ES4567656082945186236174,suspiciousActivity,1,2025-01-18
ES6352793156694488251465,ES2520628888914161316508,suspiciousActivity,1,2025-02-18
ES0586072653337532709378,ES9249056240926109063785,commonOwner,1,2025-01-20
ES4102963442817154495374,ES1860041498967007045416,suspiciousActivity,1,2025-01-17
ES2972977355777834538160,ES1734911537611316146985,commonOwner,1,2025-01-22
ES5920397484750775847455,ES0671374570615143362515,sharedDevice,1,2025-02-07
ES4915977757552945371644,ES7369707062521688048625,sharedDevice,1,2025-02-19
ES7740387598847819839301,ES2637347815936883721825,suspiciousActivity,1,2025-02-09
ES0475739697493382440323,ES5608188292488580120402,suspiciousActivity,1,2025-02-25
ES4348843176969335655671,ES8472416446314642838654,suspiciousActivity,1,2025-02-09
ES5093888340704078397595,ES6619843792025937718152,commonOwner,1,2025-01-23
ES0606203047144689829635,ES2356363806349646396978,sharedDevice,1,2025-02-25
ES5651126801193411703797,ES3455793800325302603457,sharedDevice,1,2025-01-20
ES4376413422057169786220,ES3721074837772563943131,sharedDevice,1,2025-01-27
ES9789916743215765289964,ES5583005330870672747039,sharedDevice,1,2025-02-06
ES9247391537713432376618,ES9291992882251588941497,commonOwner,1,2025-02-24
ES2712095558860728038549,ES4536156963683347271608,suspiciousActivity,1,2025-02-14
ES2526734560495812750782,ES6400219614303716501659,sharedDevice,1,2025-02-24
ES8471703774561937126869,ES4833375129241264134404,commonOwner,1,2025-01-06
ES2353288281232747518816,ES2271005230050804756774,commonOwner,1,2025-01-24
ES2621920460513166182184,ES5975735059688308706565,commonOwner,1,2025-02-16
ES0598934036196960876162,ES6352663983491525287731,commonOwner,1,2025-01-27
ES1375321256156836796247,ES0746630552228740891140,suspiciousActivity,1,2025-01-14
ES4773521955467951355519,ES2104376114988445143975,sharedDevice,1,2025-01-01
ES3865014538846360619148,ES1271582399127901510789,suspiciousActivity,1,2025-01-15
ES0543939602889317424963,ES1344929367741033244572,commonOwner,1,2025-01-18
ES6554979810448968727736,ES6289212608981349246603,commonOwner,1,2025-01-10
ES1898146578582526675399,ES1765121866213478659618,commonOwner,1,2025-02-11
ES1393736616650242033883,ES0616837103344283741631,suspiciousActivity,1,2025-01-19
ES3978714505440472960131,ES0660452484461801345740,suspiciousActivity,1,2025-01-10
ES9662582318391561421406,ES5667304429230682099302,commonOwner,1,2025-01-24
ES0422620647398985298515,ES5852866104086467955474,sharedDevice,1,2025-01-04
ES5136224433798770992559,ES1207655595066476530335,commonOwner,1,2025-02-20
ES8105934812082948631094,ES7278587213579164649956,suspiciousActivity,1,2025-01-13
ES1088708790572104865483,ES0916672384957097705552,suspiciousActivity,1,2025-01-21
ES6584617318124780959655,ES9265850900601169309387,suspiciousActivity,1,2025-01-09
ES7166558609894750021008,ES1653753485816153224621,sharedDevice,1,2025-02-05
ES0886132122721420666882,ES1616337994827191425133,commonOwner,1,2025-01-22
ES1778160038951054685432,ES8710593893241595046210,suspiciousActivity,1,2025-02-23
ES7330913638126271260748,ES7076310850247541299087,suspiciousActivity,1,2025-01-19
ES6552524687215554837659,ES5760510089322228014529,sharedDevice,1,2025-01-01
ES7671760195595103827764,ES2696489416476898728879,suspiciousActivity,1,2025-01-20
ES5749372169946035044684,ES2765410814313933870222,sharedDevice,1,2025-01-05
ES5159881318033110626407,ES3306463561558555389993,commonOwner,1,2025-02-07
ES1198565085688994143608,ES1868552435157326897192,sharedDevice,1,2025-01-15
ES7870775599902132489880,ES1930027049113832298487,suspiciousActivity,1,2025-01-28
ES3256693110934442741302,ES0893811340570314865988,suspiciousActivity,1,2025-02-06
ES1507383563900060780749,ES9421710171672466810699,commonOwner,1,2025-02-06
ES1142034300938436444850,ES1443609018530368203230,suspiciousActivity,1,2025-02-25
ES5583005330870672747039,ES7019296221924921403939,sharedDevice,1,2025-01-03
ES1566595662473818349406,ES1740176563463239701086,sharedDevice,1,2025-02-25
ES0609249267350678182195,ES0885804866535989692439,commonOwner,1,2025-01-08
ES2742539596207874570221,ES3972946371326158755491,sharedDevice,1,2025-01-30
ES2812987510856474817153,ES6770331263676574873263,sharedDevice,1,2025-01-16
ES5018494269107408422194,ES7825897034713726842362,suspiciousActivity,1,2025-01-06
ES4176434043300196108025,ES6337228534766458825331,commonOwner,1,2025-01-24
ES2697654561555436082733,ES2657065106341599856514,suspiciousActivity,1,2025-01-20
ES6167210746204793748474,ES0892125347735569441976,sharedDevice,1,2025-01-22
ES5013320635151448446453,ES4071840474767686829916,sharedDevice,1,2025-01-28
ES1043751592594872692136,ES9393052673632474562322,suspiciousActivity,1,2025-01-27
ES1642654953229385233444,ES8512828520715596216383,suspiciousActivity,1,2025-02-25
ES1926008958632373551829,ES0970483249462025039188,commonOwner,1,2025-01-23
ES6967009927397946823768,ES8496640835114645021314,suspiciousActivity,1,2025-02-14
ES1088708790572104865483,ES3283898432443310597935,commonOwner,1,2025-01-06
ES0347057638213024351711,ES8261244268232787202081,sharedDevice,1,2025-01-30
ES8553258673017221109682,ES5056021490644299973422,suspiciousActivity,1,2025-01-03
ES6337854064657423717933,ES1025911867637584880183,commonOwner,1,2025-02-01
ES1161302834530329978522,ES5762597103772943139546,sharedDevice,1,2025-02-21
ES0738131435132869681318,ES3269659795390060771155,suspiciousActivity,1,2025-02-05
ES3612113353398774554277,ES5662777540390714146439,commonOwner,1,2025-01-02
ES4754154953629730611643,ES2345971670373055230451,sharedDevice,1,2025-01-17
ES5134268131329680964287,ES0764182509724926081758,sharedDevice,1,2025-02-06
ES5613457083640888675663,ES7817784621571201478815,sharedDevice,1,2025-02-15
ES8536556231976531194048,ES3912819247436910314045,commonOwner,1,2025-02-08
ES6999763226590064130998,ES3757206038682510475386,sharedDevice,1,2025-01-15
ES0647084976412716357368,ES5523708869641107540586,commonOwner,1,2025-01-24
ES2071537238518135918145,ES6731305350051803508866,sharedDevice,1,2025-01-17
ES8659762387039383986670,ES4185913772625820613409,commonOwner,1,2025-01-19
ES2738375780074574012280,ES7870763603814157174765,commonOwner,1,2025-01-07
ES1309773841062547288618,ES2657065106341599856514,suspiciousActivity,1,2025-02-14
ES5902804910874772027658,ES9460885298075418556577,sharedDevice,1,2025-01-23
ES8663025868304825447678,ES9380744944305369846925,commonOwner,1,2025-02-18
ES4591027583365085698762,ES8018114554177853427860,sharedDevice,1,2025-02-20
ES3969503471863011439505,ES5096484075144215470968,commonOwner,1,2025-02-12
ES3757206038682510475386,ES1182057138470823559257,sharedDevice,1,2025-01-09
ES2884152174042968916803,ES5426635597844782897591,sharedDevice,1,2025-02-21
ES5908645044766020984255,ES5206448923783702581670,suspiciousActivity,1,2025-02-23
ES5026099521519272994053,ES7874871776324029786004,commonOwner,1,2025-01-24
ES2271508386638111417859,ES1366961813063243717279,sharedDevice,1,2025-02-16
ES4709642047815833996834,ES8136813806509360967469,suspiciousActivity,1,2025-01-24
ES3127331040469252122121,ES8785133353179836864268,sharedDevice,1,2025-02-19
ES4150819450766804186098,ES2183849012449864346701,sharedDevice,1,2025-01-09
ES1857908661210321953380,ES3019601837794578475471,commonOwner,1,2025-02-15
ES4729109918130259522487,ES5056021490644299973422,commonOwner,1,2025-01-14
ES8685829536624724312451,ES6127392591372125998173,sharedDevice,1,2025-01-10
ES8900687551731692494324,ES0254487940451090873844,sharedDevice,1,2025-01-12
ES7544499915143153728477,ES4800438012097482159348,commonOwner,1,2025-01-14
ES4205711583941226437541,ES1433379299732775142793,suspiciousActivity,1,2025-01-29
ES2451873976399183772322,ES2742539596207874570221,sharedDevice,1,2025-02-21
ES8140996845588376520899,ES8300665798817943000205,sharedDevice,1,2025-01-22
ES6836734527293868664265,ES5879523531570968647901,suspiciousActivity,1,2025-02-15
ES7146891851437401508768,ES7714248249229343840887,commonOwner,1,2025-01-29
ES4381095708773026845715,ES2031539104657865983904,commonOwner,1,2025-02-24
ES8214152689700927988439,ES2190783047934201879687,commonOwner,1,2025-02-09
ES7601309909378698310061,ES6016109065427838689030,commonOwner,1,2025-02-11
ES5056021490644299973422,ES2696489416476898728879,sharedDevice,1,2025-02-09
ES4071840474767686829916,ES3724769966395488944717,commonOwner,1,2025-01-11
ES1856586120487704849732,ES5118483061527090783173,suspiciousActivity,1,2025-01-18
ES1174919517809411964614,ES7183441184861734027582,commonOwner,1,2025-02-25
ES8759927023236844451378,ES5420741187502679744837,sharedDevice,1,2025-01-25
ES5864422526821722114468,ES4318154408987647612256,sharedDevice,1,2025-02-05
ES8261244268232787202081,ES9299543965757897123283,commonOwner,1,2025-02-15
ES0970483249462025039188,ES9811143058390449615952,commonOwner,1,2025-02-19
ES6466596670928432600566,ES0828525634517756472684,commonOwner,1,2025-01-16
ES2583075179073033870050,ES1279477089693885565810,suspiciousActivity,1,2025-02-04
ES3593425795708328441153,ES9829441051127097801805,commonOwner,1,2025-02-10
ES3909212306272101365805,ES1393736616650242033883,commonOwner,1,2025-01-27
ES4861793984992011321212,ES2625766207046894896321,suspiciousActivity,1,2025-01-10
ES3719884990127588583777,ES5473965443806688087510,sharedDevice,1,2025-01-27
ES6988195482935797452522,ES4671122008291042838092,commonOwner,1,2025-01-19
ES6662736078332358367379,ES3365133776964766704573,suspiciousActivity,1,2025-01-14
ES9421710171672466810699,ES8674420862456258048649,sharedDevice,1,2025-02-22
ES3235010978244854544283,ES7950528296982669265754,suspiciousActivity,1,2025-01-04
ES5920397484750775847455,ES2477556152604154111186,sharedDevice,1,2025-01-24
ES2691541123489001918283,ES7450917481869488530961,sharedDevice,1,2025-01-28
ES7120234426294357863021,ES3362858153155900337895,suspiciousActivity,1,2025-01-12
ES8356827820548510406726,ES8253636325153192388652,sharedDevice,1,2025-01-10
ES1879692392441981432102,ES5290107939421875510822,suspiciousActivity,1,2025-01-26
ES9247656567952907951984,ES4707567661224499143550,sharedDevice,1,2025-01-22
ES3215288565109695722457,ES9025668951585071000743,commonOwner,1,2025-02-04
ES2697654561555436082733,ES6427302031535675370062,sharedDevice,1,2025-02-10
ES8430167060965371270842,ES8602522756199717989035,suspiciousActivity,1,2025-01-14
ES4253604153608723724140,ES2188254958318654776235,suspiciousActivity,1,2025-02-17
ES7620905558895418480269,ES8694399505959591858057,suspiciousActivity,1,2025-02-17
ES5849691462671268700339,ES2249628900000006512087,suspiciousActivity,1,2025-02-19
ES9747406023983988356312,ES6673401745156104461362,suspiciousActivity,1,2025-02-19
ES3843680619058632775896,ES9883472324867801327767,commonOwner,1,2025-02-18
ES7921864976645843464013,ES7339469383579794392067,commonOwner,1,2025-01-19
ES7889305909459363559506,ES7601309909378698310061,suspiciousActivity,1,2025-01-26
ES3471520689603063726770,ES2503738528188098138333,suspiciousActivity,1,2025-02-12
ES7726777831654942123754,ES6282596111490483490002,commonOwner,1,2025-01-30
ES2757246552698605128252,ES3209586628674159951371,commonOwner,1,2025-01-22
ES2805381208960575879491,ES4139069286371186502031,sharedDevice,1,2025-02-17
ES3808994756541461626819,ES1139589136115711667537,suspiciousActivity,1,2025-02-15
ES7921864976645843464013,ES3420240665491075987601,suspiciousActivity,1,2025-02-17
ES1186070690122021761306,ES4112949422539290362990,suspiciousActivity,1,2025-02-03
ES0771663225732321594056,ES3471520689603063726770,suspiciousActivity,1,2025-01-16
ES1967992440613548798679,ES4959246107067748326989,suspiciousActivity,1,2025-02-23
ES7812273604355583672892,ES1161302834530329978522,sharedDevice,1,2025-02-14
ES4974971716387435346868,ES5955562019834998893192,sharedDevice,1,2025-01-01
ES3340661764492470050697,ES4705269978492857600720,suspiciousActivity,1,2025-01-03
ES7661597626888420085296,ES1768544835979642249293,sharedDevice,1,2025-01-16
ES5879523531570968647901,ES9620630151485562777796,sharedDevice,1,2025-01-01
ES6945146569512823639477,ES5128579874096185303105,suspiciousActivity,1,2025-01-11
ES8175047264413282776410,ES0979083610228001321451,commonOwner,1,2025-01-29
ES2757246552698605128252,ES5215060083282736454588,sharedDevice,1,2025-02-21
ES7403929817006442528406,ES2274418616415177983877,suspiciousActivity,1,2025-01-10
ES4645162730274781554017,ES4061170123216256342758,sharedDevice,1,2025-02-23
ES6337854064657423717933,ES6508688179450793566277,sharedDevice,1,2025-01-16
ES4513979835584243090405,ES6346485131965424487185,sharedDevice,1,2025-01-30
ES3737881370348599900573,ES2843901350441752862356,sharedDevice,1,2025-02-10
ES7726777831654942123754,ES6614476321468323087289,commonOwner,1,2025-02-11
ES1967992440613548798679,ES5358039231093948068921,commonOwner,1,2025-02-13
ES6279383378791178670648,ES9384121935146949451386,suspiciousActivity,1,2025-02-04
ES0562758913841282997146,ES5092664253261666436423,sharedDevice,1,2025-01-22
ES6068053239642389884407,ES7441002263992259672653,sharedDevice,1,2025-01-25
ES6232278487341606092940,ES4150819450766804186098,sharedDevice,1,2025-01-27
ES1995935487506337225289,ES2301684703467592481010,suspiciousActivity,1,2025-02-20
ES8161162828070527039191,ES1422049176798560292008,sharedDevice,1,2025-01-02
ES9124072292818445330363,ES7408716408315125030600,sharedDevice,1,2025-01-27
ES3000407067917644597871,ES0278777943583566171480,sharedDevice,1,2025-01-07
ES2495616905219965625840,ES4407620377009955577023,suspiciousActivity,1,2025-01-26
ES3185750866571689087030,ES3664664901865592801643,commonOwner,1,2025-01-20
ES6195287096722911887109,ES1139589136115711667537,suspiciousActivity,1,2025-01-31
ES1257700814371449476303,ES3724769966395488944717,sharedDevice,1,2025-02-06
ES7409631892748437633301,ES1285551796241303709871,sharedDevice,1,2025-02-05
ES7575935681644097088557,ES5247692976747822955613,sharedDevice,1,2025-01-20
ES8136637648725203337753,ES9240719071384963112194,commonOwner,1,2025-01-07
ES2137250440586916712389,ES8641548635852664663153,sharedDevice,1,2025-02-20
ES0276643357277334455389,ES3509446678256558378884,suspiciousActivity,1,2025-02-02
ES0660728322655807825482,ES2863274714713886694668,commonOwner,1,2025-01-15
ES6304034195040318948760,ES4536156963683347271608,suspiciousActivity,1,2025-02-15
ES3485423244465861162500,ES5784701673350546355970,suspiciousActivity,1,2025-02-12
ES3624241517788925819023,ES2819986285352080976655,suspiciousActivity,1,2025-02-24
ES9547331781548059571798,ES0425644270258800306276,suspiciousActivity,1,2025-02-17
ES2226350606026274502572,ES9811296749488686762763,commonOwner,1,2025-02-02
ES5680141750338652059699,ES9407297851812263976895,commonOwner,1,2025-02-08
ES2907977957935828135573,ES1198565085688994143608,sharedDevice,1,2025-01-26
ES4105544107136257199945,ES3787195094775952400898,sharedDevice,1,2025-01-08
ES4320981450409098702395,ES5418010976654172154505,sharedDevice,1,2025-01-09
ES0285536231221586043412,ES6886877065287776387877,suspiciousActivity,1,2025-01-25
ES8729291962045984607697,ES9689997341067194392167,suspiciousActivity,1,2025-01-10
ES2315841346868154497471,ES6626179580164207865822,suspiciousActivity,1,2025-02-10
ES6167210746204793748474,ES6832776788161294260909,sharedDevice,1,2025-02-08
ES8006206008714636660461,ES2436688681553225127270,sharedDevice,1,2025-02-07
ES2034421564008411495192,ES1443609018530368203230,commonOwner,1,2025-02-12
ES3854469931531802208141,ES2940854012187000241842,commonOwner,1,2025-01-06
ES6856238267063602087545,ES9114983511815952719875,suspiciousActivity,1,2025-02-09
ES4721449003568954099982,ES3805853147990579753099,sharedDevice,1,2025-02-17
ES9229842031464894698541,ES3970270121642476968991,suspiciousActivity,1,2025-02-11
ES2608965622657249915501,ES0979083610228001321451,commonOwner,1,2025-02-11
ES5667304429230682099302,ES3444387743879646223885,sharedDevice,1,2025-01-23
ES6776288265773877889469,ES3854469931531802208141,suspiciousActivity,1,2025-02-06
ES3707942721167129211540,ES7076310850247541299087,suspiciousActivity,1,2025-02-03
ES9261487901611882873499,ES7722517245673086813420,commonOwner,1,2025-02-01
ES9067616623792535414637,ES3745800070011883594048,sharedDevice,1,2025-01-19
ES3209586628674159951371,ES2495616905219965625840,sharedDevice,1,2025-02-13
ES3852156921421739645930,ES2725578089498971423736,commonOwner,1,2025-01-05
ES7949126162076345930615,ES4603719334719166621380,suspiciousActivity,1,2025-01-26
ES3063463560484280933024,ES8623151584777979762247,sharedDevice,1,2025-01-31
ES3200149142199138602156,ES2068967898839454346306,sharedDevice,1,2025-02-12
ES5013320635151448446453,ES5725826054934688931276,suspiciousActivity,1,2025-01-12
ES7045757407278798084622,ES4258986851716024061156,commonOwner,1,2025-01-27
ES2171449656321763387596,ES1285551796241303709871,suspiciousActivity,1,2025-01-10
ES5211258329780816395339,ES8536556231976531194048,commonOwner,1,2025-01-07
ES7409631892748437633301,ES3923140348986509811915,sharedDevice,1,2025-01-19
ES6337228534766458825331,ES5519913544640731010360,sharedDevice,1,2025-01-31
ES3938591314710418772010,ES6348584394710174090420,sharedDevice,1,2025-01-06
ES9738604271290946906124,ES0609249267350678182195,commonOwner,1,2025-02-17
ES9247391537713432376618,ES4940631707338526873327,commonOwner,1,2025-02-15
ES1577607097391088541031,ES8178922973735292219359,commonOwner,1,2025-02-17
ES3824676931766289490791,ES1009936234664477496809,suspiciousActivity,1,2025-02-10
ES8068234576706561280126,ES2641655157948696223775,sharedDevice,1,2025-02-08
ES3341366568568872886297,ES2323270009703019152799,sharedDevice,1,2025-02-11
ES1857814847692182195953,ES5514695386160532439566,sharedDevice,1,2025-02-01
ES3400550081218469840218,ES0881458269253897063042,commonOwner,1,2025-02-19
ES9384121935146949451386,ES5612614236988462821921,commonOwner,1,2025-01-13
ES8729308502556710737423,ES2987512914699480936024,sharedDevice,1,2025-02-21
ES8889661194447115776377,ES9496247170470755569543,suspiciousActivity,1,2025-01-27
ES4891166812984922404655,ES6750562826318767611047,suspiciousActivity,1,2025-01-03
ES9767338911274714604365,ES1648290793585964248856,commonOwner,1,2025-01-23
ES2271005230050804756774,ES4349228928769356376410,suspiciousActivity,1,2025-01-09
ES3941819759818261846015,ES7735419608951267015168,commonOwner,1,2025-02-18
ES0570757628836181125591,ES3722636159149236361542,commonOwner,1,2025-01-14
ES2136658072454523411397,ES4349228928769356376410,suspiciousActivity,1,2025-01-14
ES1629263410000841886696,ES3539780326206878294923,suspiciousActivity,1,2025-01-03
ES3719884990127588583777,ES3938591314710418772010,commonOwner,1,2025-01-06
ES7984099417693606785508,ES2272955746167112461117,suspiciousActivity,1,2025-01-26
ES1629263410000841886696,ES8868064860644912294775,commonOwner,1,2025-01-27
ES5016144843917128685583,ES8089030518433793767200,suspiciousActivity,1,2025-01-27
ES4026900767550803777431,ES4965850870790651198131,commonOwner,1,2025-01-03
ES5486054846360809741447,ES9865202212666595522087,suspiciousActivity,1,2025-02-14
ES5026099521519272994053,ES8457479646139435515392,commonOwner,1,2025-02-06
ES7799820026433827104790,ES4008007400146076088628,sharedDevice,1,2025-02-24
ES0965217823989834125829,ES2486707506421912462459,commonOwner,1,2025-01-04
ES4609985468382670349378,ES6552524687215554837659,sharedDevice,1,2025-02-17
ES1038803515085356193284,ES7029071214324784131879,sharedDevice,1,2025-02-07
ES8633340801640470671163,ES3427426372759101910112,commonOwner,1,2025-01-21
ES7364090695258749345517,ES2659247182405432217731,sharedDevice,1,2025-01-11
ES4671557600856982420056,ES0256778569030889590271,commonOwner,1,2025-02-24
ES4026900767550803777431,ES2559259549518866002103,suspiciousActivity,1,2025-01-14
ES5370848613183143592459,ES4228351343014472635525,commonOwner,1,2025-01-16
ES9494240857746892678579,ES0921709907517074322042,commonOwner,1,2025-02-12
ES1352675669292624394020,ES6882523724108964221582,commonOwner,1,2025-02-09
ES2812987510856474817153,ES2320958449833500056315,sharedDevice,1,2025-02-14
ES3231922905298584645593,ES6574534742982639612068,sharedDevice,1,2025-02-05
ES4714043038678186949406,ES7132468541023413690609,commonOwner,1,2025-01-08
ES1879692392441981432102,ES2849579537370079016196,suspiciousActivity,1,2025-01-17
ES3277505802677301293703,ES5224835852105030881812,sharedDevice,1,2025-01-07
ES5979224478086977647318,ES9876250924681282418927,sharedDevice,1,2025-01-05
ES6710725691336269477379,ES7028957922932021526980,commonOwner,1,2025-01-20
ES4231376491623925261183,ES6956877521327246216458,commonOwner,1,2025-01-26
ES2491174791671282640309,ES9747406023983988356312,sharedDevice,1,2025-02-23
ES0382707224332441622240,ES0598934036196960876162,suspiciousActivity,1,2025-02-23
ES4814962408296373643817,ES6494639225252170405947,commonOwner,1,2025-01-20
ES5938870596551987607192,ES9829363605359711497748,suspiciousActivity,1,2025-01-31
ES2940854012187000241842,ES8384223091433101191429,sharedDevice,1,2025-01-20
ES6220541632225493925721,ES7132681199474530613865,sharedDevice,1,2025-02-07
ES3808994756541461626819,ES0903390454298556908757,suspiciousActivity,1,2025-02-02
ES0924232575501583420749,ES6379315505579219772866,suspiciousActivity,1,2025-02-23
ES3502493750876802751584,ES5846128063540202250637,commonOwner,1,2025-01-16
ES5317034770119627388084,ES3452198279469298904737,commonOwner,1,2025-01-15
ES0932369878488019127078,ES2884152174042968916803,sharedDevice,1,2025-01-30
ES8694399505959591858057,ES4968179693390839797363,sharedDevice,1,2025-02-12
ES4527151455165559663487,ES8068234576706561280126,sharedDevice,1,2025-02-13
ES4535316040900466609583,ES7611733770484490341442,commonOwner,1,2025-01-16
ES3351853655233464694338,ES3474659833415498292438,commonOwner,1,2025-01-14
ES9315139296176248744515,ES0635190285060398786973,commonOwner,1,2025-02-11
ES5662777540390714146439,ES2040862046622983345277,sharedDevice,1,2025-02-08
ES4253621677113669643101,ES7338489702877784347790,commonOwner,1,2025-01-06
ES0544935308983271602991,ES8797058202566205645495,commonOwner,1,2025-01-15
ES7454576802544158763551,ES3688155377194931222170,suspiciousActivity,1,2025-02-24
ES3068254761069999723998,ES9836704131652278336974,sharedDevice,1,2025-01-02
ES8729874808355615511276,ES4341064946356027820523,sharedDevice,1,2025-01-26
ES0670886968247586882912,ES8685829536624724312451,sharedDevice,1,2025-01-16
ES3425106076274791246613,ES6584617318124780959655,commonOwner,1,2025-01-10
ES0942654336446323488703,ES8623151584777979762247,sharedDevice,1,2025-01-30
ES2933260650477411352623,ES7459442496038211701269,sharedDevice,1,2025-02-15
ES9700665486206533923016,ES0372792919364628105446,suspiciousActivity,1,2025-01-02
ES6826166225312328072759,ES1665589926783493679520,commonOwner,1,2025-01-24
ES6844442248424703344645,ES9811296749488686762763,suspiciousActivity,1,2025-02-06
ES2364619004271020017309,ES0828605948598793471456,sharedDevice,1,2025-02-15
ES7142406697384559385350,ES1194670525997358121383,commonOwner,1,2025-01-31
ES0529187790823759885995,ES5211258329780816395339,suspiciousActivity,1,2025-02-10
ES2520628888914161316508,ES1202945315319657248775,sharedDevice,1,2025-01-16
ES3951461854287178325723,ES8007600687753738075768,sharedDevice,1,2025-01-28
ES8496640835114645021314,ES0671374570615143362515,commonOwner,1,2025-02-18
ES5613457083640888675663,ES5553900553900154718040,commonOwner,1,2025-01-28
ES5343863935303821591494,ES4451913596233072976283,commonOwner,1,2025-01-24
ES6509262163588884151821,ES7964347594213026626598,suspiciousActivity,1,2025-01-03
ES8018114554177853427860,ES2742539596207874570221,suspiciousActivity,1,2025-01-03
ES4026900767550803777431,ES7877704726562020501074,commonOwner,1,2025-02-21
ES4800438012097482159348,ES9335865308572094071308,sharedDevice,1,2025-02-19
ES9521192394443339767999,ES1648290793585964248856,suspiciousActivity,1,2025-01-31
ES2696489416476898728879,ES7372042202202404382446,commonOwner,1,2025-01-30
ES6329100621131702000786,ES2536002375372445985720,sharedDevice,1,2025-01-24
ES8071236393793010967519,ES9028422886826747042379,commonOwner,1,2025-01-04
ES8915645899436799457945,ES6814387554102544767122,commonOwner,1,2025-01-11
ES7245193261864564470320,ES1764063716108686002351,commonOwner,1,2025-01-27
ES8605453665920833159312,ES6908236904048235237686,commonOwner,1,2025-01-03
ES1768544835979642249293,ES4417998374065391567844,suspiciousActivity,1,2025-01-29
ES4311421032378751053331,ES7403929817006442528406,sharedDevice,1,2025-01-12
ES9374186810091580569381,ES4591027583365085698762,suspiciousActivity,1,2025-02-25
ES4440870173953519386163,ES1523176626011150575830,suspiciousActivity,1,2025-02-07
ES5094797621534199098191,ES2884152174042968916803,commonOwner,1,2025-01-12
ES2809585156515640284045,ES5509318457992554011615,sharedDevice,1,2025-01-01
ES2659247182405432217731,ES8637348645811733021834,sharedDevice,1,2025-01-21
ES9850492379758329966244,ES3273322752272831191055,commonOwner,1,2025-02-16
ES8203510327931955366848,ES3509446678256558378884,sharedDevice,1,2025-02-07
ES3787195094775952400898,ES3722636159149236361542,commonOwner,1,2025-02-09
ES2717041087079107292093,ES1207655595066476530335,commonOwner,1,2025-02-20
ES6327929073748172496066,ES9249056240926109063785,suspiciousActivity,1,2025-02-03
ES9177521696777042628674,ES8553258673017221109682,suspiciousActivity,1,2025-01-01
ES0317771416911997030857,ES6212036486620049746369,sharedDevice,1,2025-02-07
ES1527630227284747607308,ES9028422886826747042379,sharedDevice,1,2025-02-23
ES0463999519937347425604,ES0214439475623676176536,suspiciousActivity,1,2025-02-09
ES3300058826121935834563,ES4139069286371186502031,suspiciousActivity,1,2025-02-18
ES3381004318092404181322,ES1038803515085356193284,suspiciousActivity,1,2025-01-14
ES1930027049113832298487,ES9829441051127097801805,commonOwner,1,2025-01-27
ES3725448490603821501501,ES5159881318033110626407,suspiciousActivity,1,2025-02-04
ES9481278569747398008009,ES8817857129645246092699,suspiciousActivity,1,2025-02-05
ES8141681582690077909894,ES2104039948748499734175,commonOwner,1,2025-02-15
ES2031636102039930945546,ES0948131909644404545915,suspiciousActivity,1,2025-02-14
ES3809114607377680045465,ES3572649238077861503648,commonOwner,1,2025-02-18
ES4900351596394931290595,ES1765121866213478659618,suspiciousActivity,1,2025-02-15
ES7726777831654942123754,ES1491211862389316157683,sharedDevice,1,2025-01-29
ES9551527276293850425223,ES3721074837772563943131,sharedDevice,1,2025-02-17
ES4645162730274781554017,ES1900108504059946623108,commonOwner,1,2025-02-17
ES2104039948748499734175,ES3502493750876802751584,suspiciousActivity,1,2025-01-10
ES4258986851716024061156,ES7835193527949814776216,commonOwner,1,2025-01-21
ES8021558370174413072223,ES5426635597844782897591,sharedDevice,1,2025-02-21
ES8007600687753738075768,ES4773521955467951355519,suspiciousActivity,1,2025-01-07
ES7175940721818039730790,ES6844442248424703344645,commonOwner,1,2025-02-21
ES5231008060629310405239,ES2272955746167112461117,commonOwner,1,2025-02-23
ES6119685919419010691156,ES7105792376861441410181,suspiciousActivity,1,2025-02-04
ES1507383563900060780749,ES8314708894725361861853,suspiciousActivity,1,2025-02-06
ES0555386974163876198726,ES0527334630066643536285,sharedDevice,1,2025-01-02
ES3790032228518947784462,ES2249628900000006512087,commonOwner,1,2025-01-27
ES4557042657552820530657,ES2923382085490865068984,sharedDevice,1,2025-01-09
ES0422620647398985298515,ES7296409053749353410690,commonOwner,1,2025-01-23
ES1999738942459992590721,ES6995743652343904714756,commonOwner,1,2025-01-23
ES2677557019814584941450,ES9521192394443339767999,sharedDevice,1,2025-02-23
ES4671557600856982420056,ES1847218831356945278530,sharedDevice,1,2025-02-08
ES9114983511815952719875,ES2933357859280488384816,suspiciousActivity,1,2025-01-05
ES7975318462795326594966,ES4209009530472506016636,suspiciousActivity,1,2025-01-29
ES4624294860566996025641,ES0328337554201206520528,sharedDevice,1,2025-01-28
ES7235512382485400737294,ES1228186364336808466347,commonOwner,1,2025-02-22
ES6897575940237752206699,ES0372792919364628105446,suspiciousActivity,1,2025-02-23
ES9836704131652278336974,ES8641548635852664663153,suspiciousActivity,1,2025-01-06
ES1373851925765580538897,ES3671806404647230305979,suspiciousActivity,1,2025-01-27
ES8623151584777979762247,ES7060271317154261434310,commonOwner,1,2025-01-27
ES3159743924817561206787,ES8772105547988481155699,suspiciousActivity,1,2025-01-11
ES1662296735879005294558,ES5519871936097562907202,suspiciousActivity,1,2025-02-04
ES6593780275992049629226,ES4446804869097140858154,commonOwner,1,2025-01-17
ES7620905558895418480269,ES2214502510000957787653,commonOwner,1,2025-02-11
ES6371979339545010392816,ES7330913638126271260748,suspiciousActivity,1,2025-02-21
ES7234922205904191206147,ES2274418616415177983877,sharedDevice,1,2025-01-24
ES6010133549514335879674,ES9473421096228270720024,suspiciousActivity,1,2025-01-05
ES0426779101140427117199,ES1309773841062547288618,sharedDevice,1,2025-02-19
ES2031539104657865983904,ES7844973767273775565142,sharedDevice,1,2025-01-05
ES2647935377778717420582,ES1194670525997358121383,suspiciousActivity,1,2025-02-15
ES7499866574411792971213,ES4028244289011652433163,suspiciousActivity,1,2025-01-13
ES0501128862949871820676,ES4891379968027356014789,sharedDevice,1,2025-01-20
ES4714232993003746955786,ES5927426611667347107334,sharedDevice,1,2025-01-02
ES4844789625921495700159,ES5841303885434716821751,sharedDevice,1,2025-02-18
ES2551104730231501230843,ES8336199258690112877893,commonOwner,1,2025-02-09
ES0752137474919547525637,ES5211258329780816395339,sharedDevice,1,2025-01-26
ES2863385797064124702749,ES9215559290629335993556,sharedDevice,1,2025-01-24
ES4429293857224293852503,ES4448710776318388553692,commonOwner,1,2025-02-01
ES2665098160056829096363,ES7235824981983961876953,suspiciousActivity,1,2025-01-01
ES2717041087079107292093,ES7935949315320123922995,commonOwner,1,2025-02-20
ES4564908409608046876896,ES4486796469224656105536,sharedDevice,1,2025-02-05
ES1740176563463239701086,ES0586072653337532709378,commonOwner,1,2025-02-18
ES5468203993779902023925,ES8513084206163459422189,commonOwner,1,2025-02-20
ES4082674966275101522969,ES5163665426941515067674,commonOwner,1,2025-01-23
ES4322002184101971607666,ES5318918147334707918527,commonOwner,1,2025-02-08
ES2031539104657865983904,ES2667954307485109986660,commonOwner,1,2025-01-15
ES8814675066517116942585,ES6339269988906350508346,sharedDevice,1,2025-02-22
ES0248989348471896770967,ES5325186256647721235101,sharedDevice,1,2025-01-18
ES5473965443806688087510,ES4239110779668843619856,sharedDevice,1,2025-01-25
ES8187838621945608549507,ES0930826946958376442101,commonOwner,1,2025-01-13
ES0487820997116947578126,ES7975039249676126494921,suspiciousActivity,1,2025-01-11
ES4841671455635145927022,ES3391800519726783454689,sharedDevice,1,2025-02-02
ES1255306512600814481000,ES5094797621534199098191,commonOwner,1,2025-02-05
ES1631969071638732570970,ES6010133549514335879674,commonOwner,1,2025-02-01
ES7818654554373280613581,ES3941819759818261846015,suspiciousActivity,1,2025-01-09
ES6586131758303248410651,ES8659762387039383986670,suspiciousActivity,1,2025-02-20
ES1462896888719562990940,ES1091749413555013358449,commonOwner,1,2025-02-02
ES8641548635852664663153,ES4567656082945186236174,suspiciousActivity,1,2025-02-14
ES4093121927564395769972,ES4138949485988157538105,suspiciousActivity,1,2025-01-15
ES5215060083282736454588,ES4593485216310701683502,commonOwner,1,2025-01-16
ES0713992518826883338478,ES0900178392372263899802,suspiciousActivity,1,2025-01-01
ES4341064946356027820523,ES6508688179450793566277,suspiciousActivity,1,2025-02-25
ES7904588332194967214545,ES8208339435322743646164,commonOwner,1,2025-02-06
ES2445146132787767056391,ES4074606074444447561782,commonOwner,1,2025-02-20
ES6339269988906350508346,ES4754576503237757580901,suspiciousActivity,1,2025-02-19
ES5837329656642811585973,ES1926008958632373551829,sharedDevice,1,2025-01-18
ES4066858025745201865553,ES1129659788089629105379,suspiciousActivity,1,2025-01-22
ES6300681750427928694037,ES0965474317577533196813,suspiciousActivity,1,2025-02-14
ES5685792370127725752077,ES6673401745156104461362,sharedDevice,1,2025-01-06
ES6463505427724631526297,ES1900108504059946623108,suspiciousActivity,1,2025-01-15
ES7140640294661559306578,ES7029071214324784131879,suspiciousActivity,1,2025-02-16
ES9440567266180383895913,ES4933200311077598942385,suspiciousActivity,1,2025-01-25
ES2547505047104735804218,ES0768436012198786977943,sharedDevice,1,2025-01-05
ES2233603837036705985599,ES9620630151485562777796,suspiciousActivity,1,2025-02-20
ES9315139296176248744515,ES0670886968247586882912,sharedDevice,1,2025-01-15
ES2610399085970120748636,ES9496661592173219289961,sharedDevice,1,2025-01-21
ES4448710776318388553692,ES8165232745830084977914,commonOwner,1,2025-02-14
ES7408716408315125030600,ES4567656082945186236174,suspiciousActivity,1,2025-01-20
ES2625766207046894896321,ES1491211862389316157683,suspiciousActivity,1,2025-02-20
ES9869523027727457803368,ES9171552488007495057746,commonOwner,1,2025-02-02
ES0523967906111322118731,ES0459107936807456890696,sharedDevice,1,2025-01-28
ES7965253554999025444149,ES2183849012449864346701,commonOwner,1,2025-01-12
ES1252518219131305083058,ES6220541632225493925721,sharedDevice,1,2025-02-11
ES0900178392372263899802,ES4849087814676392731607,commonOwner,1,2025-01-02
ES0490750219405157521318,ES8018114554177853427860,suspiciousActivity,1,2025-02-25
ES5852866104086467955474,ES9496247170470755569543,sharedDevice,1,2025-01-27
ES1279477089693885565810,ES8596333528464733621580,suspiciousActivity,1,2025-01-01
ES3729849526641543356273,ES3107618648167542192925,commonOwner,1,2025-02-16
ES9247391537713432376618,ES6258250743665952605226,commonOwner,1,2025-01-28
ES8079111047206294147161,ES3995806552057249624493,suspiciousActivity,1,2025-02-07
ES8572209776742916094999,ES4956190267298901406015,sharedDevice,1,2025-01-01
ES0451862188102699518034,ES3958246517410413104321,suspiciousActivity,1,2025-02-06
ES6149316874724750560009,ES1986595490743648811829,suspiciousActivity,1,2025-02-01
ES9116251818386016055174,ES7483897480461188988707,suspiciousActivity,1,2025-02-04
ES8430167060965371270842,ES3912819247436910314045,commonOwner,1,2025-01-17
ES1470000042672495310537,ES9229842031464894698541,commonOwner,1,2025-02-11
ES9818837057748099217580,ES6873987325032163105402,sharedDevice,1,2025-02-16
ES4671557600856982420056,ES3039451876442526512912,commonOwner,1,2025-02-06
ES9716548339968763778220,ES6211592076250631028279,sharedDevice,1,2025-02-15
ES5469151403121185391317,ES4446804869097140858154,sharedDevice,1,2025-01-28
ES3161178676684160743037,ES7499866574411792971213,commonOwner,1,2025-01-30
ES9521192394443339767999,ES9103279084870970774050,commonOwner,1,2025-01-03
ES5530834116730447232362,ES3297339431398571892633,suspiciousActivity,1,2025-01-27
ES5575245716343648741358,ES3157273745265740975105,suspiciousActivity,1,2025-01-21
ES9067616623792535414637,ES7949126162076345930615,suspiciousActivity,1,2025-02-09
ES8336199258690112877893,ES4693608332849750592166,commonOwner,1,2025-02-03
ES1999300954353977475906,ES6714416750246896926808,sharedDevice,1,2025-01-09
ES4870664695106588793457,ES9354217231809532278683,commonOwner,1,2025-02-01
ES9762627043636844659448,ES4940631707338526873327,sharedDevice,1,2025-02-10
ES9734064746602963855805,ES8687810974632819558342,commonOwner,1,2025-02-05
ES8279712541295461016259,ES3078384505000593189108,commonOwner,1,2025-02-13
ES8637348645811733021834,ES7172079620243580654471,sharedDevice,1,2025-02-06
ES2039761002560322103376,ES3843680619058632775896,sharedDevice,1,2025-01-12
ES6862685995071107537222,ES1791550426384843723579,sharedDevice,1,2025-01-21
ES6999763226590064130998,ES8292124859458741739187,commonOwner,1,2025-02-18
ES8993549584475112317576,ES5651947188537092923630,commonOwner,1,2025-01-23
ES3482091879307405725853,ES9387995450504095748983,suspiciousActivity,1,2025-02-19
ES1980921071542365421838,ES8889661194447115776377,sharedDevice,1,2025-01-14
ES3363774302719263739268,ES1422049176798560292008,commonOwner,1,2025-02-06
ES6149316874724750560009,ES0714518365470328444413,sharedDevice,1,2025-01-16
ES2940670882802388131392,ES2765410814313933870222,suspiciousActivity,1,2025-01-12
ES7403929817006442528406,ES3236141413689621546070,suspiciousActivity,1,2025-01-11
ES2923382085490865068984,ES8419504458912328989141,sharedDevice,1,2025-01-13
ES7871863627311760991484,ES3489153859031191542953,sharedDevice,1,2025-01-22
ES2923382085490865068984,ES3951461854287178325723,sharedDevice,1,2025-01-16
ES2536002375372445985720,ES0508246724089991437139,suspiciousActivity,1,2025-01-06
ES0834357219680447348546,ES4826322338986112018824,commonOwner,1,2025-01-13
ES7669951287599145258249,ES9035915227990431402931,suspiciousActivity,1,2025-02-11
ES6611260443620804808087,ES4567656082945186236174,commonOwner,1,2025-02-25
ES4844789625921495700159,ES2104376114988445143975,suspiciousActivity,1,2025-02-05
ES0578871017220056514506,ES4376413422057169786220,suspiciousActivity,1,2025-02-15
ES1478140193652890571946,ES3728302302571994869902,sharedDevice,1,2025-02-23
ES6326315505829657290784,ES6703904978962424880984,suspiciousActivity,1,2025-01-10
ES0349161197561917605433,ES7589995242464348682278,commonOwner,1,2025-01-07
ES5737993326985534708399,ES2301684703467592481010,sharedDevice,1,2025-02-18
ES8993549584475112317576,ES3485423244465861162500,sharedDevice,1,2025-01-05
ES3865014538846360619148,ES4474721483213826392086,commonOwner,1,2025-01-26
ES6326315505829657290784,ES9400249647707859804987,commonOwner,1,2025-02-08
ES1675289449722790865041,ES8817857129645246092699,commonOwner,1,2025-02-02
ES3474659833415498292438,ES3386472695712029239622,commonOwner,1,2025-01-24
ES4788603228299582800219,ES9802234573957806527242,sharedDevice,1,2025-02-11
ES3378971111992344449923,ES0691581871552464592133,sharedDevice,1,2025-01-16
ES7319893049042511598465,ES3912819247436910314045,commonOwner,1,2025-02-04
ES3107618648167542192925,ES2445146132787767056391,suspiciousActivity,1,2025-02-22
ES4961930153220892753636,ES7799820026433827104790,suspiciousActivity,1,2025-02-20
ES5902804910874772027658,ES8110314498399499114740,suspiciousActivity,1,2025-01-03
ES1161302834530329978522,ES3340661764492470050697,suspiciousActivity,1,2025-02-09
ES5016387544522338843440,ES4707567661224499143550,commonOwner,1,2025-01-28
ES9791269881012245319848,ES7587831954848952619052,suspiciousActivity,1,2025-02-08
ES1043751592594872692136,ES5519871936097562907202,commonOwner,1,2025-01-24
ES3108606602116884916355,ES1375321256156836796247,sharedDevice,1,2025-01-17
ES5897054567391934085273,ES4114286291777418815322,sharedDevice,1,2025-01-24
ES4125737484832248761607,ES0886132122721420666882,commonOwner,1,2025-01-24
ES5561835311227724425662,ES2975748808499201694487,suspiciousActivity,1,2025-02-02
ES0578871017220056514506,ES6078187691121313943426,suspiciousActivity,1,2025-01-25
ES2126682848204571642190,ES1207655595066476530335,sharedDevice,1,2025-02-13
ES5247692976747822955613,ES4861793984992011321212,commonOwner,1,2025-01-15
ES9593154800903003636911,ES8054443483553851289994,suspiciousActivity,1,2025-01-04
ES8519582572546025862313,ES5556401320267836524805,suspiciousActivity,1,2025-02-21
ES5093888340704078397595,ES5849691462671268700339,commonOwner,1,2025-02-03
ES4125737484832248761607,ES0372792919364628105446,commonOwner,1,2025-01-10
ES5061945507179736578277,ES4884216498803600318534,suspiciousActivity,1,2025-02-18
ES0817564670499638312983,ES5155364013640233942795,commonOwner,1,2025-01-24
ES8858515439183191285680,ES7369707062521688048625,sharedDevice,1,2025-02-22
ES4757531323411484583511,ES7195371687435952783195,commonOwner,1,2025-01-04
ES6302928618404522312312,ES2649132277533120494233,commonOwner,1,2025-02-18
ES3731183511877807234408,ES1835939052414214173306,sharedDevice,1,2025-02-17
ES0988645520961603428725,ES3062461109410646676593,suspiciousActivity,1,2025-02-07
ES5026099521519272994053,ES6944917967329929588040,sharedDevice,1,2025-02-25
ES3380453447726421438000,ES4185913772625820613409,commonOwner,1,2025-01-13
ES4705269978492857600720,ES0919927893022469129931,suspiciousActivity,1,2025-02-13
ES6016109065427838689030,ES0691581871552464592133,sharedDevice,1,2025-01-07
ES5474886619502606151665,ES6370765824389310700439,suspiciousActivity,1,2025-02-21
ES7014977834415057898987,ES9115297422783437666600,sharedDevice,1,2025-02-14
ES6995743652343904714756,ES0508246724089991437139,suspiciousActivity,1,2025-01-17
ES9291992882251588941497,ES1433379299732775142793,suspiciousActivity,1,2025-01-25
ES3927228281265090567901,ES7949126162076345930615,commonOwner,1,2025-01-17
ES6878979870943618713808,ES8716735105443626424546,suspiciousActivity,1,2025-01-07
ES2272955746167112461117,ES8460447359882703026512,suspiciousActivity,1,2025-02-24
ES9830520431796806931660,ES5555173907028883702005,commonOwner,1,2025-02-23
ES3474659833415498292438,ES9670089194441964364039,suspiciousActivity,1,2025-01-05
ES1443609018530368203230,ES9700665486206533923016,commonOwner,1,2025-02-07
ES3472452000312339468067,ES0873410586797756007245,sharedDevice,1,2025-02-22
ES9003084824802721751774,ES6289212608981349246603,sharedDevice,1,2025-01-12
ES4609985468382670349378,ES8512828520715596216383,suspiciousActivity,1,2025-01-24
ES8163805502060140998825,ES9695897649472656390864,suspiciousActivity,1,2025-01-06
ES4624294860566996025641,ES9040515401313257353657,suspiciousActivity,1,2025-01-19
ES5425693083161591145310,ES2560720874154218055419,commonOwner,1,2025-02-08
ES8465315543270002038001,ES1791550426384843723579,sharedDevice,1,2025-01-23
ES1130094311377587592980,ES3256693110934442741302,sharedDevice,1,2025-02-11
ES9204080759749504293648,ES3761796208317930546392,sharedDevice,1,2025-01-06
ES0645602198235637888597,ES2677557019814584941450,sharedDevice,1,2025-02-25
ES8637348645811733021834,ES8772105547988481155699,suspiciousActivity,1,2025-01-30
ES0463999519937347425604,ES8969263866011388540788,suspiciousActivity,1,2025-01-07
ES3000407067917644597871,ES4535316040900466609583,commonOwner,1,2025-01-01
ES1854173122855393817817,ES7771770336939629024944,sharedDevice,1,2025-02-21
ES2682821298256949155858,ES0622243748340843830591,commonOwner,1,2025-02-24
ES3000407067917644597871,ES7587831954848952619052,commonOwner,1,2025-02-11
ES0534033160706698525697,ES5511558491563010273330,commonOwner,1,2025-01-29
ES4876041064108654317837,ES0393612126817505978199,sharedDevice,1,2025-02-19
ES9475665793527832048149,ES9336291116392689486450,commonOwner,1,2025-01-27
ES4139069286371186502031,ES4240785362645386576609,suspiciousActivity,1,2025-02-17
ES5864422526821722114468,ES4588733653054991607579,sharedDevice,1,2025-01-30
ES4784274337769268762561,ES8136637648725203337753,sharedDevice,1,2025-01-12
ES2608676394760451028947,ES8772105547988481155699,commonOwner,1,2025-02-16
ES7835193527949814776216,ES0964307490630788863752,suspiciousActivity,1,2025-02-15
ES8226874597831573690560,ES3539780326206878294923,commonOwner,1,2025-01-13
ES1812636909412209566351,ES7368416511387601792582,commonOwner,1,2025-02-11
ES5612614236988462821921,ES0738131435132869681318,commonOwner,1,2025-01-03
ES0834357219680447348546,ES2104376114988445143975,sharedDevice,1,2025-02-15
ES8453823828900581682706,ES3676817671122949378299,sharedDevice,1,2025-02-12
ES4135833216616126800611,ES2011904692124990272502,commonOwner,1,2025-02-02
ES4205711583941226437541,ES5322470174163202919279,suspiciousActivity,1,2025-02-22
ES5997371163861681117349,ES1665589926783493679520,suspiciousActivity,1,2025-01-11
ES7611733770484490341442,ES5132950831840604188642,commonOwner,1,2025-02-05
ES6731305350051803508866,ES2778210601286484300259,commonOwner,1,2025-02-09
ES8716735105443626424546,ES2475852645308599511435,suspiciousActivity,1,2025-02-07
ES7014977834415057898987,ES2478233592091157035051,suspiciousActivity,1,2025-01-02
ES9753321715480805044309,ES3242954593293445046650,sharedDevice,1,2025-02-23
ES2611373706430389874294,ES1209596357792636793710,commonOwner,1,2025-01-30
ES8788048831038262625986,ES3000407067917644597871,commonOwner,1,2025-01-06
ES2383758411397772893103,ES0768436012198786977943,suspiciousActivity,1,2025-02-22
ES6750562826318767611047,ES9627550562748741324498,suspiciousActivity,1,2025-01-13
ES9829363605359711497748,ES4265401800268089981220,sharedDevice,1,2025-01-23
ES9003084824802721751774,ES8368472737642461115062,commonOwner,1,2025-01-12
ES7261462439940481643294,ES1937506557159301830550,commonOwner,1,2025-01-17
ES2617691976198340548447,ES1930027049113832298487,sharedDevice,1,2025-01-30
ES3761796208317930546392,ES7483897480461188988707,commonOwner,1,2025-02-12
ES6263284705898525211640,ES2778210601286484300259,commonOwner,1,2025-02-19
ES6892902768828734833940,ES4354609178505634061782,commonOwner,1,2025-01-25
ES7076524774671594568604,ES1862037053317606618541,sharedDevice,1,2025-02-17
ES8524917783590417161459,ES0922339453507446146347,suspiciousActivity,1,2025-01-13
ES0930826946958376442101,ES9540274163553071791050,commonOwner,1,2025-01-02
ES0959757367122906552134,ES6862685995071107537222,suspiciousActivity,1,2025-01-04
ES2581925481006736698228,ES3825692808414529660603,suspiciousActivity,1,2025-01-11
ES5762597103772943139546,ES5016144843917128685583,suspiciousActivity,1,2025-01-21
ES9040515401313257353657,ES0355474245885320019180,commonOwner,1,2025-01-28
ES1675289449722790865041,ES0916015699111696843314,suspiciousActivity,1,2025-01-28
ES3331851559961018869785,ES7874871776324029786004,suspiciousActivity,1,2025-02-06
ES6554979810448968727736,ES0635190285060398786973,suspiciousActivity,1,2025-02-03
ES2136658072454523411397,ES6844442248424703344645,commonOwner,1,2025-02-15
ES5109517735483354531846,ES4296485409636190724658,suspiciousActivity,1,2025-01-05
ES9811143058390449615952,ES9218089785470551383498,suspiciousActivity,1,2025-01-15
ES1765121866213478659618,ES2071537238518135918145,commonOwner,1,2025-01-05
ES2720018912571636760114,ES5278859527816122695962,commonOwner,1,2025-01-13
ES2571184309528108009667,ES3520280217099545012340,suspiciousActivity,1,2025-02-10
ES3801367280647574946439,ES7935949315320123922995,commonOwner,1,2025-01-11
ES8947926528728348532994,ES4071840474767686829916,suspiciousActivity,1,2025-02-25
ES7707547646225407528126,ES0800646638337701027832,sharedDevice,1,2025-01-03
ES3729849526641543356273,ES8729874808355615511276,sharedDevice,1,2025-02-25
ES0278757066422030322797,ES6530717697812952390242,commonOwner,1,2025-02-06
ES6895548588851595790958,ES1880012972530079705880,suspiciousActivity,1,2025-01-10
ES1878184737700995406113,ES9351188224863866637575,sharedDevice,1,2025-01-13
ES5290107939421875510822,ES7867447137224533456424,commonOwner,1,2025-01-10
ES2068967898839454346306,ES3909212306272101365805,suspiciousActivity,1,2025-02-04
ES8471703774561937126869,ES0391890977288016081021,suspiciousActivity,1,2025-01-29
ES6609569972705050542587,ES8716735105443626424546,commonOwner,1,2025-01-15
ES4840951730507141670481,ES5952356326766057491499,commonOwner,1,2025-01-03
ES0320787514725390874996,ES2641655157948696223775,sharedDevice,1,2025-02-02
ES1260068123883033023406,ES2710724337419643059713,suspiciousActivity,1,2025-02-25
ES2947253995033114263176,ES1228186364336808466347,sharedDevice,1,2025-02-19
ES1423032833191389238432,ES7601309909378698310061,commonOwner,1,2025-01-15
ES6626179580164207865822,ES0528858859460970781872,suspiciousActivity,1,2025-01-04
ES0320787514725390874996,ES1744370962262299709468,sharedDevice,1,2025-01-22
ES9829441051127097801805,ES4129074525234470363479,sharedDevice,1,2025-01-01
ES5290107939421875510822,ES0647084976412716357368,suspiciousActivity,1,2025-02-24
ES8379627076613823378138,ES6799029635583137362265,suspiciousActivity,1,2025-02-06
ES2712095558860728038549,ES1566595662473818349406,sharedDevice,1,2025-01-10
ES5159881318033110626407,ES2536002375372445985720,sharedDevice,1,2025-02-23
ES1059433136275743162867,ES4773521955467951355519,suspiciousActivity,1,2025-01-03
ES6463505427724631526297,ES4150819450766804186098,commonOwner,1,2025-01-28
ES1173588100904144149178,ES3304734464797313179183,sharedDevice,1,2025-01-16
ES3142996280609202975611,ES4862274808486470656267,commonOwner,1,2025-02-16
ES5255302493212921953433,ES4150819450766804186098,commonOwner,1,2025-02-07
ES5143504341962983695383,ES4071840474767686829916,commonOwner,1,2025-02-02
ES8746240738537777191343,ES4258986851716024061156,sharedDevice,1,2025-02-13
ES4519414512405747189399,ES2491174791671282640309,suspiciousActivity,1,2025-02-22
ES1245872198775742944287,ES7722517245673086813420,suspiciousActivity,1,2025-02-11
ES0367616567788892153129,ES8503889593693451825582,commonOwner,1,2025-01-20
ES7722517245673086813420,ES8261244268232787202081,sharedDevice,1,2025-02-05
ES0670886968247586882912,ES8575334718008358150265,sharedDevice,1,2025-01-21
ES3157078065072107517830,ES7601309909378698310061,suspiciousActivity,1,2025-01-05
ES1734911537611316146985,ES8187838621945608549507,sharedDevice,1,2025-01-28
ES5426635597844782897591,ES9028422886826747042379,suspiciousActivity,1,2025-02-23
ES5092664253261666436423,ES6237843700402926890382,commonOwner,1,2025-01-11
ES6292945657319564531311,ES1847218831356945278530,commonOwner,1,2025-01-16
ES6335518927080117297078,ES9421710171672466810699,suspiciousActivity,1,2025-02-09
ES4637135697889873248923,ES2196361802741364976432,commonOwner,1,2025-01-13
ES2451021739625676745936,ES0667433592664206536557,suspiciousActivity,1,2025-01-12
ES3157273745265740975105,ES4141913852557455511323,suspiciousActivity,1,2025-01-23
ES8377269036225078128063,ES0886132122721420666882,commonOwner,1,2025-02-06
ES4815660343289553707550,ES1692952360941985905360,sharedDevice,1,2025-01-27
ES3727240534898900760257,ES3912819247436910314045,commonOwner,1,2025-02-08
ES8814675066517116942585,ES8572209776742916094999,suspiciousActivity,1,2025-02-02
ES8364812841892765053572,ES1235905781210753920651,sharedDevice,1,2025-02-14
ES2809585156515640284045,ES0892125347735569441976,commonOwner,1,2025-02-13
ES1999738942459992590721,ES9014770809081211630725,commonOwner,1,2025-01-24
ES5049578284893190093173,ES0859613824046107648791,suspiciousActivity,1,2025-01-14
ES4591219591946935809590,ES2477556152604154111186,suspiciousActivity,1,2025-01-05
ES4525041329963487262406,ES3306463561558555389993,commonOwner,1,2025-01-21
ES2873572194294570146758,ES4818657588958113985390,commonOwner,1,2025-01-19
ES5523348827469414868688,ES0971633495997926446915,suspiciousActivity,1,2025-02-14
ES5673681569110747113600,ES4876041064108654317837,sharedDevice,1,2025-01-21
ES3173044234472933785051,ES9162441075961630186336,sharedDevice,1,2025-02-25
ES3671806404647230305979,ES0544935308983271602991,commonOwner,1,2025-01-29
ES9590109242557586738883,ES3610297351550411235367,sharedDevice,1,2025-02-18
ES0724143818833946585842,ES2637347815936883721825,sharedDevice,1,2025-02-18
ES2227785921446359390831,ES1862037053317606618541,suspiciousActivity,1,2025-02-01
ES8261111892521343924279,ES9777470298996063290444,sharedDevice,1,2025-02-07
ES7140640294661559306578,ES8097472101627504143878,commonOwner,1,2025-02-03
ES5127708723582362075571,ES4296485409636190724658,suspiciousActivity,1,2025-01-08
ES4389425069650716516109,ES1142034300938436444850,sharedDevice,1,2025-02-02
ES2709482350296083600922,ES9215559290629335993556,suspiciousActivity,1,2025-01-11
ES9830822031122306559811,ES5020359765955282094815,suspiciousActivity,1,2025-01-06
ES3161750061027524525720,ES2009100568815657785848,suspiciousActivity,1,2025-01-14
ES2764708467095519414146,ES9380744944305369846925,commonOwner,1,2025-02-16
ES8465315543270002038001,ES3063463560484280933024,sharedDevice,1,2025-01-05
ES9114983511815952719875,ES1756768247594137642017,commonOwner,1,2025-02-03
ES9590109242557586738883,ES2031539104657865983904,sharedDevice,1,2025-01-17
ES5934180294801174233074,ES2031636102039930945546,commonOwner,1,2025-01-31
ES5583005330870672747039,ES0391890977288016081021,commonOwner,1,2025-02-19
ES6010133549514335879674,ES8297352509009955108092,commonOwner,1,2025-01-19
ES6522902728615700293410,ES4714043038678186949406,suspiciousActivity,1,2025-02-05
ES6619843792025937718152,ES7296409053749353410690,suspiciousActivity,1,2025-01-21
ES7870775599902132489880,ES7408716408315125030600,sharedDevice,1,2025-01-25
ES2933357859280488384816,ES3724769966395488944717,commonOwner,1,2025-02-23
ES4849087814676392731607,ES8678964286948279323214,suspiciousActivity,1,2025-02-07
ES2000024946577503207530,ES7105792376861441410181,sharedDevice,1,2025-01-21
ES0278777943583566171480,ES2736503132234617936634,sharedDevice,1,2025-02-09
ES4038447944585471933218,ES3729849526641543356273,commonOwner,1,2025-01-28
ES2233603837036705985599,ES1130142245144112936907,commonOwner,1,2025-02-04
ES5908645044766020984255,ES5897054567391934085273,suspiciousActivity,1,2025-01-18
ES8304223822699999094759,ES8141681582690077909894,commonOwner,1,2025-02-19
ES4535316040900466609583,ES9365125980888021344357,suspiciousActivity,1,2025-02-02
ES2110503576121433058001,ES5749372169946035044684,sharedDevice,1,2025-01-18
ES8671900136331895323916,ES7142406697384559385350,suspiciousActivity,1,2025-01-11
ES1875890239748386951798,ES6400219614303716501659,sharedDevice,1,2025-02-12
ES3092507254570517498425,ES3157078065072107517830,sharedDevice,1,2025-01-14
ES6878979870943618713808,ES3471520689603063726770,sharedDevice,1,2025-01-16
ES8915645899436799457945,ES6009290712836167981229,sharedDevice,1,2025-02-01
ES2577256397395143665543,ES7131196208264078997180,suspiciousActivity,1,2025-01-22
ES3351730215443626378328,ES7450917481869488530961,commonOwner,1,2025-01-06
ES8674420862456258048649,ES9177521696777042628674,suspiciousActivity,1,2025-02-01
ES7014270856056787601225,ES3904401967335444751247,suspiciousActivity,1,2025-01-01
ES8460447359882703026512,ES4844789625921495700159,commonOwner,1,2025-02-07
ES3129869547551859079784,ES3671806404647230305979,commonOwner,1,2025-02-16
ES6017480049775942907987,ES3044534302535465235508,sharedDevice,1,2025-01-27
ES8746240738537777191343,ES0288319951702993918924,suspiciousActivity,1,2025-02-20
ES2520628888914161316508,ES8637348645811733021834,sharedDevice,1,2025-02-05
ES7403929817006442528406,ES3916054162740245141927,suspiciousActivity,1,2025-02-18
ES3014779069326140874805,ES2293505118407064448938,commonOwner,1,2025-01-11
ES8257062460036222175804,ES4486796469224656105536,sharedDevice,1,2025-01-08
ES1880012972530079705880,ES1468879279948520054572,sharedDevice,1,2025-01-28
ES6908236904048235237686,ES3063463560484280933024,suspiciousActivity,1,2025-01-07
ES1228186364336808466347,ES5343474896214137851275,commonOwner,1,2025-01-24
ES1558633887569761613629,ES7669951287599145258249,commonOwner,1,2025-02-09
ES8881021624080117597866,ES4309513593239395221412,sharedDevice,1,2025-02-07
ES7172079620243580654471,ES4591027583365085698762,sharedDevice,1,2025-01-19
ES3854469931531802208141,ES3889339327436555381925,sharedDevice,1,2025-01-25
ES3236141413689621546070,ES8437844063728676234868,commonOwner,1,2025-02-22
ES8993549584475112317576,ES8057445779727273051145,suspiciousActivity,1,2025-02-14
ES5784701673350546355970,ES1198565085688994143608,sharedDevice,1,2025-02-11
ES8280950076656255828650,ES0578871017220056514506,suspiciousActivity,1,2025-01-04
ES7369707062521688048625,ES1460654087629773538998,suspiciousActivity,1,2025-01-21
ES1648715541356419746728,ES7554621770951883099001,sharedDevice,1,2025-02-18
ES9354217231809532278683,ES1851936673136565534083,suspiciousActivity,1,2025-01-24
ES0570757628836181125591,ES3173044234472933785051,suspiciousActivity,1,2025-01-06
ES8738934945778663888864,ES5662777540390714146439,sharedDevice,1,2025-01-17
ES4784274337769268762561,ES5094797621534199098191,suspiciousActivity,1,2025-01-06
ES0933713814327378562122,ES1423032833191389238432,sharedDevice,1,2025-01-12
ES8641548635852664663153,ES5950037356787732537488,commonOwner,1,2025-02-20
ES9126333652809306220788,ES7818654554373280613581,sharedDevice,1,2025-01-17
ES5247692976747822955613,ES2315841346868154497471,sharedDevice,1,2025-01-07
ES7146891851437401508768,ES8602522756199717989035,suspiciousActivity,1,2025-01-07
ES6836734527293868664265,ES8795734425904979212813,suspiciousActivity,1,2025-02-03
ES7544499915143153728477,ES2171449656321763387596,suspiciousActivity,1,2025-01-22
ES2937435104648660443254,ES0210866718234445727978,commonOwner,1,2025-02-05
ES5903655172164597409760,ES1875890239748386951798,sharedDevice,1,2025-02-19
ES8073944717206969701886,ES3787195094775952400898,commonOwner,1,2025-02-07
ES8547396786030653213514,ES7086968224879072794783,sharedDevice,1,2025-01-08
ES4833375129241264134404,ES2956108052142979125835,commonOwner,1,2025-01-04
ES3725448490603821501501,ES6304034195040318948760,suspiciousActivity,1,2025-02-15
ES8917003093331386299178,ES1675289449722790865041,commonOwner,1,2025-01-21
ES7235512382485400737294,ES4729109918130259522487,commonOwner,1,2025-01-05
ES1857908661210321953380,ES2933260650477411352623,sharedDevice,1,2025-01-22
ES2137250440586916712389,ES4135833216616126800611,sharedDevice,1,2025-01-20
ES6997995578381864389827,ES6009290712836167981229,suspiciousActivity,1,2025-01-22
ES1790369448669272887954,ES8526807767454751730087,suspiciousActivity,1,2025-02-16
ES1967992440613548798679,ES5125790711544980037477,sharedDevice,1,2025-01-17
ES7459442496038211701269,ES6217078277398947657567,suspiciousActivity,1,2025-01-31
ES0701912530578430656731,ES3865014538846360619148,commonOwner,1,2025-01-25
ES6324922821451420311912,ES5848315150440462577454,commonOwner,1,2025-01-22
ES5457343020812070160085,ES6568375403510749222306,sharedDevice,1,2025-01-25
ES3787195094775952400898,ES8261244268232787202081,sharedDevice,1,2025-02-18
ES6116704748279381181701,ES8858515439183191285680,suspiciousActivity,1,2025-01-19
ES1665589926783493679520,ES9218089785470551383498,suspiciousActivity,1,2025-02-11
ES3039451876442526512912,ES6352793156694488251465,suspiciousActivity,1,2025-01-09
ES5439670030329775651848,ES1778563574736717000861,commonOwner,1,2025-01-09
ES7395917810234566169750,ES6710725691336269477379,suspiciousActivity,1,2025-02-19
ES0886132122721420666882,ES9872074964271035167519,commonOwner,1,2025-01-11
ES0515103412079452310678,ES1260068123883033023406,suspiciousActivity,1,2025-01-09
ES6181559804602084656246,ES2720018912571636760114,sharedDevice,1,2025-01-06
ES9551524160253810928880,ES6281262589321311235531,suspiciousActivity,1,2025-02-15
ES2040862046622983345277,ES9230984060200429269241,suspiciousActivity,1,2025-01-31
ES5685792370127725752077,ES4551242582939820701448,sharedDevice,1,2025-01-15
ES5891184555099834865499,ES7459442496038211701269,commonOwner,1,2025-01-20
ES5556401320267836524805,ES8526807767454751730087,commonOwner,1,2025-01-13
ES7669951287599145258249,ES9751650093129995962023,commonOwner,1,2025-01-04
ES5319532150623619878641,ES4446329018034774204532,sharedDevice,1,2025-01-22
ES7729107768956311421285,ES5230179509991648699748,suspiciousActivity,1,2025-02-15
ES5325406448522928310486,ES6016109065427838689030,suspiciousActivity,1,2025-01-10
ES1558633887569761613629,ES4417998374065391567844,sharedDevice,1,2025-01-27
ES4147117881588018161308,ES2486707506421912462459,suspiciousActivity,1,2025-02-22
ES0606203047144689829635,ES3472550614230331212473,sharedDevice,1,2025-02-05
ES1161302834530329978522,ES7870763603814157174765,sharedDevice,1,2025-01-29
ES8602522756199717989035,ES3624241517788925819023,sharedDevice,1,2025-01-20
ES2972977355777834538160,ES9802234573957806527242,sharedDevice,1,2025-02-14
ES4345781824902685652912,ES1235905781210753920651,sharedDevice,1,2025-02-23
ES6508688179450793566277,ES4429293857224293852503,commonOwner,1,2025-02-11
ES8068234576706561280126,ES4861793984992011321212,commonOwner,1,2025-01-23
ES3966410059425997958682,ES2267029249493171628022,suspiciousActivity,1,2025-01-02
ES3457007863123541818177,ES1765121866213478659618,sharedDevice,1,2025-02-02
ES7846007681157313436704,ES9374186810091580569381,suspiciousActivity,1,2025-01-19
ES2649132277533120494233,ES0528858859460970781872,commonOwner,1,2025-02-21
ES0768436012198786977943,ES0562758913841282997146,commonOwner,1,2025-02-24
ES6787234422393823140945,ES5673681569110747113600,sharedDevice,1,2025-01-10
ES9585431982811127028794,ES9815610360686091193120,commonOwner,1,2025-01-24
ES0691581871552464592133,ES7440630888305652483001,sharedDevice,1,2025-02-03
ES4210927538519278472155,ES0701912530578430656731,suspiciousActivity,1,2025-01-31
ES8807162078246432565862,ES8337225755859790148732,commonOwner,1,2025-02-20
ES1347799652437274175229,ES7086237332739003496676,suspiciousActivity,1,2025-02-07
ES4588692697108980814041,ES1198565085688994143608,suspiciousActivity,1,2025-02-21
ES1868552435157326897192,ES1207655595066476530335,commonOwner,1,2025-01-27
ES6945146569512823639477,ES3386472695712029239622,sharedDevice,1,2025-02-04
ES9103906806043265548629,ES2701896776865713030551,suspiciousActivity,1,2025-01-16
ES8062227088440607228496,ES7450917481869488530961,suspiciousActivity,1,2025-01-03
ES5575245716343648741358,ES4603719334719166621380,sharedDevice,1,2025-01-28
ES8138543112713724357177,ES8336199258690112877893,commonOwner,1,2025-01-03
ES0685341605546750061199,ES6799029635583137362265,suspiciousActivity,1,2025-02-10
ES1641114264456812681891,ES0678828993443532093042,sharedDevice,1,2025-01-14
ES2975748808499201694487,ES9753321715480805044309,commonOwner,1,2025-01-10
ES5016144843917128685583,ES7551956158704125841087,sharedDevice,1,2025-01-08
ES9814034394386591696413,ES0320787514725390874996,suspiciousActivity,1,2025-01-28
ES7586505573596200199740,ES4528417575564454236609,commonOwner,1,2025-02-14
ES9258795836649852770427,ES5564436359948601372421,suspiciousActivity,1,2025-01-19
ES1493954558478023516829,ES4525041329963487262406,commonOwner,1,2025-01-21
ES0933713814327378562122,ES0417883840724268853588,suspiciousActivity,1,2025-01-15
ES4061741221357262998720,ES0598934036196960876162,sharedDevice,1,2025-02-14
ES7710553473001098519412,ES5613457083640888675663,commonOwner,1,2025-01-09
ES2391623085493011004729,ES8555558255565484961746,sharedDevice,1,2025-02-07
ES4819167415523867644840,ES5143504341962983695383,commonOwner,1,2025-01-16
ES0425644270258800306276,ES4773521955467951355519,commonOwner,1,2025-01-10
ES6396035904833857500200,ES0971633495997926446915,suspiciousActivity,1,2025-02-01
ES9145913507721908841056,ES6522902728615700293410,sharedDevice,1,2025-02-06
ES7525261536938960329993,ES0474967222975336995439,suspiciousActivity,1,2025-01-07
ES3472452000312339468067,ES9689997341067194392167,suspiciousActivity,1,2025-02-21
ES8073944717206969701886,ES8079412509404978800303,suspiciousActivity,1,2025-01-07
ES7714248249229343840887,ES1351036753952159843727,sharedDevice,1,2025-01-28
ES7740387598847819839301,ES5474886619502606151665,sharedDevice,1,2025-01-28
ES8187838621945608549507,ES4138949485988157538105,commonOwner,1,2025-02-04
ES0361275371475155876321,ES7799820026433827104790,commonOwner,1,2025-01-29
ES1290385419977085569362,ES2260669427480806529234,suspiciousActivity,1,2025-01-08
ES3306463561558555389993,ES8089030518433793767200,commonOwner,1,2025-01-18
ES3456328733781876261894,ES1570576870725776314805,sharedDevice,1,2025-02-08
ES2031539104657865983904,ES3809114607377680045465,sharedDevice,1,2025-01-16
ES9596206866093751793257,ES3199441882974936138270,suspiciousActivity,1,2025-02-15
ES5468203993779902023925,ES0317771416911997030857,sharedDevice,1,2025-02-08
ES5968405620159763612777,ES2975748808499201694487,commonOwner,1,2025-02-03
ES6168912865565439001969,ES8752310066940593797629,commonOwner,1,2025-01-13
ES0631320691839926784845,ES1734911537611316146985,suspiciousActivity,1,2025-02-01
ES0412540466919212554608,ES0983849507674799078913,commonOwner,1,2025-01-01
ES7869629011629833425696,ES4185913772625820613409,suspiciousActivity,1,2025-02-25
ES1150818431275341822981,ES2007139490878857425124,suspiciousActivity,1,2025-02-14
ES3058071968040121556084,ES0942654336446323488703,suspiciousActivity,1,2025-01-26
ES8188043919197095898248,ES8453823828900581682706,sharedDevice,1,2025-02-19
ES6750562826318767611047,ES4915977757552945371644,commonOwner,1,2025-01-11
ES5848315150440462577454,ES7640633431412676036085,sharedDevice,1,2025-01-06
ES7627472023103381524417,ES8037088209725504911844,commonOwner,1,2025-02-23
ES6078187691121313943426,ES0817564670499638312983,sharedDevice,1,2025-02-07
ES3612113353398774554277,ES3921342509384223858839,sharedDevice,1,2025-01-21
ES3653485809625841698762,ES0622243748340843830591,commonOwner,1,2025-01-01
ES4354609178505634061782,ES6531144831313082226109,suspiciousActivity,1,2025-02-25
ES9374186810091580569381,ES9146318938154448254665,sharedDevice,1,2025-02-04
ES3472550614230331212473,ES5360372101889110641700,sharedDevice,1,2025-01-26
ES6798368158771459561794,ES6167210746204793748474,sharedDevice,1,2025-01-27
ES1642654953229385233444,ES7589664888326056827120,commonOwner,1,2025-02-24
ES4978041175333715567410,ES4066858025745201865553,commonOwner,1,2025-01-26
ES3489153859031191542953,ES1373290914803014225408,commonOwner,1,2025-01-22
ES9384121935146949451386,ES5864849522641304341391,suspiciousActivity,1,2025-01-17
ES7053487006885787208774,ES1735422486056318105683,sharedDevice,1,2025-01-02
ES3577758203856647890232,ES6017480049775942907987,sharedDevice,1,2025-01-14
ES4862274808486470656267,ES6956877521327246216458,sharedDevice,1,2025-01-25
ES1059433136275743162867,ES5395403492568664417268,commonOwner,1,2025-02-15
ES5613457083640888675663,ES2445146132787767056391,suspiciousActivity,1,2025-02-22
ES5984829865676929611119,ES3719884990127588583777,commonOwner,1,2025-02-16
ES4645162730274781554017,ES0587041321981719422919,commonOwner,1,2025-01-07
ES4792671701470880647743,ES5061945507179736578277,suspiciousActivity,1,2025-02-20
ES6945146569512823639477,ES2154619064688849886109,sharedDevice,1,2025-01-14
ES6952831768798184799123,ES7998151462299264469786,commonOwner,1,2025-02-21
ES5903655172164597409760,ES2154619064688849886109,sharedDevice,1,2025-01-26
ES5731487785790851390216,ES3521321258106756463850,commonOwner,1,2025-02-02
ES2446976755398555736386,ES8287520571388023812880,commonOwner,1,2025-01-09
ES5056824525341992234645,ES1309773841062547288618,suspiciousActivity,1,2025-01-17
ES8637348645811733021834,ES3643845836907049851620,suspiciousActivity,1,2025-02-04
ES3063463560484280933024,ES6466596670928432600566,sharedDevice,1,2025-01-14
ES8663025868304825447678,ES5439670030329775651848,commonOwner,1,2025-02-25
ES4144418200019897147138,ES9652558705397197749076,commonOwner,1,2025-01-30
ES1510834583621794386754,ES1356711016211840762086,suspiciousActivity,1,2025-02-16
ES4322584343573266300451,ES7438889558236132983105,sharedDevice,1,2025-02-21
ES3300058826121935834563,ES8532395634544473541812,suspiciousActivity,1,2025-01-03
ES1435734052137295438736,ES7194805825024002536227,suspiciousActivity,1,2025-01-19
ES1264600247765451344924,ES9099827747175807388388,commonOwner,1,2025-02-21
ES5159881318033110626407,ES7949389205742000060662,sharedDevice,1,2025-01-25
ES3336588800150159278397,ES4349228928769356376410,commonOwner,1,2025-01-06
ES5598509205408114640738,ES3728302302571994869902,suspiciousActivity,1,2025-02-17
