deviceId,locationId,connectionTime,coordinates,accuracy
e4f6db52-d2ed-421d-94a1-abfa51c051fe,5e33fa53-4561-47e6-9249-1a6e886de5e4,2025-02-18 21:58:43.177820,"[41.849034, -49.869405]",1.74
56a1a5ee-5cc5-48b6-946f-10c662a4c7fc,dc4b7812-5357-4956-873d-eea65d791403,2025-01-05 21:31:24.528477,"[-72.065096, 158.041624]",1.02
724c49be-bd13-4471-a71a-eb10476deb90,7c45aef8-6626-47c6-b230-03acf9eb5c7f,2025-02-11 17:32:36.763621,"[23.3271235, -35.745041]",2.16
0bddd336-7abf-4b60-8b45-31807524537b,d5f7309b-1a12-4659-b00d-40aa108e8e40,2025-01-29 05:49:09.787267,"[-89.537693, -88.387891]",0.24
a0051d8c-7c41-484b-aee8-0792482cfbbf,2e2ef4c0-e112-48a1-a066-d7987d57bc51,2025-01-26 21:49:17.699712,"[30.9945195, 80.296727]",1.57
da0e0a5f-d197-4378-bc90-537345d5eca0,18b8b7e5-9fb4-4f94-9973-7526e4c1cbc5,2025-02-08 13:26:41.133402,"[23.728917, -129.765647]",1.91
b7da4848-b787-4be9-917f-89bbe18aaa35,c1922359-a222-4a98-810d-21b709105a32,2025-01-31 18:45:30.451351,"[21.126691, -69.737594]",2.0
2ffd2377-41ee-4ba1-b25c-f4d3769462c4,fab76810-0148-4507-b61f-af0b6462149f,2025-02-17 07:49:37.581226,"[-72.884934, -174.563814]",1.82
e8b840e4-5459-45d4-ab92-84c9f7dc90f0,86e18d65-bd87-4d13-b4ab-0fd209131494,2025-01-18 01:33:42.424616,"[-77.582192, 125.2946]",2.82
4b8bd3ac-118c-4d4d-a201-8a333f498edb,0b29d2cc-a811-42c3-a89e-c6be55719b25,2025-01-24 04:00:08.892874,"[65.163659, 115.353938]",2.28
a0708ee8-2899-4f6e-8af8-50fb6a435211,081d5907-60b5-4468-a3cd-649f4e8aa2fc,2025-02-05 10:35:42.608935,"[51.064844, -56.5171]",3.8
ecb9eb0d-b707-47d2-9fc0-e0fab265355b,dd9ac622-6925-4195-b15f-dbbc986b033c,2025-01-14 07:15:51.163491,"[45.572043, -4.182772]",0.23
2a2f6709-f151-49f0-a4ed-6afcf1a09a72,34c429b4-aeb8-4dd9-a1dd-dfd29f3ac8c7,2025-01-08 22:31:38.987692,"[-29.183165, -150.224508]",4.03
106e2016-1390-4a6b-9863-434700fb2e18,d048e857-79eb-47b0-bb42-80198313bb67,2025-02-20 01:46:11.792305,"[49.636446, -155.978125]",2.23
a519a6e5-7645-4fbd-b021-bd23b17406d5,edba16b0-b55c-442b-b0a3-5bb1f559d392,2025-02-06 15:51:06.051926,"[42.672736, -99.283615]",4.08
b1adf980-7db5-4cab-94b2-d4b6698586ae,f851757b-afe1-4d72-b7b6-6cfbb56a8bc5,2025-01-28 14:11:38.253470,"[-17.291116, 20.923329]",1.99
48560e52-ceed-43ca-9458-f5f1b42a4193,070ea7a7-2df3-48f9-b40a-7052aaab5652,2025-02-14 16:12:59.329280,"[-26.5978855, 136.696828]",1.94
27e15a47-62d3-4d00-8bea-dd1a4a97b1ed,9b42d384-e820-480e-aeaf-9344e589ba17,2025-01-02 06:21:36.151273,"[5.4497875, -164.177343]",4.1
b17f864e-3270-4227-b380-4304508e2324,f851757b-afe1-4d72-b7b6-6cfbb56a8bc5,2025-01-23 18:06:39.760106,"[41.849034, -49.869405]",1.72
45be02e8-1c98-4b62-b168-287850c085b7,d1a284f8-d4f6-43aa-955d-24e91cb5833d,2025-02-17 01:48:20.710329,"[5.4497875, -164.177343]",1.38
5cca9adc-83e1-4bcf-bdd0-cf20374c5f00,fa224bc3-3ef4-4c3a-8cc1-42cbf758b418,2025-02-06 23:24:47.221103,"[-72.9288165, 178.495422]",3.75
53584dce-deca-4fbc-b802-1760125d3a72,1b90e39a-9285-426a-8bac-92487f623e73,2025-01-16 01:02:22.004899,"[-10.0083755, -114.407343]",1.31
0aeb53a1-9ea3-4e0b-a52b-ac121d211118,7142ddcd-d4d4-4dd3-ae0b-3a303ee22cb2,2025-01-27 13:53:36.676064,"[-56.281708, -63.016038]",2.87
5f504a91-800c-426b-b0a3-0bc5dac3df9c,b07f0916-fc2b-4277-96f5-552bec8ed579,2025-01-26 15:11:39.621312,"[-6.041876, -124.137883]",4.43
de115146-1880-4179-8dd0-ef63d8fac30d,0e2e4e23-d141-44e0-bfd6-a9697e455acc,2025-01-26 17:27:32.460704,"[-48.0781765, -101.768515]",4.43
9d0edb76-764f-4389-ab90-ef1240afa53a,af457535-b53e-4f5c-9c49-40775d30d0bf,2025-02-09 01:15:47.043163,"[-46.190995, -176.227008]",0.69
a93e759c-e870-49d3-8a6b-ad5e2af862f3,5db8727c-7eda-4285-9998-e7bd864353d3,2025-02-04 20:02:00.664801,"[-12.793679, 22.2543]",1.79
c2b2fea4-d922-4710-a45d-6ea212e065af,1324bb78-f9ba-4abf-8569-45808154cf22,2025-02-12 07:26:30.785595,"[75.5250605, 111.389746]",1.33
0fdca68b-7ebf-476f-a539-6eb6d0bbf619,8fa20136-002b-4568-b143-2b411d14f9ae,2025-01-27 01:33:45.620573,"[-64.2152575, 61.30556]",1.68
634718fd-ddf6-4f33-b184-90535b71089f,83eb3cad-c8ef-485e-8da1-9e446227846e,2025-01-10 06:42:41.420232,"[63.896043, -57.218117]",0.15
8b60baa0-0ca6-43ef-bc09-32ab42dfd8cd,d5f7309b-1a12-4659-b00d-40aa108e8e40,2025-01-10 09:28:57.002754,"[-32.457086, -112.799356]",3.83
b4d84898-7e86-434a-886a-f221641d4022,93dfff54-2b89-453a-981a-c3960eccc78a,2025-01-25 19:38:26.587931,"[64.58697, -76.163268]",0.68
589d849d-e2b7-48d2-9062-92e2f4e34f17,228096de-3b35-4596-a137-48acdb138b20,2025-02-24 08:49:37.328172,"[64.58697, -76.163268]",3.98
bbc73b85-9d1b-4823-be43-acc147906080,8fa20136-002b-4568-b143-2b411d14f9ae,2025-01-21 15:12:46.165732,"[-72.884934, -174.563814]",3.92
613c4ca1-98f0-43dc-b6c7-9e83713e355d,d5f7309b-1a12-4659-b00d-40aa108e8e40,2025-01-23 13:53:40.884279,"[-27.384533, -39.71522]",4.3
4ba6f6c5-9cd1-4498-b4de-df5ad8ef3437,2aa61ef0-29a2-4fa0-8ec1-975571c1edea,2025-02-09 14:03:05.195190,"[69.5244245, 77.525979]",1.05
441eca1b-aafe-48e7-b34b-045478d9fd7f,dbd95f30-f736-4922-b41d-6ce8c37fea62,2025-01-22 02:25:26.299725,"[-71.1199005, -88.246484]",1.17
3570a1e6-6791-44bc-b5e1-45349f35f469,a8f6ce57-9902-4a50-9d98-d233c7aa69f9,2025-02-01 14:23:25.969893,"[-32.457086, -112.799356]",1.2
e7bf177f-d485-4eea-9c68-2523de6dbfa2,ef2a5f57-3046-49c3-a72e-72679d31c988,2025-02-02 10:14:17.841715,"[79.9119355, -17.112808]",2.85
5c616fff-8c65-4437-bf35-88fb38f3e73a,7315a8de-e6b8-4ea5-b393-2eda9407909e,2025-01-23 07:12:44.303763,"[21.984286, 137.791334]",0.19
35ff58cf-60c2-4aa0-b0b3-c43fe15d3c36,39115c76-0d8f-4a7a-8ca5-4acc2cd6582d,2025-02-24 09:58:24.475773,"[-81.6710455, -126.783719]",2.37
34203853-d435-484e-b345-573b9b658b4f,fcb3419a-d0cc-4ece-9d52-fef11a18d189,2025-01-21 22:28:48.782878,"[63.896043, -57.218117]",3.51
fc85e61f-7437-419f-88d0-0b6d6d631ef0,10099424-b7da-4fcb-b996-32d079d684b2,2025-01-02 22:08:54.665612,"[-56.281708, -63.016038]",4.34
804f283a-b321-4d67-a6ce-a391388dfb6f,228096de-3b35-4596-a137-48acdb138b20,2025-01-22 13:45:30.884260,"[52.546783, -78.532054]",1.71
eb3a8483-4440-4e21-8e83-7e795adc52ff,f09f1f40-86d3-46d6-b344-daf9c1a7d242,2025-01-30 02:38:51.483220,"[33.0006765, 140.908357]",2.94
f0f6e50c-fc17-4a7a-b437-1cfe18dac75f,634433dd-f60d-47d3-8e6e-e75924e2f2e1,2025-02-12 02:39:00.520359,"[49.636446, -155.978125]",4.89
8f71766a-95f4-4b99-94fa-e2ed4527b0f4,4418c45c-3f2f-4cdd-bab9-be41f7be8567,2025-01-16 01:23:50.280781,"[-10.0083755, -114.407343]",1.81
dbd7b8ca-f752-417f-a8cd-39805644cac1,14719da1-deb9-46f4-adc0-43faf11d522b,2025-01-18 04:16:40.130773,"[67.1515275, -90.079809]",4.26
0ee97ccc-b9ad-498f-a0ed-73d9e7067ed1,96e3e771-2d3c-4816-af02-b932a8f4a926,2025-02-23 04:36:31.823459,"[41.0704505, 137.541711]",1.31
079314df-e500-47ed-a2e6-2b70fcc5214e,274a7ee7-57f9-4623-9068-778907b6cfc3,2025-01-11 18:11:58.201027,"[39.97234, -83.866192]",2.41
94664378-f84f-469f-b1bd-3589c79d308c,c1ad8541-afb5-45a2-a021-62f7c38b4c6b,2025-02-07 03:51:34.167976,"[-10.0083755, -114.407343]",1.3
607aefcb-ac9e-44fa-8265-ffff41abf5f1,520350d4-91e6-44f1-9b5e-6df3802a7dbf,2025-01-27 13:12:32.433470,"[88.962792, 45.081252]",2.12
ea8c913d-6120-44c9-b10b-2f82f3d8d660,f372fcdd-5edf-44dd-9f42-c9698e06d1c4,2025-02-15 03:37:08.624275,"[-49.4491965, 98.303142]",3.04
f0e125df-9851-4428-a87a-500fab4cdbbc,55445743-1973-4a3d-8559-0762903e61a3,2025-02-05 01:36:00.779843,"[-29.183165, -150.224508]",2.86
dd68c45a-bd8d-4b47-93ea-c6723887c7f5,84c2aee5-82fc-4223-9b24-abdccdcbb664,2025-02-10 02:30:04.827245,"[54.32726, -91.299263]",1.21
f38d6da5-d7e1-48fe-a33a-df5f88d8a5b9,85f2e518-e092-4085-b5f7-1b8c49359408,2025-02-06 03:52:50.281615,"[-34.153191, 67.599758]",0.92
9caa6c98-9bc5-4aca-93d9-a3639e7bc6b2,6eeaaf01-874f-442d-a09c-ce88ab8b1aee,2025-02-18 12:48:57.325386,"[79.9119355, -17.112808]",2.5
72e2d9e6-fedf-4422-bb18-9dc99e1b4e80,2aa61ef0-29a2-4fa0-8ec1-975571c1edea,2025-01-31 06:36:26.870879,"[46.941617, 150.525586]",3.41
29e858b4-35f7-48f7-8dc9-a7d783306215,eca43aff-309f-448f-ac02-06d48edd888c,2025-01-06 09:35:19.925558,"[51.450967, -149.239378]",3.37
14abdd1e-bb30-4e37-84ea-07a22497bd5f,356f562d-2874-4561-b238-18d2faeb0597,2025-01-17 05:23:31.311603,"[54.6174875, 10.762871]",2.1
f4f41f8b-f2ba-43e7-bd23-3a20ff98698e,adc0fe47-87ed-420f-a6ef-7b1b15c1e771,2025-01-04 02:59:24.981616,"[22.574979, 98.706367]",4.63
7d0d6e16-b4e5-4bd3-bcdf-0174038dd11f,6eeaaf01-874f-442d-a09c-ce88ab8b1aee,2025-01-11 18:32:07.330056,"[35.227539, -135.347388]",3.46
7aff01f6-2f6e-45eb-9e6b-661fbd3bfb91,c29fbd02-1442-44be-9233-f012d47cc117,2025-01-06 04:38:20.584202,"[46.941617, 150.525586]",0.2
015d5bf4-8c8c-45be-b3a1-97644d304284,fab76810-0148-4507-b61f-af0b6462149f,2025-02-05 17:50:46.720966,"[-35.374367, -101.376668]",2.64
1b6d31bf-00a3-4734-b153-0d375bdcc146,5e01af16-e15a-4b04-bd31-dd567d45e5e3,2025-01-24 05:46:40.336861,"[25.547841, 38.817273]",4.75
d6159fb9-fe94-437d-8f3d-40be9d78c67c,d3650f66-192c-408a-9fc8-9fc3ca6e73cf,2025-02-23 20:23:35.928426,"[58.081836, 52.474334]",1.98
45c39736-3a7a-46f9-8bb9-cf5479c6edde,10c326d3-422e-4c19-8e0e-131030433809,2025-01-02 03:34:36.364972,"[66.9885335, -159.238615]",3.24
acb53a36-acc4-4081-b913-3e663944ec85,39115c76-0d8f-4a7a-8ca5-4acc2cd6582d,2025-02-15 16:42:50.109300,"[54.2823175, 163.816109]",4.67
991b39af-a5c5-42a2-b1ab-ecb7b63cc4df,af593c54-482a-481d-8d34-721a79f32765,2025-02-02 10:38:22.095383,"[-33.9647305, -34.176407]",0.61
e604389d-6bd1-46ca-b169-748380d44813,d10edba0-c5ac-4d24-9e56-7a56ab563672,2025-02-23 02:21:39.916858,"[17.6562995, 11.846663]",3.44
7e88ff75-c603-419e-ba49-bf0c873733cb,d5f7309b-1a12-4659-b00d-40aa108e8e40,2025-02-17 13:29:41.314117,"[-26.9050105, 55.667666]",2.2
b579713a-c56c-4e86-803c-2971c211b289,53a58704-fff4-4575-a78d-c7592c0cd50f,2025-01-23 22:52:09.645958,"[-70.0324235, -65.662846]",1.33
48471968-7c48-4380-9378-176b53c8c403,15e82072-dc4d-46f4-8b62-11f6bd1cfdec,2025-01-29 06:55:26.031153,"[68.466758, -94.218104]",1.32
67a56c70-4b95-4e59-be73-1541065ca8ca,4ee9cf6c-13ce-4e01-877d-55e00d033176,2025-01-07 18:46:39.423756,"[-29.354008, -32.497229]",1.17
62ae4077-a562-413b-8a7d-c65474556251,dbe8129b-5d96-4337-9846-597f01c3d5fb,2025-01-23 12:55:10.246114,"[-72.16383, 18.108346]",4.98
19491bf0-9f3a-4e91-9b02-23b158314e96,6ff97e78-b57a-4cf1-9a1f-d62004732bf4,2025-02-12 02:34:37.691082,"[-35.783637, -119.966397]",0.47
0732ab76-02b5-4645-820d-5ef697fa07c4,42e181b6-ace0-42b0-874e-c901d8c38e07,2025-01-21 14:20:58.003963,"[-69.2135395, 58.910614]",3.61
c9a408ed-6b77-4200-9bff-143cceed6720,658a26a3-7323-4deb-bbb1-687114a9309b,2025-02-11 16:40:18.615557,"[-55.924564, -83.271281]",0.8
ebab6f19-ed41-45b9-919a-ae887f10a57c,1ea74593-c54e-49e6-8be5-95e6bd0064b0,2025-02-23 22:50:21.551286,"[-36.0322905, 161.840343]",0.63
990ab483-559e-4155-96ba-c77177104d67,63f61caf-f3e4-455c-a9b1-bbaccd7dd1a7,2025-02-13 00:11:41.750180,"[68.466758, -94.218104]",1.97
7a33796c-b086-402e-87a4-25bf183bce5f,ea89b294-e558-4586-8baf-decb04220c5d,2025-02-19 03:53:23.002773,"[67.1515275, -90.079809]",2.28
d562bf23-70ee-4491-aaef-2672b6cc5bda,56e21cde-1077-4dae-be8a-2b0039581415,2025-01-14 08:57:16.069416,"[68.466758, -94.218104]",2.74
88119494-df7d-4abc-904d-86df7a0e6fc0,cc0eace1-5f56-4934-880d-f6b403fcd96a,2025-02-06 04:04:06.137156,"[-42.186901, 49.822475]",1.63
0760a0aa-4b9d-4172-b639-61b5b443675e,08c5f40e-d0a1-43a0-9cea-cfd63a3771bd,2025-02-11 09:47:20.833777,"[46.8626075, -57.185276]",4.67
28dba54a-67c0-4924-a58b-7f4e432c1060,43eb8fcf-9c5a-4248-861f-942a574b227d,2025-01-25 03:44:43.450950,"[-10.0083755, -114.407343]",2.32
c43924ae-0eeb-4ad7-ad68-c49354380798,9a03fb9f-9297-436b-82eb-893a30bbcddc,2025-01-03 02:08:38.835469,"[35.227539, -135.347388]",3.29
225fb951-5009-4598-9fcb-44a2175de1e2,a1b1ca1d-c5a5-45a3-af79-51418d3c7137,2025-02-26 04:17:39.180380,"[-44.2909685, -13.584511]",2.72
85259b21-78de-4946-ac55-2bb3c764c377,fe316ff5-4a74-48e2-a6c2-89a880049231,2025-02-17 12:10:03.070271,"[-44.4042785, 12.880773]",2.07
63c22536-d798-4d1f-89fc-234beefab551,12b93978-c07f-4ddd-a19f-f1b6fffff221,2025-02-05 20:45:48.296242,"[-15.5485975, 144.559793]",0.17
d42c9a0d-52ee-4c96-80d5-1d28d0a371c0,9b69325e-373d-4ca5-ba5c-61a8e8388b78,2025-02-19 16:13:31.066120,"[-77.582192, 125.2946]",1.2
4da12e62-6d05-41e7-b7fb-628c180f4e66,9a03fb9f-9297-436b-82eb-893a30bbcddc,2025-01-21 22:12:50.218850,"[-89.981351, 129.685016]",0.71
d4113ba5-e411-4c61-af6f-3d5b765091bf,10c326d3-422e-4c19-8e0e-131030433809,2025-01-06 17:58:08.119892,"[-49.841048, -89.27012]",2.42
f1d07496-227e-4622-9de5-4da4022c126a,16e13e09-5ab9-4c02-8e12-3ecc291943b2,2025-01-18 20:47:34.184799,"[-44.4042785, 12.880773]",1.93
13befada-ec63-4cd2-b840-59f99d186b78,dbd95f30-f736-4922-b41d-6ce8c37fea62,2025-02-18 16:05:22.148480,"[34.9281605, 105.528736]",2.64
95e70081-51dd-488f-877a-a2eabeb24f4b,d1a284f8-d4f6-43aa-955d-24e91cb5833d,2025-01-08 16:35:38.564653,"[-82.0570925, 86.371259]",4.5
a6bdc285-aeda-42c8-adde-57dc1af485eb,2ff7f95b-8fa4-4794-909a-92138f3cda88,2025-01-22 16:01:20.485961,"[39.955413, 29.866388]",3.78
6ad4ab42-8519-4577-b563-d5d1856e05f6,a7f2dbe9-ba6f-4898-93ef-7eadb593dd3a,2025-02-09 16:40:13.882943,"[-76.087151, 150.105129]",1.49
6cb51c90-f550-4da4-b353-eb1c42d82bd0,fcb3419a-d0cc-4ece-9d52-fef11a18d189,2025-01-17 17:11:25.853450,"[35.1557725, 85.847127]",2.82
381d7da2-6cce-4ae7-b857-d27944a8afd9,ea89b294-e558-4586-8baf-decb04220c5d,2025-02-14 22:21:44.067321,"[-46.190995, -176.227008]",0.42
d867dbce-7078-47f4-867a-ae0acc537e80,dff7e662-3ffd-4b39-bb5f-2587778c20cf,2025-02-19 02:30:06.736288,"[-77.297643, -48.120569]",3.49
e03c590d-b64e-434e-9d89-cd11a222a6cb,634433dd-f60d-47d3-8e6e-e75924e2f2e1,2025-01-03 23:43:00.069530,"[-89.537693, -88.387891]",2.34
89fb6b15-9340-47d0-b665-a0879a8841dc,2b8fe49d-06fa-4682-91b6-bdc493cebe93,2025-02-03 00:56:29.496392,"[-84.448792, -51.58993]",0.48
bafc6d0c-3ab8-497a-bb23-3f269b8ac802,7781dcaf-0590-4e2c-9d68-2edd2cb88668,2025-02-25 07:01:15.669918,"[-43.394661, 41.458526]",3.48
ccf09822-d84c-4b6f-b802-c5204b7983e3,0ce089f2-e7b7-4422-b22a-157467cd5dc5,2025-02-25 11:57:46.120481,"[66.9885335, -159.238615]",1.03
9f3bf665-725f-436d-9b93-7fc7e6ffa1d8,aa12d10f-0ae8-40d6-9e97-09e236040bc6,2025-01-16 12:07:15.405230,"[83.3115645, 174.688347]",2.99
b3544642-57ea-465b-b816-69f62f801934,dc4b7812-5357-4956-873d-eea65d791403,2025-01-09 04:24:39.366716,"[-12.793679, 22.2543]",3.75
7efa6bff-2ae8-44e6-8947-ae2b0f3fb5fc,d10edba0-c5ac-4d24-9e56-7a56ab563672,2025-02-13 09:06:51.455295,"[-10.0083755, -114.407343]",1.76
ea59093d-e118-4897-94c6-836ec86d773a,cc0eace1-5f56-4934-880d-f6b403fcd96a,2025-02-12 10:03:17.586789,"[13.4418445, -75.401279]",3.9
fa17bd00-5535-4370-ab67-cceea5fa68f2,1806b544-5d8e-455c-9dee-b45b9b928b18,2025-02-08 08:17:48.830939,"[-17.321897, 153.508184]",1.46
2cf99221-7bbe-4019-8954-33880f9056d1,c23f350c-454f-4982-b406-85ba79a45516,2025-02-11 00:37:34.831522,"[-72.065096, 158.041624]",2.07
f3372807-9ac4-4429-9c4d-d51e58a7a003,f09f1f40-86d3-46d6-b344-daf9c1a7d242,2025-02-04 19:30:57.322394,"[87.2683145, 124.053163]",1.35
28de415f-1214-41fb-a4e9-2275202e77a7,26ad6f63-31a3-447a-b410-9ce8b6358116,2025-02-05 23:18:05.138387,"[38.844384, 142.66715]",1.07
6fe0a026-9287-4400-9120-9b6e2cf288eb,66cd99a9-cdef-4d38-a25b-d0af11e1c21f,2025-01-04 09:12:33.124522,"[5.4497875, -164.177343]",4.07
dc02f6e2-14b3-44ac-8ac9-320ab0e6ee26,081d5907-60b5-4468-a3cd-649f4e8aa2fc,2025-01-20 20:07:05.944597,"[37.9004125, 169.979997]",4.64
edec1e61-83e2-4dd4-afdc-846454ed7840,85f2e518-e092-4085-b5f7-1b8c49359408,2025-02-15 22:05:27.915737,"[-3.2773155, 14.046966]",4.45
f626a0e1-3102-47aa-bbdd-2ef02fd0f47b,9ddefd05-9d7d-4a52-b872-f68d65616792,2025-01-10 00:45:50.661053,"[37.456675, 133.292001]",4.07
26b4e332-0223-46a3-bf61-f1d298b522f6,3189c5d7-b851-485e-9385-5611a1b390a1,2025-01-29 01:06:36.392048,"[45.572043, -4.182772]",2.84
da83e09e-787b-4bc4-8613-e1f4ce8d45ac,16bf9b57-611a-4cc8-9e7a-00f79fb5a470,2025-02-03 01:55:17.600010,"[-42.186901, 49.822475]",4.5
5c7cb400-2d54-48dc-82f2-198e1645c921,77d768e1-655e-4d8f-a67d-8ac206033b1c,2025-02-01 02:01:04.681413,"[35.1557725, 85.847127]",1.89
c90f4eab-61ab-431b-81db-7fd4d964d6ab,dbc46d6a-eab6-4ada-a4e8-85581ce902cc,2025-01-25 23:05:08.905145,"[-29.7254225, -78.504232]",1.32
3598cce2-8797-472a-8d56-ed50b3d81dee,c1d236e8-1464-44bb-9cbb-28718f45aa85,2025-01-24 03:28:59.758659,"[-47.7931965, -132.484028]",1.08
68ae0036-de76-4402-b489-8765ac8cd63a,eb7c49b1-91b1-4b2a-8f45-3aeb60e95161,2025-01-06 04:17:31.689999,"[35.227539, -135.347388]",2.1
132fe702-c3d7-48cd-9019-36f698893873,aaf9e13d-30e1-456a-b032-5ce32a1a43f5,2025-01-09 20:30:09.666631,"[11.0006035, -5.379793]",2.57
a18869d0-ce3c-4d9e-b576-c79417eb7915,e171f424-8e13-40be-9306-6d98ba07112d,2025-01-13 04:16:20.907078,"[-66.7016095, -110.177316]",3.82
db74a8d9-eba7-406b-b630-0a2e0caa3d4b,274a7ee7-57f9-4623-9068-778907b6cfc3,2025-01-02 20:36:30.145464,"[87.1477485, -79.030626]",0.17
f57e3502-0709-4efc-908c-e6041e6bf0d2,f5555820-832f-4ab2-a611-17999bfb1bac,2025-02-22 01:56:46.365953,"[76.0642375, -62.07065]",1.62
9f99c026-d785-4d1c-abc3-815d0103342f,a8f6ce57-9902-4a50-9d98-d233c7aa69f9,2025-01-11 23:35:34.605056,"[-10.502611, 4.789146]",0.88
4668c3b1-d695-410e-a0a8-40aeb0271c61,40d4f39d-b50f-46a0-8128-af5bfce0d631,2025-01-24 20:34:45.758973,"[-27.384533, -39.71522]",2.59
0a3190f5-4cde-4462-b456-eea43d1edc23,457e6e22-4294-4277-aa9b-cbc60f79fe26,2025-01-02 18:44:40.524881,"[69.5244245, 77.525979]",3.5
101221c4-f6b3-4a6f-a941-fbf3ae13418f,3d6fcbc4-2b14-46cf-9a9c-79f4bdca991d,2025-01-21 22:56:39.293319,"[-47.7931965, -132.484028]",2.15
a632729d-9985-4330-8b20-c20312110517,3e4f5ff0-56ee-4fee-957c-ca7602101bfa,2025-02-22 04:46:37.213392,"[12.6740755, 82.258254]",0.95
587cd7f0-73cd-44b4-b3a0-a355bcc4eb1b,f5555820-832f-4ab2-a611-17999bfb1bac,2025-02-04 19:17:32.957360,"[-20.9367, -55.498332]",2.28
63739e81-4cd2-4cec-8e20-d17634c96171,73c41cf7-5f96-4655-a7ac-e6923c152766,2025-01-22 14:36:27.520542,"[10.9287995, -49.641158]",1.71
d96e19d2-21b2-4bf3-a040-f3df73149311,19abb07d-a269-4646-add3-95a4af06d0b7,2025-02-16 11:08:39.763446,"[-80.204768, -38.737529]",4.71
8a680b2c-777d-4679-bc94-40d6bd5442fb,94e17121-9be3-4c76-ac24-bd1657fed6f9,2025-01-16 13:34:25.685285,"[5.4497875, -164.177343]",4.47
8242f949-6355-4e57-bb21-8c14e62de7a4,26ad6f63-31a3-447a-b410-9ce8b6358116,2025-02-20 10:25:54.028133,"[8.190296, 163.144192]",3.27
83eda062-0e09-4764-a225-fac8c53c0fa4,0ce089f2-e7b7-4422-b22a-157467cd5dc5,2025-02-09 21:10:47.492094,"[21.126691, -69.737594]",1.44
50357b4e-19ef-49d3-bbc7-979b9a7fe94e,e9762e44-2e3e-4e92-92c7-a6c4bf34eaf9,2025-01-05 04:23:50.833075,"[-29.7884885, -85.418261]",1.32
1c594a8e-edcf-4198-b191-309922c72608,520350d4-91e6-44f1-9b5e-6df3802a7dbf,2025-01-17 12:00:14.773889,"[11.0006035, -5.379793]",4.15
1f76552f-c0b8-4d97-8a3a-e53515e0fde5,5c037a50-a1eb-4359-a63a-631b1b7ebee5,2025-02-09 09:53:34.383290,"[-56.823277, -179.309943]",3.67
91ed55dc-36f3-4409-b1f4-534fc7e85c30,07260682-7d30-46b5-b352-4d85d379a20b,2025-01-29 02:12:31.211904,"[77.0172065, 100.722204]",0.31
25e71895-ee3b-4d73-af60-1abe177ec80f,e35b9e08-6185-42c9-baad-13e24c5578a8,2025-01-01 21:03:12.769578,"[64.600799, -121.053904]",4.09
520722ae-6950-47b5-a0bc-4e3d780710cc,113c7e8d-e8b4-4be9-aa2e-7cbe0588c965,2025-01-30 22:59:51.712515,"[-15.276596, -75.662688]",4.31
1ca8d806-a73b-4c62-b760-06c0d9427972,c6700efe-f798-45e9-a714-82cc1ed38279,2025-01-03 10:37:09.583872,"[-14.673632, 104.357373]",2.22
ac353596-db0f-4d59-a3e6-f6e83d038411,c7a28007-883a-4133-af91-57633d35b6fd,2025-01-23 18:08:21.351147,"[-58.873946, -49.403644]",4.97
6486f0e0-09da-4c12-acfa-5b4a71ddc03a,ba7257b6-96bb-4005-acdd-b144b073ce52,2025-01-25 17:56:26.630628,"[11.3681095, -5.660436]",2.81
058385be-e553-474c-996a-d1b635107b9e,10099424-b7da-4fcb-b996-32d079d684b2,2025-01-22 11:06:55.787842,"[70.067507, 85.639831]",1.47
2291e10d-f921-42cc-b691-07138894318d,e4db57d7-9170-490d-bd7b-195b2876e5e1,2025-01-03 10:17:23.324295,"[39.955413, 29.866388]",4.98
1f398932-865c-4ea1-a69b-b2cf1a227bb1,7dfee6d2-a75f-436e-8fdc-3d6233117873,2025-01-26 12:23:58.932426,"[-64.615533, 95.319325]",4.26
cb2b992b-8899-4791-8898-5a3fbc95aab3,495dac5e-57cf-43aa-8914-ccae11bc3a01,2025-01-20 15:30:07.663356,"[86.6581855, 68.247258]",1.35
2184b615-4d96-4608-a7fc-1822d27c353f,788e1096-c55c-447b-9899-79b16dc342d3,2025-02-25 17:28:53.429884,"[34.690448, 21.323576]",4.96
8039e6c5-48b0-42a3-ad62-8bb6587ca79c,c7a28007-883a-4133-af91-57633d35b6fd,2025-01-28 18:54:40.225754,"[39.955413, 29.866388]",4.94
260671f4-5d54-43c3-a42e-68ad5fa19814,dc4b7812-5357-4956-873d-eea65d791403,2025-01-03 18:37:39.505463,"[-32.5765395, 65.56738]",0.73
2353e9dd-7bb4-425d-beaa-9c70f2bd0a72,10c326d3-422e-4c19-8e0e-131030433809,2025-02-14 01:04:58.962095,"[81.348293, -82.247152]",1.61
5bbffad5-fc1e-474d-a2ef-8b496af72c09,3b28f60a-95bd-44c2-aedc-056463a47c74,2025-01-14 17:50:20.421836,"[87.1477485, -79.030626]",1.01
44eaf21a-8749-4b42-99cf-e64d57eeef9f,fab76810-0148-4507-b61f-af0b6462149f,2025-01-19 05:25:37.308508,"[70.366692, 166.287604]",3.27
76028d37-f536-4fb6-ae32-d96bcfa5fe5b,2a9946ee-962f-4e9b-8d17-ef5c8ada09e6,2025-02-19 13:23:18.800839,"[-70.0811125, -63.507376]",3.54
c89b0e8e-db17-495f-96ed-6a6caf3e210f,13987d66-b541-4901-aa9d-5e262ebe22ca,2025-01-03 08:00:43.061208,"[-67.6346725, -129.942254]",4.03
6a30b700-5c88-47ff-89f2-75821b7f549e,a7f2dbe9-ba6f-4898-93ef-7eadb593dd3a,2025-01-21 22:00:32.795562,"[17.346495, -30.847365]",2.35
4cb81031-5b78-4dc6-b41e-7f736815806a,66cd99a9-cdef-4d38-a25b-d0af11e1c21f,2025-02-17 22:53:32.507233,"[67.1515275, -90.079809]",3.55
7e743efe-52c6-4b7c-9676-377fac3770b7,809761a9-31b1-47b0-8a16-ef4699bc7037,2025-01-17 05:20:05.046987,"[72.6895545, 112.674507]",3.24
419b6ee7-e9a5-4c21-b18a-3e18a1d2e517,aaf9e13d-30e1-456a-b032-5ce32a1a43f5,2025-02-01 04:13:37.377945,"[-19.38924, 127.572155]",2.83
e66df786-c10e-4c02-b680-5eaa08947cbe,a711ded2-888f-452e-97bd-8ce4e0086077,2025-01-26 21:09:28.508369,"[-17.8690365, -92.442852]",2.19
724a68f3-0804-4f48-bb0a-2a7470fedc0f,12b93978-c07f-4ddd-a19f-f1b6fffff221,2025-01-23 12:50:48.813993,"[15.900868, 29.852276]",0.46
c731523c-8b63-4afc-a35a-ab9020487be5,78cf12f5-8fcf-464f-b421-d6d9f4f95a22,2025-01-10 10:20:14.063341,"[71.888147, -32.965931]",1.33
6a82a639-126b-4c20-9c48-6a7e1747e080,688e5b4a-6f0a-4367-affe-2a10ad189180,2025-02-25 01:07:05.622504,"[-52.6539085, 5.19005]",2.08
df5ec51f-e824-4f1a-be45-e10912e07e5a,07260682-7d30-46b5-b352-4d85d379a20b,2025-01-02 07:52:21.859040,"[38.926801, -79.264522]",2.43
68e9482d-60dc-4dbd-9525-c5ed2fcf8ea3,dc01da5e-6cab-4222-8d3e-fbffaf289856,2025-02-25 01:00:40.289593,"[9.2161865, -28.400666]",3.93
1e38da09-2728-494f-a0d0-c2d6024258dd,d3650f66-192c-408a-9fc8-9fc3ca6e73cf,2025-02-03 06:11:27.097858,"[89.8790995, -172.223243]",1.83
1c3f959d-b042-441e-8848-c46bf2434d05,4721fa46-6a8a-47eb-9c2e-6a4f9a5401a5,2025-01-14 17:07:30.338696,"[-69.2135395, 58.910614]",2.32
b5ad9527-69d3-4edc-91b6-e22cd521bd3a,0998f236-ad09-48db-9db8-fe74eab436e8,2025-01-05 20:53:38.772168,"[-31.357638, -60.727321]",1.87
aeca94aa-1717-408b-b74f-4d7cac27f5cf,3143ffd8-6d33-4f50-94cf-0ca1fa95cf0b,2025-02-25 21:48:43.850019,"[66.1029985, 114.751292]",4.83
9f419b1e-5c79-4c53-b4ed-771fa8dfad31,18f3cee9-a67a-445a-8700-f8f4e7f18c55,2025-01-15 20:02:34.168203,"[37.9004125, 169.979997]",2.13
9de137b4-2064-41a2-a5c6-83df89b8c44e,3e4f5ff0-56ee-4fee-957c-ca7602101bfa,2025-01-26 13:49:56.269377,"[-44.2909685, -13.584511]",4.57
4932d1b3-5c17-48da-b33c-699ff3bc4038,6ff97e78-b57a-4cf1-9a1f-d62004732bf4,2025-02-04 20:07:59.120681,"[-72.432144, -84.310758]",1.53
6b39f533-f817-43bf-b5ab-2565ef3b16b9,3b2e1f42-f78a-4d97-867e-bba26f3399dd,2025-01-21 16:35:10.649460,"[-5.8294085, 119.223176]",4.53
012fe369-b247-422d-83d9-dac8397c650f,2963b506-ae11-4db5-bc61-e99a6c43e7b3,2025-02-10 06:30:52.232753,"[40.6610815, -67.732755]",0.28
a1a4ac41-9019-4e6e-9d0b-673848421987,a7f2dbe9-ba6f-4898-93ef-7eadb593dd3a,2025-01-12 10:53:29.859055,"[-77.582192, 125.2946]",1.41
95d2b2fd-60b7-458b-9b6e-bcf1f6ac0e6f,73cca63c-8e25-4873-80c7-1c3074b9b73e,2025-01-16 08:29:08.717691,"[-14.284889, 88.804915]",1.82
35d4602d-6b01-4560-b0ac-d7a58441b7f3,ba7257b6-96bb-4005-acdd-b144b073ce52,2025-01-13 17:05:11.992578,"[-9.6927635, -177.378661]",3.24
c89b14dc-f442-46a7-b0e4-14fee39b0909,431b46f7-b721-46c7-9ddf-ad508dc618c2,2025-02-11 09:04:10.263039,"[32.5353575, 83.496792]",4.93
d7d12f49-eebc-4c18-8a07-b7e44acfda47,0ce089f2-e7b7-4422-b22a-157467cd5dc5,2025-01-20 05:32:17.490978,"[57.9257435, -25.500963]",3.13
f1e9a896-84c5-4757-a161-81de93738096,2a9946ee-962f-4e9b-8d17-ef5c8ada09e6,2025-02-07 06:11:11.183372,"[-89.537693, -88.387891]",4.57
7b427e39-0224-4722-a183-13d8b9fc3f3e,3092a55b-6740-4bad-badd-3628b3907f1b,2025-01-23 14:05:42.568726,"[22.574979, 98.706367]",3.64
8700a37b-31c2-46fd-9d31-fb2c4781586a,c838b40a-abd1-42d2-9ead-402e87e72107,2025-01-26 22:46:41.797256,"[20.794401, -74.485377]",3.63
aa07418a-ba2f-4198-8fbe-544165937180,da4bce82-23d9-40b2-8bf6-9a5cdd367af8,2025-02-06 08:55:29.196259,"[-85.2571375, -179.330661]",2.99
dd2c0907-5492-4aeb-9e2e-7abc60d499be,457e6e22-4294-4277-aa9b-cbc60f79fe26,2025-01-26 16:56:51.694878,"[-80.204768, -38.737529]",4.19
3920c80f-7d71-4005-abbe-3d37f63759b1,2ff7f95b-8fa4-4794-909a-92138f3cda88,2025-01-26 12:26:52.102503,"[-20.134643, -136.017726]",1.59
974d95a6-f40c-4bf3-bb20-3f9f32bdb865,e4db57d7-9170-490d-bd7b-195b2876e5e1,2025-02-21 21:27:10.199932,"[-40.3664205, 74.838262]",0.54
e25a43bd-4d7e-4a18-abed-f35f6949f036,da142954-b3dc-464c-9484-39c18c08397f,2025-02-11 11:39:48.655875,"[85.3675125, 148.888511]",3.09
8607aed9-8154-4765-8f94-7a1206157d84,86e18d65-bd87-4d13-b4ab-0fd209131494,2025-02-19 18:24:27.805588,"[65.6962645, -168.100448]",2.61
10ae0746-b9f5-4c6b-894a-4ffc06c754dc,ac82fc35-1eb5-4b95-a39d-5e3801be763e,2025-01-11 17:49:09.794562,"[48.5906725, -44.602396]",1.66
3c93d098-b6d3-492d-813d-eb775113fed5,d820c99f-dcc9-493e-908e-2707dc42ef9d,2025-01-01 03:24:26.081829,"[53.3034605, 128.511629]",2.67
5d1144fe-d2ad-4b32-876d-71a6194a9768,df0dbf98-3b16-4d1f-a31a-0e975c38a4a9,2025-02-18 04:04:31.784176,"[68.466758, -94.218104]",4.6
f31b62d9-1954-482b-9a2e-cec6017e14cf,457e6e22-4294-4277-aa9b-cbc60f79fe26,2025-01-05 14:22:07.857434,"[-40.2629095, 56.141105]",4.26
befe02c6-8352-4895-bcae-34cb58be5571,dbc46d6a-eab6-4ada-a4e8-85581ce902cc,2025-01-06 19:03:32.345272,"[-14.640621, -52.167156]",3.16
7ed1d52b-7aef-40de-bd20-49d8688d6ed8,dff7e662-3ffd-4b39-bb5f-2587778c20cf,2025-01-05 07:28:46.797094,"[87.227424, 93.594221]",1.25
cf34ce72-5b56-4cba-9d85-b7dc72e6476f,d920731d-3abe-4b37-b2e8-d3b7a41a7028,2025-02-06 18:09:48.459978,"[-50.3927405, 83.910178]",0.92
560147e6-65fd-4f9d-8ed8-d56d68ad6105,684c5aa6-a3b4-4bdb-a6df-36788dc636fc,2025-02-05 21:05:56.246817,"[-49.841048, -89.27012]",2.98
9f6f46af-9896-426a-95b5-d705965a8fe2,84c2aee5-82fc-4223-9b24-abdccdcbb664,2025-01-16 07:43:54.549848,"[-36.2301125, 44.115971]",4.52
fa3f41b1-0606-4ceb-8e46-f530565f5a69,10099424-b7da-4fcb-b996-32d079d684b2,2025-02-15 07:55:10.730267,"[87.1477485, -79.030626]",1.93
cf20398b-7bc9-45cc-ad20-4a5a7c2b6422,16bf9b57-611a-4cc8-9e7a-00f79fb5a470,2025-02-11 05:49:24.621447,"[-6.155854, 61.155277]",1.66
0031da6f-f343-4e5e-a8de-d23160465070,c328c268-feb8-4f75-a405-19558822e7e6,2025-01-30 23:00:56.003043,"[-12.793679, 22.2543]",1.95
6f52706e-5bdf-4943-a985-847fcff6d793,a38d07fc-1650-4d8a-ad9a-206746b6815c,2025-02-16 22:05:24.037873,"[5.4497875, -164.177343]",0.45
33032afb-4028-49fa-b88b-e35c37cfef88,12f6f81c-8668-45f3-bef7-77c39b4b439a,2025-01-13 16:11:46.609148,"[-40.2629095, 56.141105]",3.38
837d18bf-de26-4bc7-83db-efe17b3680c6,457e6e22-4294-4277-aa9b-cbc60f79fe26,2025-02-16 02:14:22.999790,"[-14.673632, 104.357373]",2.03
9abdb1d0-e38f-402c-8139-270d49cf8cdb,93dfff54-2b89-453a-981a-c3960eccc78a,2025-02-03 20:53:18.760758,"[-49.4491965, 98.303142]",2.45
52b49a7f-4f9e-43cd-af53-19a1e76e2f9f,9b69325e-373d-4ca5-ba5c-61a8e8388b78,2025-01-26 23:13:21.763299,"[-17.291116, 20.923329]",0.67
8be0c23c-c334-4844-ba95-2601ce36c775,e9762e44-2e3e-4e92-92c7-a6c4bf34eaf9,2025-01-27 04:15:59.380417,"[-44.4042785, 12.880773]",0.13
8945445f-e056-469c-9d0c-b335fef7f9eb,ebc14408-b779-446c-8776-7e870187a230,2025-01-09 22:40:11.049569,"[64.9749245, -145.788691]",4.65
4c00f0ae-f2d2-406d-a5cc-1c7acb555414,96e3e771-2d3c-4816-af02-b932a8f4a926,2025-01-18 13:34:27.384101,"[-19.38924, 127.572155]",4.41
73bdf715-9092-4204-b560-85f680414959,fa4e0b8e-9ba1-4563-ac50-6ed01c6727c9,2025-02-17 07:44:17.568575,"[-18.4595595, 31.455406]",1.05
4ab82aae-79a4-47ec-b91b-da2fb02120dd,eca43aff-309f-448f-ac02-06d48edd888c,2025-01-21 00:37:37.284766,"[-72.432144, -84.310758]",1.95
3cae29d2-23a8-434b-bb3e-c7f914e841af,52212a9c-02c2-4a10-8740-5697fa5cbdc1,2025-01-28 23:11:07.983356,"[-78.533046, -174.943859]",1.54
9e222dfc-5745-4996-b7db-f858262ceb45,7244ec23-e018-43bf-add6-1ba920f8b89b,2025-02-22 05:38:59.553454,"[-52.978071, 10.665783]",3.04
3d32df94-74f3-49a0-81e3-fac3593183ae,315cb892-cbd9-4244-a2f2-43170b66cb32,2025-01-07 20:16:51.322805,"[-78.511978, 15.859522]",0.51
353bf47c-3fcf-4c9a-8361-3fb44ca09769,24e77d0e-315c-45f7-8acf-4b571b5cad38,2025-02-07 19:07:06.208952,"[-17.321897, 153.508184]",3.82
82ebfee9-2cb4-4d98-a739-0e92cee6d2b3,85dfc6ed-27db-493b-a6bc-3d1a13866bc3,2025-02-24 20:52:23.433372,"[17.346495, -30.847365]",1.71
08285ac2-a89e-40fe-8e40-7cf60b1e7912,83eb3cad-c8ef-485e-8da1-9e446227846e,2025-01-04 21:09:39.803128,"[44.319246, 59.721121]",1.39
4475dec8-792f-45d3-b06e-52e4147616f4,e4b5484d-18f1-4043-9c7d-809a4f0e9426,2025-02-13 18:05:03.332461,"[-87.6788955, -58.322949]",2.83
39832975-d8ca-4c55-a890-665da9f79b14,d8cf68d4-596f-4697-9f2e-86e6d37363eb,2025-01-08 03:33:42.324845,"[0.7135475, -105.517614]",2.15
bdc09a35-239a-4fae-967a-fe9bebefff7f,dc01da5e-6cab-4222-8d3e-fbffaf289856,2025-02-20 22:24:22.746695,"[-43.394661, 41.458526]",1.25
036d2522-00bf-4d44-9586-2e3695396a53,1806b544-5d8e-455c-9dee-b45b9b928b18,2025-01-30 04:01:51.935843,"[-89.537693, -88.387891]",0.87
a99b1952-8e60-4050-b277-b2064a428996,83845f85-15e7-4660-8033-3258df908ccb,2025-02-10 12:35:28.602171,"[39.97234, -83.866192]",2.98
6e945179-a7bc-4ded-bbd0-91b79399aab4,8a405277-2b7a-402f-bc23-525cea7af75f,2025-01-01 16:44:49.514916,"[-17.8690365, -92.442852]",2.78
77f03856-722b-4847-b31b-8554539024ce,96e3e771-2d3c-4816-af02-b932a8f4a926,2025-01-13 15:49:24.513112,"[-79.7017005, -173.948684]",2.38
73b27e36-9637-457b-be55-f465ca3daec6,365539ef-0c88-4eb0-b051-ca596de040ac,2025-01-06 04:12:24.834527,"[-56.823277, -179.309943]",2.82
f263c77e-16a1-484d-a8a9-f8a7ff1adaa8,627042f4-041f-4375-950e-77364f01ff57,2025-02-10 06:55:52.554405,"[22.574979, 98.706367]",1.52
a15a2560-91b0-462c-9de2-e1420302b6b8,52212a9c-02c2-4a10-8740-5697fa5cbdc1,2025-02-13 09:47:44.326627,"[-36.348478, -98.95058]",2.15
4300b168-76a8-47a3-a167-5aba0e33c899,a33a22da-ccda-421b-b8a8-68f5be5a23d7,2025-02-04 10:20:07.733658,"[-10.0083755, -114.407343]",2.68
831df13f-6042-40c4-b3ef-6025bdc848ef,7e02341e-7b22-4330-93ae-fe035479c599,2025-01-20 20:53:44.336827,"[78.5545305, 121.564606]",0.62
e1086cb0-8763-457b-a010-d13ab2633d2b,ba7257b6-96bb-4005-acdd-b144b073ce52,2025-02-02 15:15:44.329021,"[32.5353575, 83.496792]",4.55
16ce00e4-d7f5-46f6-b156-6504e89cd9c1,53a58704-fff4-4575-a78d-c7592c0cd50f,2025-01-23 20:37:22.348832,"[23.3271235, -35.745041]",3.1
13950adb-1f0a-441e-9ff1-5a63cd0affab,5ad3712a-02db-44d4-9c73-24366009a02d,2025-01-22 00:30:53.411253,"[-60.905083, -5.342476]",3.31
68857055-cae8-4b8f-87ce-fed9a0061c5d,da4bce82-23d9-40b2-8bf6-9a5cdd367af8,2025-01-31 06:10:26.871807,"[15.4454275, 39.126273]",3.04
ebad5f42-ac04-4d29-80cb-609590dce01d,8a257891-473d-4c19-be3a-db9aa94bfe71,2025-01-15 03:28:34.850155,"[40.6728905, 104.245288]",1.16
58a6a95f-bb92-4c93-98e1-88a16fdd9c67,18b8b7e5-9fb4-4f94-9973-7526e4c1cbc5,2025-01-13 20:06:15.548660,"[-29.183165, -150.224508]",0.52
ec9eb7e5-f0e0-4d7b-a2e4-9ec87093af62,7e5e8f2d-1a75-4c5e-80bb-f1bc3db835a9,2025-01-09 02:01:27.052992,"[-4.5083955, 152.571246]",4.97
d29058ed-5248-4b27-bd9d-538b63ec1ba3,3f2ad7b4-39e2-413a-9c80-ce21f627ff64,2025-02-09 16:54:28.840410,"[72.6895545, 112.674507]",4.17
38fdd646-10de-421e-aa4a-0a237581572a,aa84375c-419c-44bf-a095-78fd12153836,2025-02-01 13:39:34.534518,"[10.4729715, 5.453136]",2.43
c8614882-d3ce-4f16-9254-21d6f209f9b4,4721fa46-6a8a-47eb-9c2e-6a4f9a5401a5,2025-02-09 16:52:06.663014,"[-82.420943, -16.583208]",2.0
b6d7bfca-f519-4a3d-a409-698a7e71c196,3189c5d7-b851-485e-9385-5611a1b390a1,2025-01-31 20:49:24.680507,"[-33.94901, -144.791606]",0.74
d16825a3-30fa-43c4-bebd-98fc6d9ba71e,3d6fcbc4-2b14-46cf-9a9c-79f4bdca991d,2025-01-10 10:24:55.359687,"[-72.9288165, 178.495422]",1.97
7097837c-7b65-4f5a-844f-ff38362c90bd,ac888a0b-e981-464a-88e1-8f4e7e878477,2025-01-19 13:41:00.782577,"[-32.5765395, 65.56738]",1.81
c8fe9a96-d249-4541-9ead-1f3e6342b3bc,7315a8de-e6b8-4ea5-b393-2eda9407909e,2025-02-01 18:14:10.539931,"[86.741728, -99.205161]",2.27
6dda798a-294a-4e7f-a0b8-61c63e94acc9,e171f424-8e13-40be-9306-6d98ba07112d,2025-02-10 22:05:54.129939,"[-11.8574255, 89.08983]",0.63
b3888bfa-0293-498a-ae47-ac9dacfb9a62,1f40b96e-8b07-484e-b572-ef70fef16ed9,2025-01-27 23:32:44.847060,"[-17.291116, 20.923329]",0.59
cf96f31f-57c6-4cfa-8dbe-16b0cb5a81a7,0e394f23-6e27-4f2f-9b3a-eb39971c4cf0,2025-02-10 10:50:06.394809,"[-33.94901, -144.791606]",2.33
3d8d8197-057f-4e3b-8eb5-71b376829b61,c7ff4315-4717-4253-8592-3f24cec9732c,2025-02-02 05:23:06.202175,"[37.456675, 133.292001]",3.07
4158888c-002d-45d9-9538-f39e93029b75,77d768e1-655e-4d8f-a67d-8ac206033b1c,2025-02-21 22:53:22.101233,"[-84.448792, -51.58993]",3.74
642c68d3-2818-4312-a740-bdeb92edafc3,8c9cf07e-5c22-4500-946b-9c1bf63d86ad,2025-02-22 03:33:01.303092,"[29.6366595, 171.371229]",4.36
1f2ddb7d-80c2-4b26-ab35-45a98eb332e3,86e2369e-a447-45a0-82d9-6b718c7cc26d,2025-01-15 18:08:44.964318,"[-26.5978855, 136.696828]",1.17
1f82c713-d03f-45e3-a696-f71db0358088,eca43aff-309f-448f-ac02-06d48edd888c,2025-01-24 11:43:30.252909,"[34.129205, -60.587737]",2.41
4e4e1da9-47b7-47bd-bd69-6140f49b4978,3b28f60a-95bd-44c2-aedc-056463a47c74,2025-01-12 22:40:49.472368,"[17.346495, -30.847365]",2.95
434a41ce-a658-44b5-ad25-cc403d363ea6,e5cc0a28-df17-4887-94c6-806f352c8076,2025-01-28 12:34:28.422200,"[-3.2773155, 14.046966]",0.25
3b35275b-b312-40f0-85bf-f6d423f455b4,5cb1660c-32bf-4b0e-b19d-b9c6d40dc6ab,2025-02-17 14:47:01.638247,"[40.8260705, -87.822258]",1.39
5d431013-9792-4920-afae-0406d292657b,363173b9-8c22-494a-bf50-d5937f0e7754,2025-02-21 19:40:19.035776,"[-29.183165, -150.224508]",2.74
a0d7c8b3-2b92-4b68-ab4c-76ce2d83a650,14719da1-deb9-46f4-adc0-43faf11d522b,2025-02-17 20:38:48.266777,"[-66.9618735, -24.81358]",1.1
042ec22b-6a7f-4ead-8e85-37866af28251,8fa20136-002b-4568-b143-2b411d14f9ae,2025-01-17 20:35:48.548970,"[32.292064, 165.326858]",1.95
d9a465d9-d7a5-41cd-a826-feed568030a5,0d7a4c56-d522-4901-9d81-f4b070bad277,2025-01-03 20:23:10.177356,"[87.1477485, -79.030626]",2.9
89722495-ecdf-4c46-9fbd-421fb58fe94e,d820c99f-dcc9-493e-908e-2707dc42ef9d,2025-01-08 03:55:38.165582,"[-50.4241535, -139.319084]",3.41
eae141e5-52fc-40bb-a31f-21be42852902,85dfc6ed-27db-493b-a6bc-3d1a13866bc3,2025-01-30 02:58:59.585113,"[37.456675, 133.292001]",1.42
d369dd75-02ae-486b-8484-a9bb1a2a63aa,160fb6a2-6de6-4214-bd21-fd72c3949854,2025-01-03 14:43:47.995586,"[-12.793679, 22.2543]",2.19
cf699c8f-9874-414c-8af0-68dbfe50ea4c,d3650f66-192c-408a-9fc8-9fc3ca6e73cf,2025-01-12 19:37:00.013982,"[-33.9647305, -34.176407]",2.02
173aed75-732c-467d-891d-04760f1aa207,5a57def4-56fa-48c6-bf37-48ea209f1c50,2025-01-06 05:26:39.857668,"[85.697155, 104.298325]",3.85
19e24a26-ad6b-4035-a2b7-83874de6479c,d2537579-fd02-4c46-acc5-56fe9234af64,2025-01-31 23:43:58.709313,"[-70.0811125, -63.507376]",1.24
b31b898b-7f8a-4920-bdfe-491f7153d48b,eca43aff-309f-448f-ac02-06d48edd888c,2025-01-23 12:12:24.625511,"[-66.9618735, -24.81358]",0.7
2d60dcc4-8110-4d25-837d-63890fecc0c8,aaf9e13d-30e1-456a-b032-5ce32a1a43f5,2025-02-11 23:08:43.401208,"[46.8626075, -57.185276]",2.96
435ba4e5-2575-4eed-9c7b-4024257863f8,63f61caf-f3e4-455c-a9b1-bbaccd7dd1a7,2025-02-06 00:52:12.284109,"[-9.836874, 17.557527]",3.47
dd7982a0-a670-4fb1-8330-78b62b0ff521,8a257891-473d-4c19-be3a-db9aa94bfe71,2025-01-08 22:24:38.467167,"[11.7681115, -145.221]",2.39
2319f9f0-a1dd-4ca9-ada3-7c44cd59b51b,d5f7309b-1a12-4659-b00d-40aa108e8e40,2025-02-21 01:32:52.351955,"[-75.051969, -54.105069]",0.36
1a300dad-0d33-466a-973a-153d2f67ab97,3143ffd8-6d33-4f50-94cf-0ca1fa95cf0b,2025-01-16 00:27:35.355719,"[44.319246, 59.721121]",1.57
e934f3f0-6d48-4216-9325-6e54c1708d8c,4721fa46-6a8a-47eb-9c2e-6a4f9a5401a5,2025-02-06 13:02:34.835113,"[83.3115645, 174.688347]",2.45
dcd48ce1-8805-4351-a752-6eb8eb60855e,37c4ea73-6a14-4f3c-b6ef-c34af7968bea,2025-02-19 01:36:26.685209,"[35.227539, -135.347388]",0.4
5844093a-5142-4fc1-8817-bace3f44029d,1324bb78-f9ba-4abf-8569-45808154cf22,2025-01-24 20:34:08.722043,"[51.293994, -126.726276]",2.35
8162bbdb-8db5-4364-8b2c-a4be72937fa0,5cc1eef9-0e34-4904-8c6c-726fb49d1e26,2025-01-15 03:45:49.724693,"[-39.3667465, -140.386307]",2.43
99b889fa-94e7-45b7-b999-889aaff9e52d,4cc20226-4048-49e8-a575-51013ebe3492,2025-01-29 06:39:15.507839,"[-70.0984915, 14.039999]",1.66
2ab42f02-bcad-4691-88c1-2fdfdba0029a,315cb892-cbd9-4244-a2f2-43170b66cb32,2025-01-12 07:19:26.043870,"[11.0006035, -5.379793]",3.09
fad002ee-aa9a-47f3-b2fa-9c6e52b1ca64,69394a9d-0819-4ac7-982e-520735ba74db,2025-01-05 21:38:39.425247,"[25.2589075, -165.967116]",4.01
b67ca90e-a3e6-40f0-ad21-355cfb5e4dbd,aaf9e13d-30e1-456a-b032-5ce32a1a43f5,2025-02-22 12:50:07.735191,"[8.190296, 163.144192]",2.78
932e54cf-1ab6-4aed-88da-9f282a8a4c06,0b044a4d-6776-4cbf-bb88-0d7f3aef4721,2025-01-24 12:12:56.092412,"[-20.134643, -136.017726]",1.22
fbaa95b3-05fd-4c39-9462-3e97f3604bdb,78cf12f5-8fcf-464f-b421-d6d9f4f95a22,2025-02-01 09:30:53.382649,"[-52.511328, -91.452702]",4.75
72cec41b-29e8-4ace-8e49-e65d45bb50e5,2ce17049-e945-4d06-96e8-4ab727a24903,2025-01-22 02:31:22.034750,"[-15.5485975, 144.559793]",2.84
6c5ffd2c-ac3e-440d-af33-71a0cbe311f1,dc01da5e-6cab-4222-8d3e-fbffaf289856,2025-01-23 20:59:38.858756,"[-29.7254225, -78.504232]",2.52
4c8af8bc-edd3-45af-88ce-146b8210309d,0d45e568-2408-45d3-8320-6f71cf3973ae,2025-02-16 09:15:27.306466,"[86.6581855, 68.247258]",4.46
a00fecee-f624-45e6-bc81-caa01a7f389f,254d884f-8ddf-47dc-b31f-95d9c4410122,2025-01-11 01:59:52.015565,"[-36.2301125, 44.115971]",0.24
99612011-e4dc-4edb-98a2-201c4335db18,2963b506-ae11-4db5-bc61-e99a6c43e7b3,2025-01-05 16:29:35.815506,"[70.067507, 85.639831]",3.3
5cf36a4d-f7d3-4cd4-a741-7124793dff61,15e82072-dc4d-46f4-8b62-11f6bd1cfdec,2025-02-20 18:17:45.194550,"[57.9257435, -25.500963]",4.93
11423150-e22a-44c4-8e73-cb9e7aa017d8,e73c934a-5c22-4c9e-b65b-6c6fc6affe46,2025-01-19 13:54:12.043732,"[17.346495, -30.847365]",4.2
34de7703-f19b-4c8f-bf68-92a481b6c6b3,bf21bdb2-f6dc-4b4f-84dc-4fbb4f750924,2025-02-06 13:45:18.086276,"[33.263356, 59.904063]",3.89
8056fb0d-7a48-4902-bd4e-f40572ecfacd,e73c934a-5c22-4c9e-b65b-6c6fc6affe46,2025-01-17 01:30:55.320997,"[11.0006035, -5.379793]",0.55
5284e405-887e-433e-bc73-086979ad1341,13987d66-b541-4901-aa9d-5e262ebe22ca,2025-01-09 08:52:38.710870,"[-69.2135395, 58.910614]",0.43
eb9821c1-8600-426e-a8e9-19c162eb4895,00b5a881-70bb-40b0-95d9-9dbb18f2f0d0,2025-01-05 12:00:14.758352,"[0.7135475, -105.517614]",2.09
d79e4ddd-d674-44fa-9dd9-5c50b95932fc,d66a122a-d357-4ece-8084-12788c591d5a,2025-02-11 10:34:32.467819,"[18.50104, -12.064514]",2.11
9bf9e001-9b0a-47e1-a65b-5439a0560bb7,00b5a881-70bb-40b0-95d9-9dbb18f2f0d0,2025-01-16 12:37:31.806967,"[37.9004125, 169.979997]",4.0
4bcdb43e-20a7-4dae-bb5e-648d1e538c63,495dac5e-57cf-43aa-8914-ccae11bc3a01,2025-01-30 15:20:56.497386,"[-32.199616, -63.14312]",1.12
d023ca17-0b27-4690-8744-64f54f9bfb5f,df72d502-5494-46f4-8bbb-45de324fe27b,2025-02-05 09:22:57.851314,"[32.5353575, 83.496792]",1.28
cebd2972-f43e-4fe2-9632-9fcc08967b41,7e5e8f2d-1a75-4c5e-80bb-f1bc3db835a9,2025-01-14 22:24:14.276393,"[63.896043, -57.218117]",3.75
44ebf865-6032-4e80-8dde-0d42d7a50fa6,070ea7a7-2df3-48f9-b40a-7052aaab5652,2025-02-09 05:01:25.127749,"[-9.375282, 42.789824]",1.58
208cbcf0-7f92-404a-b03f-a6aa9314d2cf,0ce089f2-e7b7-4422-b22a-157467cd5dc5,2025-02-20 22:43:46.997950,"[34.129205, -60.587737]",1.59
0996678e-52f2-4575-b3ab-5445737af77e,69394a9d-0819-4ac7-982e-520735ba74db,2025-02-04 17:53:06.050591,"[87.1477485, -79.030626]",2.04
285e9ece-89a6-43ee-9a24-6ee244467bba,7dfee6d2-a75f-436e-8fdc-3d6233117873,2025-01-07 20:23:03.850783,"[80.161297, 30.115105]",2.48
9e7235dc-1b08-49cb-98ec-3555921a68c8,aa84375c-419c-44bf-a095-78fd12153836,2025-01-01 16:59:55.520962,"[-50.7564745, -48.462367]",1.2
6514cad0-f8cd-4b13-9ed9-2dc04bcb7922,1ff1b067-4616-46a6-adf9-9dc33f0c3d9f,2025-01-04 06:15:22.239131,"[-77.582192, 125.2946]",4.82
0ce92009-0207-474a-a590-3a5538cad658,3d6fcbc4-2b14-46cf-9a9c-79f4bdca991d,2025-02-07 10:22:26.664149,"[-18.880534, -90.991236]",4.83
bfd74fad-943e-4ebb-ae5d-ca3c54f470af,93dfff54-2b89-453a-981a-c3960eccc78a,2025-02-10 18:50:57.359901,"[-35.783637, -119.966397]",0.61
5d4da68f-c31d-4527-966b-1bd9bc6aa7a1,edba16b0-b55c-442b-b0a3-5bb1f559d392,2025-01-03 05:34:48.374993,"[77.6368695, 82.432108]",1.96
5731ce8f-e3f3-4cac-943e-b5645de0e1df,d1a284f8-d4f6-43aa-955d-24e91cb5833d,2025-02-04 19:57:08.010455,"[10.9287995, -49.641158]",3.3
48318d6c-e64b-4b1d-830c-9d479ad1f3c7,1b90e39a-9285-426a-8bac-92487f623e73,2025-01-29 18:26:21.211748,"[15.208841, 8.063755]",4.33
62e689a5-e9b4-4468-af53-1534e73e2f33,3d6fcbc4-2b14-46cf-9a9c-79f4bdca991d,2025-02-06 19:53:26.004176,"[-40.3664205, 74.838262]",4.6
3bc0c7f3-195f-4bd0-8e5f-7392fb7ac391,5cc1eef9-0e34-4904-8c6c-726fb49d1e26,2025-01-30 06:53:03.304172,"[13.371544, 142.251195]",0.14
858806fb-9634-4400-8b2b-fa2b600f4c2e,363173b9-8c22-494a-bf50-d5937f0e7754,2025-01-04 20:52:25.528219,"[-29.183165, -150.224508]",4.13
11575309-521b-4e16-8c82-0a4ad6fef86d,f55d0f69-fefd-4b43-8b48-b2b5b051e947,2025-01-01 14:30:40.256978,"[38.926801, -79.264522]",4.31
29d7e067-43e7-4c32-9397-92ef37ef7252,adc0fe47-87ed-420f-a6ef-7b1b15c1e771,2025-02-12 02:41:58.373446,"[-74.081926, 152.475281]",1.52
45b8c260-7a56-48be-a3c2-77292ceb4efb,f55d0f69-fefd-4b43-8b48-b2b5b051e947,2025-01-01 04:03:08.448978,"[62.664146, -149.667067]",2.67
c9c01ec0-1bf1-42a4-8043-2a6b20272d58,efaf84fa-5709-4255-97f4-f4b3a4c78677,2025-02-23 02:24:11.112426,"[10.4729715, 5.453136]",0.29
4f4008bd-40ff-41ef-9c67-34f31d757665,eca43aff-309f-448f-ac02-06d48edd888c,2025-02-06 22:55:34.714286,"[41.849034, -49.869405]",4.4
df96583a-22be-4259-bcc5-4b4987874329,809761a9-31b1-47b0-8a16-ef4699bc7037,2025-02-09 20:10:19.221867,"[-47.7931965, -132.484028]",3.95
3d929011-dec2-4923-bbc0-3c7547076035,48661b62-9110-4cf5-85ec-c5149bd5bd24,2025-01-24 20:57:50.669431,"[18.9549865, -19.843988]",4.05
abc22a05-eba8-4570-9c4f-eecfd94fb1a1,a8f6ce57-9902-4a50-9d98-d233c7aa69f9,2025-01-09 19:42:42.747319,"[89.8790995, -172.223243]",4.47
757b2f2a-67a9-4488-9b5e-cc804f79821a,228096de-3b35-4596-a137-48acdb138b20,2025-01-30 04:17:42.796706,"[-50.7564745, -48.462367]",3.22
520d2bc0-b4c7-4e03-b144-0240cad5484e,e76e9a44-476b-4520-a0b6-d12f19509e0c,2025-01-11 15:05:46.043292,"[-79.7017005, -173.948684]",3.48
d08994ec-fc47-419e-86ff-cdcc2d61c442,79d20d1c-c2be-4cef-a56f-5a3a6ea4ecec,2025-02-20 20:51:28.738983,"[68.466758, -94.218104]",2.17
692d38ca-63e6-449e-9763-6926663781e3,43eb8fcf-9c5a-4248-861f-942a574b227d,2025-01-05 04:58:56.161793,"[54.6266, 84.722887]",3.29
80964ee7-99eb-4205-95f6-3845645b372a,c1d236e8-1464-44bb-9cbb-28718f45aa85,2025-01-30 14:13:36.145694,"[-26.5978855, 136.696828]",2.3
d8cc623f-ff2c-48a8-abf2-aef5cace3a66,e9762e44-2e3e-4e92-92c7-a6c4bf34eaf9,2025-01-28 05:50:00.351265,"[86.741728, -99.205161]",4.04
2281fb40-9d4c-4340-a685-080ba70c6529,47523fff-9b82-465a-b066-1306f0d6a55b,2025-01-26 15:06:09.583665,"[12.6431075, 30.474513]",4.16
9f68a65d-bf49-4ed3-8a31-f48f9a01e3bf,658a26a3-7323-4deb-bbb1-687114a9309b,2025-01-15 09:30:29.310619,"[-86.53188, 167.165974]",4.53
343d5364-c6ba-4024-aa70-1588c0a00efc,52212a9c-02c2-4a10-8740-5697fa5cbdc1,2025-01-31 02:45:10.433412,"[54.6266, 84.722887]",2.8
8d99b3ff-d5ee-44a8-87ca-3e85c3d28186,50b786cd-0b72-49cf-b8c3-c575bc81216c,2025-01-20 00:31:00.319707,"[-14.2503105, 76.721104]",2.29
c6c4cb62-b8c5-468d-9d6d-b014b0bac61b,8a405277-2b7a-402f-bc23-525cea7af75f,2025-02-14 10:42:16.287976,"[41.645423, -2.153859]",2.13
d8d36d4d-194f-404c-a352-7a5b45d163e0,c1d236e8-1464-44bb-9cbb-28718f45aa85,2025-02-16 23:46:48.979654,"[70.067507, 85.639831]",4.22
9e682587-0df5-4550-a4ef-8b24885e67f7,16bf9b57-611a-4cc8-9e7a-00f79fb5a470,2025-01-06 09:47:35.334450,"[-9.836874, 17.557527]",3.68
743cafbd-c369-420f-84db-4117506b1b34,77eed4a6-7497-47d9-9953-a0f546a2228d,2025-02-23 22:20:43.476575,"[-36.0322905, 161.840343]",0.17
f10da5e7-6635-4742-98fb-a649d4d2b06f,1b90e39a-9285-426a-8bac-92487f623e73,2025-01-31 21:07:01.047359,"[-29.7254225, -78.504232]",1.6
835becb4-49ef-4f64-b6c4-59aa5e8fc1b6,eb7c49b1-91b1-4b2a-8f45-3aeb60e95161,2025-01-08 10:52:08.139671,"[11.0006035, -5.379793]",3.37
f5febb9e-3c59-4c1f-bdc2-f03d2081e583,66cd99a9-cdef-4d38-a25b-d0af11e1c21f,2025-01-16 18:39:57.503589,"[-28.825838, -64.183952]",4.15
5a0339aa-85ad-42ac-a8ec-92971c098499,24628736-e1e6-431d-abb4-2279052d58bc,2025-01-21 02:41:28.675337,"[-40.3664205, 74.838262]",3.21
65e6dba3-4266-4498-ab39-220641de8fab,191fc93e-f3fe-43b6-a8a0-1c0b63b159c7,2025-02-23 02:36:39.127906,"[-11.8574255, 89.08983]",3.54
5b7ddf40-164d-455f-832b-e2648a2614c2,5e33fa53-4561-47e6-9249-1a6e886de5e4,2025-02-23 04:57:43.690643,"[-76.087151, 150.105129]",2.2
0d22853a-bbff-493f-a9ee-59e1e5aa2b71,a4037066-fbad-4bf1-a672-8bf52378696f,2025-01-23 21:59:46.851859,"[-1.533437, 24.578986]",4.11
0778000f-2287-43fb-a05c-90772d795ead,08b0f071-f0da-4295-9afb-66c73cd863be,2025-01-16 21:31:07.546631,"[57.680358, -27.976557]",3.83
179eaa29-3bc8-4271-aea1-45bf5568efcb,3b2e1f42-f78a-4d97-867e-bba26f3399dd,2025-02-24 00:11:15.929750,"[-72.4993655, -30.323649]",3.71
5f854805-9d80-423a-9b04-a065f5478f62,37c4ea73-6a14-4f3c-b6ef-c34af7968bea,2025-01-20 06:58:29.383006,"[85.2877355, -7.034731]",3.41
e0bf4541-51d7-4659-b5cb-24437123a413,658a26a3-7323-4deb-bbb1-687114a9309b,2025-02-24 17:54:24.973701,"[11.7681115, -145.221]",1.58
fb43d116-27ce-40ac-b3e4-05857fd82d5d,1f40b96e-8b07-484e-b572-ef70fef16ed9,2025-01-18 08:33:00.434376,"[12.6740755, 82.258254]",4.38
c991154e-7fff-4665-abbb-8e2ae88d6533,8d7ea604-b6ed-4d61-8890-05e5fdddfd41,2025-02-14 00:36:13.994680,"[57.9257435, -25.500963]",3.56
c161126e-9fa0-40e2-99f2-4efae50560fe,f5555820-832f-4ab2-a611-17999bfb1bac,2025-02-04 05:07:17.377893,"[65.163659, 115.353938]",4.47
a67ad7b2-66be-401f-938e-83d583eaf110,ac888a0b-e981-464a-88e1-8f4e7e878477,2025-02-21 01:45:13.957676,"[78.5545305, 121.564606]",4.91
41f1daa1-b092-48ee-8b40-44751cdb080e,83200093-7bb5-4cfb-a012-a7d9c9f10b34,2025-02-02 13:49:23.792158,"[-77.297643, -48.120569]",4.15
3b45d539-a54f-4086-8b2d-4790f0bdff51,4721fa46-6a8a-47eb-9c2e-6a4f9a5401a5,2025-02-06 22:44:32.183059,"[64.9749245, -145.788691]",0.71
a62f97f2-1cb6-4762-90af-a6b4783eabde,41f0ae58-8a2f-4f6d-9b1c-cbcaea280471,2025-02-21 21:22:48.326311,"[47.0118565, 96.114364]",4.05
5dcc08f3-cbb0-45e0-8203-a537b854becb,457e6e22-4294-4277-aa9b-cbc60f79fe26,2025-01-19 03:36:50.681547,"[-9.6927635, -177.378661]",3.5
9679ec0d-1dc5-4988-a423-de118f750fcf,f5555820-832f-4ab2-a611-17999bfb1bac,2025-01-03 09:04:31.291873,"[66.9885335, -159.238615]",4.19
d33a7713-6423-46bc-a9a7-38617d7f5c24,3d6fcbc4-2b14-46cf-9a9c-79f4bdca991d,2025-01-25 07:44:55.734185,"[41.690052, -70.37747]",1.49
d341096e-6146-4bf1-be82-fe57c9d91bcc,274a7ee7-57f9-4623-9068-778907b6cfc3,2025-02-16 03:08:17.164731,"[78.5545305, 121.564606]",4.25
1ad84c3e-47f7-4530-9362-76ebc9c03d3d,62aa546d-1e86-4ef5-a232-4cbc0e6b87ce,2025-01-18 09:30:53.886303,"[-18.880534, -90.991236]",3.9
51bc1b05-4233-406a-bc69-cf261740141c,9b42d384-e820-480e-aeaf-9344e589ba17,2025-01-23 07:29:09.620524,"[89.8790995, -172.223243]",3.13
d25a0a6d-188f-4876-af3c-74eafc2b8e57,dbc46d6a-eab6-4ada-a4e8-85581ce902cc,2025-02-01 15:37:24.049949,"[59.2677705, 125.982706]",0.19
a93bf1f8-17eb-4d80-bc65-ddad23e39a91,3e4f5ff0-56ee-4fee-957c-ca7602101bfa,2025-02-08 01:44:36.042131,"[32.292064, 165.326858]",3.38
faf98f9b-f751-435c-a8be-0ed5b55a405c,1f40b96e-8b07-484e-b572-ef70fef16ed9,2025-01-16 04:47:26.259463,"[30.9945195, 80.296727]",3.39
7be02e65-528c-49d5-8a5c-995e34028644,48661b62-9110-4cf5-85ec-c5149bd5bd24,2025-02-10 17:19:43.609978,"[-77.582192, 125.2946]",2.15
fb14896e-a63e-46b5-991a-c3b1aa75f529,b51e8847-8c06-4e05-891d-a3135752f459,2025-01-06 03:24:39.924206,"[-64.615533, 95.319325]",0.74
db9dc2b5-3568-4cfd-91e9-370be3d750d8,fcb3419a-d0cc-4ece-9d52-fef11a18d189,2025-01-03 20:01:53.404588,"[15.4454275, 39.126273]",3.34
d5a0db9c-3d08-425b-a9a6-1be266aa3141,39115c76-0d8f-4a7a-8ca5-4acc2cd6582d,2025-02-21 14:18:17.312708,"[22.574979, 98.706367]",0.57
4bfe51af-e27e-4de3-b457-e8e4abb5b5ff,9732078a-ec69-45f6-b217-9b68d7cb493b,2025-01-21 08:10:31.802693,"[85.2877355, -7.034731]",1.17
77576383-6fbc-4efc-a6ae-20d30737eaeb,d66a122a-d357-4ece-8084-12788c591d5a,2025-01-24 23:05:37.619736,"[66.5997705, 23.624827]",1.71
a6ad97e2-8a95-4665-80f9-0bf92b62c755,4d06f145-bcdf-4bb7-b8f1-74c6c165621b,2025-01-16 06:51:26.616938,"[-58.873946, -49.403644]",0.68
340d8916-a864-435f-82b2-aee2990e3fcb,df72d502-5494-46f4-8bbb-45de324fe27b,2025-01-30 16:47:02.146600,"[89.8790995, -172.223243]",1.96
c3a2ff53-572e-439d-bbe7-09507898b55e,ba67ebde-9434-4a0f-822c-e48a61c7eae5,2025-02-07 14:55:23.997776,"[2.6092255, -26.013263]",1.43
1dbe18ca-5e37-4097-957f-4b44168c0d7d,fe429e2c-7a6e-4430-9981-670490cf94c5,2025-02-19 16:54:24.939956,"[71.888147, -32.965931]",0.18
f615751a-f976-4a1c-8137-aa60e0d7681e,adc0fe47-87ed-420f-a6ef-7b1b15c1e771,2025-02-01 06:35:31.225249,"[-40.3664205, 74.838262]",3.4
4a0180d7-1c26-488d-ac8f-6e76f3f7214b,08b0f071-f0da-4295-9afb-66c73cd863be,2025-02-05 13:37:30.889856,"[-58.1843235, -150.403995]",4.95
d58085cd-6312-44ee-a105-86b1bc722112,ac888a0b-e981-464a-88e1-8f4e7e878477,2025-01-05 14:01:38.228538,"[22.574979, 98.706367]",2.92
6c3b2a95-b7ed-41f6-a5a6-d06554ebc8a5,d1a284f8-d4f6-43aa-955d-24e91cb5833d,2025-02-16 22:22:33.204960,"[-10.502611, 4.789146]",2.84
c3d35f38-b9d4-4321-aa99-b0f6490e9c2a,07260682-7d30-46b5-b352-4d85d379a20b,2025-01-27 12:00:49.132930,"[53.3034605, 128.511629]",4.41
9a3abded-1e3c-496d-8ab6-04fca78fc6ea,4721fa46-6a8a-47eb-9c2e-6a4f9a5401a5,2025-01-12 22:29:50.855641,"[-67.986233, -28.345382]",2.95
8768e92c-3315-4022-bf2e-96aac8d4fd1c,99c52df8-0548-4d6d-9a61-5b3a54324c1d,2025-02-25 14:33:29.899034,"[12.6431075, 30.474513]",3.82
937c65ec-d5c3-433e-a6df-ad6124dcd004,ac888a0b-e981-464a-88e1-8f4e7e878477,2025-02-16 07:05:19.103997,"[11.747091, -93.137767]",3.76
fb737eb4-34eb-4b3a-ba58-2ab8e6c190f5,c7a28007-883a-4133-af91-57633d35b6fd,2025-01-15 06:46:07.301009,"[-41.2221815, -154.201465]",0.8
2c5e10c1-e596-4245-b2a4-000acd8a6828,838f9975-93d2-4d9e-8754-a090f0b82200,2025-01-09 14:25:26.983819,"[-6.155854, 61.155277]",3.87
6162de4c-04e5-441c-976c-1699f729b6a0,2b874c0f-9bb9-4964-b846-e46b93e44153,2025-02-12 11:12:54.287960,"[30.9945195, 80.296727]",4.7
05246661-4241-4056-9103-c8d9515f613f,f851757b-afe1-4d72-b7b6-6cfbb56a8bc5,2025-02-20 15:02:06.978033,"[-30.92493, -135.324377]",4.45
a0722db6-1fde-4349-8930-0e32fc870217,c328c268-feb8-4f75-a405-19558822e7e6,2025-02-18 08:49:27.271378,"[-9.6927635, -177.378661]",1.92
82e1ee3a-5ec3-4f58-b9bc-76cd27c73c8c,42e181b6-ace0-42b0-874e-c901d8c38e07,2025-01-23 01:45:22.440296,"[-70.0324235, -65.662846]",2.78
9575fe4a-0632-4dbe-aa84-3f687591d600,688e5b4a-6f0a-4367-affe-2a10ad189180,2025-01-06 23:50:24.898408,"[-17.321897, 153.508184]",3.01
6cf77e7e-b4c7-48f8-9e81-71ea3949e527,0e2e4e23-d141-44e0-bfd6-a9697e455acc,2025-02-02 00:43:23.172583,"[21.984286, 137.791334]",1.12
816ae339-183e-46d8-a67d-b04accd14200,aa84375c-419c-44bf-a095-78fd12153836,2025-01-25 20:42:13.620358,"[-48.0781765, -101.768515]",3.44
0c39c102-55aa-4a03-8c94-8615e567926d,eca43aff-309f-448f-ac02-06d48edd888c,2025-02-25 20:55:02.274044,"[10.9287995, -49.641158]",2.57
ae5b6b60-34d6-46ba-82ee-c7bdae60de97,fa224bc3-3ef4-4c3a-8cc1-42cbf758b418,2025-02-08 06:50:49.283570,"[58.081836, 52.474334]",2.78
4fbc1845-c439-41c5-9c41-e2e41b73cc6e,9397b6fd-5850-4fc1-8cbe-143ce8b40e9b,2025-02-12 07:09:50.718954,"[11.747091, -93.137767]",3.95
bcf67f4f-e209-4037-aa62-84d7fe4a7617,9397b6fd-5850-4fc1-8cbe-143ce8b40e9b,2025-01-26 20:43:53.883743,"[53.3034605, 128.511629]",3.43
5422238d-6bde-4f2e-a1a6-ad707934ae37,550d5a9f-c08b-428f-9ed8-36631e8b42c8,2025-01-02 05:35:25.661346,"[-14.673632, 104.357373]",2.46
691c2731-02dd-47ff-aa83-db7e5f45903e,2ff7f95b-8fa4-4794-909a-92138f3cda88,2025-01-26 09:51:43.396379,"[-20.9367, -55.498332]",3.06
e8165daa-1660-4552-a2c9-1176bd8bfc4d,d2537579-fd02-4c46-acc5-56fe9234af64,2025-01-22 17:40:11.603844,"[86.741728, -99.205161]",0.16
e44f7b7e-2904-4ecd-9829-e1a0ebfc98f5,3fe65f82-c4f5-409b-9bb8-33c56773d9c8,2025-02-14 12:21:28.644637,"[-55.924564, -83.271281]",3.05
0f2e921e-3ff3-4a4a-a4c4-4e4c2fa275ae,dbd95f30-f736-4922-b41d-6ce8c37fea62,2025-02-13 20:16:44.073545,"[44.319246, 59.721121]",3.19
76877a06-4646-434f-81db-531bfd6ee1d1,9b69325e-373d-4ca5-ba5c-61a8e8388b78,2025-02-06 02:08:39.171599,"[15.900868, 29.852276]",2.08
8e6a2476-911d-4a97-99a5-297818dd8371,8778fc09-c1de-4bb3-a04e-33a4f31a9a38,2025-02-15 14:14:11.582193,"[23.3271235, -35.745041]",3.79
ecce16d2-3410-4c68-b0d0-9482af48f47d,3a66e018-5420-4f1c-b130-07a27dbdfbe4,2025-02-18 12:25:43.131232,"[-32.5765395, 65.56738]",0.87
41ff005a-086c-44d0-becf-e7f2cb2bc6cf,365539ef-0c88-4eb0-b051-ca596de040ac,2025-01-26 03:35:28.756832,"[40.6610815, -67.732755]",3.24
7bce1938-c996-424c-910c-4b0fa1404c74,457e6e22-4294-4277-aa9b-cbc60f79fe26,2025-01-10 20:12:45.606882,"[27.4337585, 3.111767]",4.57
071bb548-17c3-4e80-835c-d4a71731bf4d,fab76810-0148-4507-b61f-af0b6462149f,2025-01-18 16:46:00.440585,"[-15.276596, -75.662688]",4.7
1155abec-8d94-458d-b8df-82fae1e22e61,d3650f66-192c-408a-9fc8-9fc3ca6e73cf,2025-01-21 18:13:13.293569,"[81.348293, -82.247152]",1.85
9786abac-5b83-45a9-a3e4-6ba7fdec3be8,6ce11602-8ad7-4509-aa62-b5fff1a0201b,2025-01-09 09:01:47.914865,"[-73.0473055, 23.798762]",0.36
b291f765-83ac-4933-8f24-5c925675fb1b,77d768e1-655e-4d8f-a67d-8ac206033b1c,2025-01-29 10:21:02.139062,"[-9.5621195, 98.576266]",4.37
caef145a-059b-4fb1-bb2b-058faf777638,8c9cf07e-5c22-4500-946b-9c1bf63d86ad,2025-02-15 19:03:45.440552,"[54.2823175, 163.816109]",2.48
76a02b4c-325a-4c80-b0c6-ecf06cea6a0a,9a063b27-702f-401b-8060-54e79f76da10,2025-02-20 04:48:57.431686,"[-89.981351, 129.685016]",1.34
d9886695-5c68-4e07-b31a-698583dde74c,04ee38f1-ce96-4663-80da-f833ba20a461,2025-01-17 04:49:19.942189,"[79.9446735, 106.106521]",4.44
43cb097f-373d-4bd7-9ebf-b0b82dd6dcd3,627042f4-041f-4375-950e-77364f01ff57,2025-02-12 19:28:12.202030,"[-62.4674455, -161.08156]",2.95
cb12a16a-cc54-494c-a986-c547cef60515,0e394f23-6e27-4f2f-9b3a-eb39971c4cf0,2025-01-31 23:45:22.200533,"[-55.0849005, -63.433564]",4.61
09e1d678-2987-42d5-9e87-935b56bc8a73,40d4f39d-b50f-46a0-8128-af5bfce0d631,2025-01-24 22:19:47.723474,"[-26.5978855, 136.696828]",4.98
23ad39cf-9ad7-4aec-bd70-66537a35c4aa,2963b506-ae11-4db5-bc61-e99a6c43e7b3,2025-02-08 17:47:14.359007,"[85.7259175, 6.579257]",0.3
9ef43cc9-7412-46be-83ba-d4e0fa76923d,1ff1b067-4616-46a6-adf9-9dc33f0c3d9f,2025-01-12 00:06:47.525886,"[-40.3664205, 74.838262]",4.14
ad41d24f-0468-448b-ae41-ee60bfda4e65,d8cf68d4-596f-4697-9f2e-86e6d37363eb,2025-01-25 11:05:57.064550,"[20.4576365, -167.901444]",3.44
2a4eb040-d419-48ce-98d8-575e2193a536,1a57f7fe-987f-48dc-abdb-2329a6441c0d,2025-02-05 00:09:13.872398,"[33.0006765, 140.908357]",2.91
fa516bc8-72ca-43f6-b0b2-c8efd65d5920,9d0e4bd6-77c5-4b7c-b592-ec1855f5a253,2025-01-30 01:02:21.034642,"[-32.457086, -112.799356]",3.3
a3c4b543-ec83-413d-9308-d06fae2282bf,4d06f145-bcdf-4bb7-b8f1-74c6c165621b,2025-02-10 06:10:42.210724,"[32.5353575, 83.496792]",0.43
690db2d5-cb9f-42f3-845c-02c64e505b77,94e17121-9be3-4c76-ac24-bd1657fed6f9,2025-01-04 10:31:05.343283,"[12.4933035, 70.279055]",3.81
dd0be824-75db-4bf9-b897-188072b44323,f09f1f40-86d3-46d6-b344-daf9c1a7d242,2025-01-12 14:56:33.667639,"[0.7135475, -105.517614]",3.09
a6195897-6a56-4578-b11f-67c4ccd30895,3fe65f82-c4f5-409b-9bb8-33c56773d9c8,2025-02-14 23:26:02.570742,"[-1.6453665, 66.593853]",3.13
8f4baf4b-4d65-49ba-b00f-073d766b0496,69394a9d-0819-4ac7-982e-520735ba74db,2025-02-04 03:26:21.362195,"[41.654114, -87.958323]",4.48
8b279f2d-a1c4-49a5-85a3-0654de162f2a,98dac9dd-202f-4b96-aec9-2eb96a78b5f0,2025-01-02 09:21:35.490654,"[-32.199616, -63.14312]",2.13
4c8fa80d-4018-4820-b3b5-a0e494f70802,5c037a50-a1eb-4359-a63a-631b1b7ebee5,2025-02-12 10:46:38.362059,"[-4.5083955, 152.571246]",2.47
ec942981-13b0-4819-b44f-a9cc0473bffc,ebc14408-b779-446c-8776-7e870187a230,2025-02-13 14:10:13.820459,"[-71.1199005, -88.246484]",3.5
b91c3f77-8f84-4013-8c69-c8b693a3273c,688e5b4a-6f0a-4367-affe-2a10ad189180,2025-02-22 00:16:34.093455,"[30.9945195, 80.296727]",1.0
b6a918f0-ac39-41d5-9247-e246a62a04c1,3a66e018-5420-4f1c-b130-07a27dbdfbe4,2025-01-28 21:45:43.098808,"[34.129205, -60.587737]",1.9
144f0686-7b2e-492c-aa96-1045808fc6d7,363173b9-8c22-494a-bf50-d5937f0e7754,2025-02-22 11:19:48.887848,"[70.366692, 166.287604]",1.32
b81364b7-a73e-47d4-914c-872b015e4076,6ff97e78-b57a-4cf1-9a1f-d62004732bf4,2025-01-09 14:02:55.516850,"[34.9281605, 105.528736]",3.29
9dbe3376-590b-4681-a97d-5344f7859b40,dbe8129b-5d96-4337-9846-597f01c3d5fb,2025-02-24 16:55:46.248862,"[8.3215315, 108.418242]",0.49
2f07a8ff-5418-4f6b-8e86-8040888538e2,1806b544-5d8e-455c-9dee-b45b9b928b18,2025-02-19 23:22:25.321402,"[-67.6346725, -129.942254]",0.97
4e25c542-139a-440f-b30c-25fb7c6418e2,838f9975-93d2-4d9e-8754-a090f0b82200,2025-01-16 15:28:55.849331,"[17.6562995, 11.846663]",4.95
87872ddf-2d8f-4c03-8e07-0177e6f7c4d6,4ee9cf6c-13ce-4e01-877d-55e00d033176,2025-01-07 11:23:53.211032,"[-18.867785, -102.805606]",4.21
5413e331-ce5f-4bea-a8e9-093f7be728fb,0b70b545-3323-42fd-8ca8-56d6d16a89b3,2025-01-14 19:43:11.532906,"[20.764468, -62.624582]",0.44
4d381f5d-655a-4780-9963-c1b7b3ec0bf2,86e2369e-a447-45a0-82d9-6b718c7cc26d,2025-02-21 01:55:58.380801,"[40.6610815, -67.732755]",3.59
656bccb0-0291-4fee-bf4b-3f7f053d039f,d8cf68d4-596f-4697-9f2e-86e6d37363eb,2025-02-26 11:18:20.220781,"[27.4337585, 3.111767]",4.75
e0ed69b6-53bc-4c55-b3e9-d18b23daa258,86e18d65-bd87-4d13-b4ab-0fd209131494,2025-01-29 19:07:38.430754,"[40.6610815, -67.732755]",0.22
5a26665a-2039-4992-a2d9-2c9690fa070c,e04835f1-49ad-4c7a-8325-e201b4de0901,2025-01-06 15:02:01.964799,"[-30.92493, -135.324377]",2.83
15f3ae40-679e-4447-b8c1-f4c331f6fa29,1a57f7fe-987f-48dc-abdb-2329a6441c0d,2025-02-08 03:42:42.019492,"[21.126691, -69.737594]",2.05
feeebcfc-13b9-4b39-acd9-adcbc3e60117,dbd82672-1886-4b65-bce4-dd2c58dcde59,2025-01-26 08:15:00.775792,"[51.064844, -56.5171]",0.74
96ad2692-4ba6-403d-ac35-218ebf9b175d,7c74e02b-36fe-480a-9639-5ece64e6ef54,2025-02-04 12:35:38.216043,"[25.2589075, -165.967116]",4.2
44f8cb0d-7f1b-4a62-91d2-94ae8d38d2b2,69394a9d-0819-4ac7-982e-520735ba74db,2025-01-22 04:16:16.723874,"[-72.4993655, -30.323649]",2.42
3c6c261d-759d-49ae-9b42-bb08e99abc93,99c52df8-0548-4d6d-9a61-5b3a54324c1d,2025-01-20 04:29:43.710351,"[83.4248285, -168.892188]",0.34
0ee7e8fd-a7b7-40a7-b90a-0aa2bb027f3a,e73c934a-5c22-4c9e-b65b-6c6fc6affe46,2025-02-05 19:21:51.712503,"[-31.342862, 27.919124]",2.21
90765049-555a-4d68-8dac-0859f4401d07,8c6a65bf-5156-4569-a546-6a94871e72ba,2025-02-12 11:45:37.224490,"[23.728917, -129.765647]",4.55
faf22472-8f43-4a7f-8dd5-49515d69d40c,8fa20136-002b-4568-b143-2b411d14f9ae,2025-01-11 16:01:04.159091,"[13.371544, 142.251195]",4.44
6371cda6-63eb-462e-8ce6-50583a246817,5ad3712a-02db-44d4-9c73-24366009a02d,2025-02-19 08:22:43.723264,"[-30.951598, 31.874955]",1.35
4de63d39-6f97-41dc-987e-5da0ac3f0cb2,34c429b4-aeb8-4dd9-a1dd-dfd29f3ac8c7,2025-02-24 18:37:14.467824,"[-41.3746285, -179.620528]",0.29
6ce465e0-f516-43e0-ba0c-1f0a1dde5b4c,0d45e568-2408-45d3-8320-6f71cf3973ae,2025-01-08 17:29:30.671986,"[-85.2571375, -179.330661]",4.05
02441975-e815-46b4-a4d6-f20256c10893,ea80cded-771f-44a3-bcb9-aabc4865ebc6,2025-02-23 07:04:24.070185,"[-76.7589105, -118.915946]",3.34
85f5ce5a-0839-43cc-a2de-485fa1c93037,684c5aa6-a3b4-4bdb-a6df-36788dc636fc,2025-02-04 19:37:23.554794,"[13.371544, 142.251195]",3.63
77252846-4655-4a11-a815-f7a0997c46d6,16e13e09-5ab9-4c02-8e12-3ecc291943b2,2025-02-24 08:32:30.393818,"[-81.5977885, -47.926346]",2.33
02ade3ad-aa93-463c-bb29-2a74781b0b23,42e181b6-ace0-42b0-874e-c901d8c38e07,2025-01-15 06:23:43.150941,"[-32.199616, -63.14312]",1.43
866a6356-b2dd-41b7-8595-9be4ab2d0f07,191fc93e-f3fe-43b6-a8a0-1c0b63b159c7,2025-02-12 18:52:38.881849,"[72.6895545, 112.674507]",2.74
6c8f2e49-bddf-493b-a7be-285243923d84,b0eec550-400f-4be9-8ddf-f78767722ff5,2025-02-10 19:41:39.006246,"[85.2877355, -7.034731]",3.81
ba997cb8-ec1f-44ac-b09b-97b7acf41237,a1a1770b-1253-4702-9b59-eb50ab8b1850,2025-02-04 18:43:24.843293,"[-29.647743, -46.098276]",4.44
49c2e9ca-e0ea-40cc-a7c7-9613ba0547e9,47523fff-9b82-465a-b066-1306f0d6a55b,2025-02-14 00:49:37.938313,"[62.664146, -149.667067]",3.18
09e5e3b5-7b9c-46e6-a292-f897a354c18d,365539ef-0c88-4eb0-b051-ca596de040ac,2025-02-10 17:00:37.639397,"[-72.4993655, -30.323649]",3.86
afac4c7a-64b4-4a16-a9d2-98964a9d5933,98dac9dd-202f-4b96-aec9-2eb96a78b5f0,2025-02-07 21:34:17.232394,"[-29.647743, -46.098276]",4.11
09117e71-b706-459b-aa1d-199b13165e81,a711ded2-888f-452e-97bd-8ce4e0086077,2025-01-14 18:08:00.233273,"[-34.153191, 67.599758]",3.74
21f10dc6-1acf-49e6-a90d-e5c46424ed6e,e3cf521e-0443-4b9b-800a-d9059743721c,2025-01-23 00:26:36.413835,"[18.50104, -12.064514]",1.48
f1a5f17e-786a-40a8-84fc-0bcab5c69e02,fcb3419a-d0cc-4ece-9d52-fef11a18d189,2025-02-18 09:01:36.148731,"[-49.4491965, 98.303142]",0.89
33adf5ed-4a7b-4632-a225-d12aa5ab2cf6,edadb2c0-6e60-4a2b-8e24-6a29db7e432e,2025-01-08 09:44:22.883432,"[-19.8724015, -106.909351]",0.12
667530e2-4a10-4149-8735-4c6b3bdfba2f,48661b62-9110-4cf5-85ec-c5149bd5bd24,2025-02-11 15:27:11.803979,"[5.095503, -122.071062]",1.05
86a7fd1c-a3a8-4f71-91b5-948683929293,24628736-e1e6-431d-abb4-2279052d58bc,2025-02-01 22:47:51.707899,"[67.1515275, -90.079809]",1.39
e2d56125-cd20-4af0-ab3b-ab44ca0b70c0,34c429b4-aeb8-4dd9-a1dd-dfd29f3ac8c7,2025-02-22 14:17:48.358245,"[77.0172065, 100.722204]",0.23
327d5e00-f3c1-45a6-a07a-138a4d1d4e33,9b42d384-e820-480e-aeaf-9344e589ba17,2025-01-29 20:26:30.943004,"[-50.3927405, 83.910178]",0.11
5140f4f6-87f6-4273-a7be-713ba0bd013b,4788b0ae-04fe-4999-8c38-23613dc81dfb,2025-02-16 22:06:42.308419,"[80.3892435, -17.756796]",4.77
4e2adf7e-7a7c-441c-a518-85e4aa64ad23,9622dfa4-019d-4f63-a271-088452dacf40,2025-01-13 13:45:02.767889,"[-29.7884885, -85.418261]",1.75
aa2e2ff1-2903-4751-90b4-fe28128aeced,0d7a4c56-d522-4901-9d81-f4b070bad277,2025-01-07 23:29:24.345046,"[30.9945195, 80.296727]",1.09
62d35416-84a3-40c2-8b7e-6e4b00d37ddf,2b8fe49d-06fa-4682-91b6-bdc493cebe93,2025-01-25 22:13:31.406018,"[21.984286, 137.791334]",3.97
3fd83d4a-2cc0-4e10-96d8-1c020c736b50,b3e40b16-7a45-4daf-9fd6-f092e091de53,2025-01-24 00:42:06.350918,"[-70.0811125, -63.507376]",1.13
05a651c6-7c3f-4b05-a71b-c30d669b1d4c,dbd82672-1886-4b65-bce4-dd2c58dcde59,2025-01-07 01:04:57.266203,"[-14.673632, 104.357373]",0.5
2d659e51-2537-4c48-8aec-119eed09412d,684c5aa6-a3b4-4bdb-a6df-36788dc636fc,2025-01-26 11:36:59.229046,"[63.896043, -57.218117]",4.12
e2961d81-e495-410d-9729-1dbadcad9faf,dc4b7812-5357-4956-873d-eea65d791403,2025-01-17 17:29:44.237424,"[-13.646535, 29.14075]",1.04
9be7ada0-d2e1-44b3-934f-622f8e255d32,9732078a-ec69-45f6-b217-9b68d7cb493b,2025-01-09 09:09:54.694230,"[41.690052, -70.37747]",0.9
10e694e2-937f-4bfb-9f72-d087d42a3d14,85f2e518-e092-4085-b5f7-1b8c49359408,2025-02-03 03:21:57.400462,"[77.0172065, 100.722204]",4.91
b2710c10-21fa-494b-bb46-f6a91a3864bd,47523fff-9b82-465a-b066-1306f0d6a55b,2025-01-16 05:50:11.575596,"[14.655621, 84.8758]",4.34
d6946c21-469b-4aa5-9834-2c47ae213293,34c429b4-aeb8-4dd9-a1dd-dfd29f3ac8c7,2025-01-13 05:43:34.773092,"[-9.836874, 17.557527]",3.94
fd45e9b3-5ec2-47c8-8f95-3cede997e7ec,9f04f88f-561d-42b4-8fd9-5a6ed701527e,2025-01-04 11:46:55.124242,"[67.026737, 145.302406]",4.67
8569ffd6-6aa2-4d75-9fae-12d4abca228d,f62e3c64-27f5-4a47-a489-3608bc363894,2025-01-15 23:13:38.432060,"[68.8222735, -47.325675]",4.46
02938ab0-ba91-4585-82ca-5125de26dc55,af457535-b53e-4f5c-9c49-40775d30d0bf,2025-01-11 18:39:30.010484,"[-33.2520885, -64.951276]",4.41
25f7cc13-41a2-4fc2-9b7e-94ccb685a135,eca43aff-309f-448f-ac02-06d48edd888c,2025-01-25 12:54:26.489216,"[75.5250605, 111.389746]",0.91
3fe18aee-6f11-4623-81ba-d23f553b00ac,2b874c0f-9bb9-4964-b846-e46b93e44153,2025-01-18 16:59:19.652509,"[-76.7589105, -118.915946]",0.2
78e55bd5-7620-44c1-9e5d-d75c30337814,d920731d-3abe-4b37-b2e8-d3b7a41a7028,2025-01-26 23:14:42.230092,"[-58.873946, -49.403644]",0.39
4730405c-3150-4f3b-b095-2f4f9ee43604,365539ef-0c88-4eb0-b051-ca596de040ac,2025-02-10 08:01:18.573436,"[29.841255, 53.025511]",4.62
206abb9f-53d6-41bd-afb1-eeb08f85a7e1,9a063b27-702f-401b-8060-54e79f76da10,2025-02-04 06:47:16.719418,"[54.6266, 84.722887]",0.59
b4c82953-4072-4ff2-8465-c3f8f457088f,e96fd56e-2687-4310-aac9-aeaff53873bd,2025-02-03 08:52:00.254754,"[75.5250605, 111.389746]",3.54
07940fc4-d0d2-4558-a834-5b4f6e5f208f,0ce089f2-e7b7-4422-b22a-157467cd5dc5,2025-01-03 10:58:01.493612,"[75.5250605, 111.389746]",0.1
fde953b0-e74c-4240-b96d-7366828d3cb3,9397b6fd-5850-4fc1-8cbe-143ce8b40e9b,2025-01-09 09:09:21.076581,"[-81.5977885, -47.926346]",4.83
3065ea43-01b6-48e3-b028-023efe15fcb6,274a7ee7-57f9-4623-9068-778907b6cfc3,2025-02-05 20:27:41.888116,"[-52.6539085, 5.19005]",4.51
5df04572-d80c-4ba1-a2b0-fe49e74e5b65,c838b40a-abd1-42d2-9ead-402e87e72107,2025-02-08 06:58:50.025737,"[-28.825838, -64.183952]",0.73
a65b6c51-ed36-446f-88a5-cc68683968f7,83eb3cad-c8ef-485e-8da1-9e446227846e,2025-02-16 22:40:16.669039,"[83.3115645, 174.688347]",4.67
57a23212-a3a9-45db-90b3-f5e181a28689,e3cf521e-0443-4b9b-800a-d9059743721c,2025-01-16 11:58:48.630216,"[-84.448792, -51.58993]",4.16
41e0cfbd-7476-4e1a-b9cf-e3b946cb432c,6ce11602-8ad7-4509-aa62-b5fff1a0201b,2025-01-12 00:19:20.357625,"[65.163659, 115.353938]",0.46
e9d3f77d-a89f-4cf3-95ef-cad561584b92,6ce11602-8ad7-4509-aa62-b5fff1a0201b,2025-01-16 04:00:01.929909,"[33.3073345, 80.00292]",4.69
ed394586-9c56-4469-8d9d-886d90c7e224,df72d502-5494-46f4-8bbb-45de324fe27b,2025-01-11 14:02:08.400256,"[62.374331, 9.434745]",2.68
bf2e20a7-3580-48c6-ae04-c3d87f5157c9,dbd95f30-f736-4922-b41d-6ce8c37fea62,2025-02-09 04:12:55.345594,"[-4.5083955, 152.571246]",2.15
91a8f718-d7fa-459f-8b84-22749d69f4da,c29fbd02-1442-44be-9233-f012d47cc117,2025-01-20 02:25:14.950514,"[33.0006765, 140.908357]",1.53
33c5dbfe-9798-4804-9bd0-d9be2752d4dd,1a57f7fe-987f-48dc-abdb-2329a6441c0d,2025-02-10 06:29:42.102101,"[82.328086, 138.635565]",4.39
