referrerId,referredId,referralCode,referralDate,bonusAmount
001ba178-08f0-4f21-96e4-04ee497dcb53,653710e6-26e4-423a-992d-f5e146411fdf,REF-80526,2023-04-18,203.17
5e923810-43f9-4677-a44b-cfdae9b24a1c,6741bd5b-d9c8-45e6-b22b-79775287c375,REF-59727,2024-05-06,348.35
692aab02-7d14-4592-a616-28c885280ca5,4589c31e-017b-409b-9954-3d0f9de81173,REF-32036,2024-07-06,51.16
90ff4dbb-e9d6-4127-8f0b-af3d83a70151,6bd221ed-9b31-4c1f-88b7-a7f86932db54,REF-81082,2024-11-18,375.68
c4372e7b-93b8-4044-b945-1867fec47fb0,09115f38-9147-4608-ba09-d29781d70b86,REF-90452,2023-03-19,326.6
a3e15e39-dfe7-4426-a7d1-f0104782dde3,40a5f94b-7ea7-43a7-b5c6-59504f99a37a,REF-60158,2025-02-24,427.39
9eb16b21-7146-4efb-afa7-9ac362336614,a4b7d0d0-ef65-42b9-9bb7-2caadebadfe9,REF-33930,2023-11-12,144.95
6342b99b-8dc8-490d-9a4e-70a56a32cd89,6e30eeac-3448-4d59-a9c7-af970b82adbb,REF-33990,2024-06-25,271.84
9e156b50-d447-42f0-ab65-e02a7d95f4f9,692aab02-7d14-4592-a616-28c885280ca5,REF-10722,2023-07-19,157.62
ef639157-00f4-4d18-baaf-673f5e8ff469,af67aa8b-352b-44fa-8f66-34c6354408df,REF-17059,2023-11-17,499.46
2cab21b9-e9e1-4ebe-aa75-db98a2155126,32844788-79f6-4b1c-a891-8a9cf1498c03,REF-75802,2024-11-25,143.03
5ce6ccbd-808c-4e09-aa85-01bd8914c760,3890b25b-a51b-44fb-9f7e-c3d7045d172e,REF-32743,2023-12-10,424.73
f131ae78-3930-4f4e-9df6-8f13ef12a8b8,55ec426e-50fb-4893-b630-9626ac6d4671,REF-18718,2024-06-27,195.79
e948ea9b-7ce4-4e9e-871d-b96928fac6b8,5aff0dba-5fa8-4d7b-955e-f689188ba7a3,REF-44892,2023-06-24,143.39
6e867878-4490-4899-b0b6-94d9f3bb16c6,40790364-5702-4c73-be76-303982ef1a4f,REF-00479,2023-10-05,223.63
d6817c1c-e51e-4bbd-9117-eeb07440fd14,9cf1705d-bf5b-4d7b-86cd-d7601afd1eb7,REF-73185,2023-07-15,313.31
4ee808f9-6e53-410b-9107-dc3f19cf68cf,1c6260cb-c90d-4315-8727-1154d76752a1,REF-91986,2024-01-15,155.22
cd5dc5ce-7376-4bd9-b413-a5e11ccfcb37,47f51a76-378c-4c3e-8cbc-29162d21959a,REF-80879,2023-12-23,429.51
79b77923-dcf5-411a-a2d8-f15fdc340e37,65434446-2b65-4f49-abe0-a545c792ed52,REF-23595,2023-07-28,390.93
5c9a8133-5a7b-40ff-ae82-e938e60370b2,138c216e-fc3a-4e2d-a7eb-af2a5a358639,REF-16228,2024-03-05,214.72
5053d3fe-8d47-4cb6-a122-5b2ea0f0feb7,c76fe73a-f4c4-4b03-8aa3-583976c5e73c,REF-92549,2024-02-28,73.59
bc6a81f2-8998-40ec-8140-298e4213813c,3ea190db-3b3f-4ffc-80ba-05318a62d634,REF-85213,2023-10-16,392.66
cc76c1b9-972f-44da-aa8a-f251ac6cd95d,4cf95fb1-b5b2-46a3-8b9c-6f5543afbc60,REF-46024,2023-07-31,482.62
ed93431b-5b80-4e96-be83-cb7e9688f851,225f5847-2889-4ad0-b645-bd06792e451b,REF-03182,2025-02-03,449.88
ca7b731f-6241-4daa-9223-4781cadd88a7,debfcd93-be06-4621-b127-915a80c146e9,REF-97479,2024-08-29,429.56
22d307f5-acc7-4d85-a9aa-d41d1220ba7e,6998d59a-13fa-442b-8b47-fb29f2e06389,REF-89197,2023-06-13,354.67
1bcecd3e-7c79-4ce8-bbd1-a3a3ba737bc0,281ee1e6-75bc-4dcf-9c7c-df0d6b8bf961,REF-69618,2024-10-10,326.56
b9e75fac-b567-4d79-96d1-05114f9be618,d48c92a1-9762-41fd-b75e-e8bce090c02e,REF-05709,2023-08-07,115.28
0d47d0f1-5d7b-4469-9e31-551586c9a63e,c6f34b1f-2203-454b-a4e7-634c42f8db69,REF-80551,2024-11-23,220.93
9fec1cc6-a78a-4a09-b9e5-d9c30647c1ef,0fc297e6-840d-463a-a9bc-86c6b9178d5d,REF-89597,2023-04-03,61.48
66b37d22-99d5-4f21-8de6-ab8a261863fa,426fbbcf-2be1-46c4-874b-49223af44fda,REF-74295,2023-03-08,367.96
a606d526-0106-4629-a2fe-23ad132b3368,96358081-a9d8-4c1d-afd5-d59c28055c69,REF-99850,2023-11-07,164.87
162ad8ee-6a79-4edd-995e-057e46db359d,8b5f63ee-4948-460b-8f96-7fbab82878cd,REF-38466,2024-08-25,191.42
d5c22130-be60-440c-a630-68eb6f0c3224,f3f43f1c-c511-4829-a193-8225de344174,REF-17734,2024-03-29,364.65
4e8afb6d-e606-493d-a3bf-90dc7a090d62,b46eabdc-2ae0-4bcc-80a2-e838820ed6af,REF-16464,2023-12-18,433.61
dfc7f1d8-bb8f-409c-ae62-8b478b9dccc3,dd323137-26dd-4116-97ba-7669950c9418,REF-95814,2025-01-24,406.01
b1b0a704-58fd-40ab-be53-584105e46ba1,76d8b493-7e5b-4981-80a1-8b16afb9859b,REF-87715,2025-02-05,434.58
888c45d5-e316-426b-a4b0-d4ce66d8d72d,06e27f8a-0d9b-4a96-828e-36085be5ed37,REF-13254,2023-09-21,245.39
dccaa52e-3b51-435a-adb9-12df57d7be2d,4b94669a-0b13-42fd-a1c6-80cafcd6f598,REF-58485,2023-06-12,372.73
45c517ef-4a6d-494a-97b4-899623486830,e87e0f66-a231-4800-9a47-98569e80e7cf,REF-93048,2024-12-19,490.12
a606d526-0106-4629-a2fe-23ad132b3368,8cbf2df8-8c3e-4db0-ab14-61677111f195,REF-49941,2024-03-26,212.32
12b54feb-fdf0-4120-982c-2d62a5279d01,6bffa4db-f984-4af6-821c-99f8e8773564,REF-89887,2023-03-19,421.89
9b7951ad-9630-44ea-8598-766d2c2d36eb,01109e9a-9f33-45d9-a6f1-df40c1a276ed,REF-50182,2023-09-01,68.97
55470c44-bc52-4ad9-814c-f3279fea72d7,6f24466f-06f2-43da-b1f8-3a36b51f325d,REF-54924,2023-07-12,388.61
0756ab16-7bc6-4972-a4b4-a31b3604c27e,ddf69b80-e4dd-4600-b776-460684d70cde,REF-77873,2024-03-31,132.42
fe21efe4-d959-4f56-87fa-ff651d7dac72,ec9237b6-1fb7-469c-bec7-9e5378398dd9,REF-97633,2024-12-30,166.89
803c7975-7027-454b-b61d-7b067c5dd66f,6d1a878f-7fb9-4570-b78e-138738533a35,REF-28625,2024-06-21,258.12
fd647233-82c4-4b5c-ae2a-8f275f7e203d,b1f9b861-1192-4814-8559-675030fb762f,REF-35749,2024-03-06,134.43
5f565a71-0b60-448e-9415-e693071033b8,64cfcd5a-128d-46e4-81d4-c5fff138351b,REF-81208,2024-04-13,193.64
d98455eb-3e3b-4cfe-8e37-99ebb370c089,9c1014e8-b10a-4992-be73-1e4c4332a0cc,REF-46337,2024-05-06,215.28
93018d0a-58c9-4e96-8b4e-46c8268a7d3d,3e8d7698-9032-4bf4-8429-8657fe51a9f2,REF-91853,2023-12-08,304.35
b9b87368-4a0d-4107-afc8-a9105379ae8f,411f6aec-7ec4-410f-834b-21dfd3f32310,REF-00020,2024-06-06,78.71
9f93ab2d-c66b-4bad-aacb-eed547ae27d7,a839583d-c5b0-45cb-97d5-af1f43148f9a,REF-56734,2024-10-30,440.24
a471adf1-10b2-4410-bd49-06faa92384c7,05c89fad-1d29-435b-8bfc-bc2148de2d12,REF-78320,2023-03-22,318.42
426fbbcf-2be1-46c4-874b-49223af44fda,4fc92889-75ab-4257-b02b-a2d570a78aec,REF-45332,2023-09-04,256.29
0d24d9d2-3757-45ac-850a-1a419bbc0208,e7529843-b5a2-45a2-9bb2-b744aca06a28,REF-04068,2023-03-17,191.61
610bf33b-0492-4267-b17c-9a9b80f251cb,bb5b936d-3769-433e-a0c3-5e33e449e9a1,REF-70624,2025-01-31,430.7
ca835fd0-13de-4806-8cbf-878be0756538,2ed88072-4a75-4cc7-82f4-d6b4e38b8c91,REF-67221,2023-07-23,352.94
92a5e926-c78a-47d3-a1a0-7d391ff00c73,fa4d07f8-6f26-4b97-b40b-806d13213014,REF-89496,2024-10-02,199.91
2cdd851e-308d-41ac-af1c-0ce5638cffd1,db426e18-71aa-4588-896f-2bb241616460,REF-69413,2023-10-05,291.23
9b7951ad-9630-44ea-8598-766d2c2d36eb,fb31463c-d4b6-48e0-b46a-2e4f17dc88c1,REF-51089,2024-01-23,233.53
1bcecd3e-7c79-4ce8-bbd1-a3a3ba737bc0,119a70ea-6f0b-4c53-958d-8bede5939e37,REF-36995,2023-08-12,254.33
651551d7-6589-4df8-8af0-fafb70d5ec6c,023f5a35-22f8-439c-8bcc-fb6ce5063a77,REF-90161,2023-05-18,380.84
fae39da5-a244-43a2-940d-4140357d60c3,2d31a696-21d0-4bcd-985b-cacb6ac13d7b,REF-56373,2023-05-29,107.43
2efb1574-e5c3-4059-85ea-5a94adb20f44,9d72c466-354d-4dd9-986f-937c50dc6763,REF-74682,2025-02-06,151.02
881b8151-dc61-4992-a1ad-0271a13cbc11,bf2bff05-765f-426b-9649-f225fc8f39ce,REF-24200,2023-11-07,364.92
0e08d429-2374-4b72-9435-6d68efd15b5b,47e770aa-b48e-4497-a88e-582b93b3331a,REF-61681,2024-11-29,210.4
651551d7-6589-4df8-8af0-fafb70d5ec6c,af068ab0-9507-4032-932c-6fd18f5e7adb,REF-75186,2023-08-26,399.66
55451774-bdfd-437d-9c44-9f2fc4f789ec,e948ea9b-7ce4-4e9e-871d-b96928fac6b8,REF-19672,2024-05-18,130.35
9867124c-f653-4d28-b1dd-6f2df8f567f4,c900360d-9a37-4a83-b0a6-739ea8fc82aa,REF-50022,2024-01-29,381.69
30e38853-5b85-4c0f-b3c5-cf99627da43c,f561dbef-4db2-47cf-baf4-cc792206e1cd,REF-48301,2023-12-26,406.74
12b54feb-fdf0-4120-982c-2d62a5279d01,a99f68f1-0652-434a-81f9-78c32bfc60e8,REF-62285,2023-03-24,398.98
72ed8d32-4826-47a6-9d28-caa0b1531734,548d8456-d607-4483-b488-e1d855a41faf,REF-77257,2023-03-22,402.87
12b54feb-fdf0-4120-982c-2d62a5279d01,687926da-37f4-4274-bc5c-f13193efe519,REF-33263,2024-08-01,277.92
8da3cf4d-bbe7-4e89-b349-a80e8b4d5378,90746110-ef12-4451-8912-17537f2feab4,REF-59579,2023-04-11,153.98
508144bf-4ffd-4e79-ad27-4d4a4e0f4105,39f5348e-1ef8-4dd1-b0f9-2b5f97b0237e,REF-86175,2024-06-14,284.15
186425f6-8e91-491f-a514-bda90fe56219,3e8d7698-9032-4bf4-8429-8657fe51a9f2,REF-39461,2023-11-18,361.91
8d82a94c-093e-440d-ae4a-9efc78f9886f,e7b84833-e5ff-4cc2-91db-318d2704e568,REF-52565,2024-11-23,217.24
132d1338-4989-43d7-bbec-de6a5b3be7d0,c1ff6897-fcf1-4b6b-be29-a1fa8ba2be73,REF-46042,2024-02-01,66.16
01aff9b0-13d2-4fff-9ea7-e0ad78ab98c1,410a1ffe-88aa-4e2c-9d14-259d414ca8de,REF-27725,2023-11-19,472.21
c65a2849-78da-431c-91ca-0b205379a2ac,2898d48c-9057-4c39-9bd8-598819145d85,REF-18988,2023-11-07,469.39
8f22013b-0de5-47ce-8948-3481b5349566,6fe14d63-bd01-40db-80f2-7dca612bcf95,REF-54159,2024-03-21,484.01
380c1108-288b-4c18-9e6f-6268463ebdef,0d732010-2062-4c72-992f-bb9edb6de6f6,REF-77106,2023-10-31,270.58
1fbaffb1-f59e-4029-87a2-db7ae805c0c5,132d1338-4989-43d7-bbec-de6a5b3be7d0,REF-53462,2024-11-11,405.39
fb5aff7a-c018-44e9-be00-5affaf84c3b0,cf3899c3-2826-43f9-8e2a-21727e8dec8e,REF-80316,2024-05-06,432.43
54a4c6c0-60d5-4276-bb8f-9d50ed116a99,6ec154b6-3a9e-4192-9edd-a471ba2881d1,REF-71386,2024-08-04,244.65
4a44c200-661d-471b-9b68-ea7b41f3f9d7,db5bc588-6900-4876-bf2e-f7750f9cfed2,REF-86920,2025-01-14,308.3
8a3ecc36-2835-404a-9ed3-e8ad6f14749b,281ee1e6-75bc-4dcf-9c7c-df0d6b8bf961,REF-49094,2023-04-18,370.8
fbb4845e-289c-41a3-abde-2518cb0a3009,5fe788f1-bf86-434a-9764-21542e80905e,REF-91979,2024-03-17,386.97
4394db47-c32c-4468-8c19-679c9b4df4a3,092dbe8f-e31b-4663-955f-bd8b5c65dd22,REF-66524,2023-06-28,483.12
0cf43258-57dd-4014-9364-6b0f06ddaaa3,321aede8-86b0-43e5-9330-b040289996cf,REF-87751,2023-10-27,194.4
a3b1ba4b-1851-4ebc-b6f5-f0abeafc7e34,a5bf67f7-a372-4f16-95b5-b5e10a4c8bb8,REF-53171,2023-08-19,57.73
eb4416ff-84a8-4228-8971-3dff6548550f,b6c51a20-28be-453e-b9b9-396194d6fa49,REF-29438,2024-05-24,459.5
71a0c927-454b-4a56-9131-6be1c8d1ab13,263bea46-d9b3-4db4-9ad4-03169a41a560,REF-97996,2023-08-24,146.0
3c24a2b1-2360-46b8-92ee-e942b1e692dd,183567ea-0cde-4cd5-8e80-ee34044ea77b,REF-69203,2024-02-02,130.78
1dd2467c-cabc-4525-96eb-9a2fdc77e4a2,50464c18-74da-414c-80ae-e013f585c709,REF-61966,2024-09-24,112.95
5edf6b65-2985-4bee-8d23-9294bcd0cb65,2e6001b3-c86c-4878-a4e1-443c447e7040,REF-95743,2024-02-14,482.53
8803f8c9-8cf9-4633-8bc3-8febffed8c3f,1d01a07e-ef8d-4c51-a19c-1980b60de208,REF-27065,2024-06-24,93.44
b33fb5ff-568c-478f-9b72-a3a22aef5cb1,33a65931-d749-4cf9-bfcf-94b9330ac3e2,REF-66421,2024-11-11,318.34
5931de12-209a-47bc-bf8d-be94ccabbf2b,0c74d485-62ee-43fb-a088-69a706c24680,REF-84650,2024-11-24,135.96
19601be1-fcdd-437f-a584-3efa6a637e60,d4318bf9-6705-49f3-a5c6-6c1cf4a29e32,REF-12959,2023-04-24,460.05
f8c2feab-ea7c-40fa-bf51-03829b731b77,8edac027-064a-47b9-9ced-0087ed3fc109,REF-09476,2024-01-14,489.28
8366a0c6-fd43-4065-825c-10b45cdc20cd,79b77923-dcf5-411a-a2d8-f15fdc340e37,REF-05115,2023-08-23,234.18
a4b7d0d0-ef65-42b9-9bb7-2caadebadfe9,e68fb319-c72d-40a1-b4bc-2f0a58871683,REF-29313,2023-11-30,109.88
77bc969f-babb-4691-8416-1af9eaad3818,cf413bb5-464e-4f0c-ac80-baca6119c86d,REF-34876,2023-10-12,107.43
b8fdaefe-ddfc-4521-98ed-b75326a92ece,95520df5-724b-4793-9325-4172391586ed,REF-57617,2024-06-27,193.74
ec016111-8977-44b5-bad8-78e656fcd29f,253a41a7-1399-4d2d-968e-4296734f5873,REF-08041,2023-08-23,97.88
5f565a71-0b60-448e-9415-e693071033b8,8add69bf-b82c-4c2a-b56b-c4ffca0d6044,REF-07569,2023-09-04,170.0
1ac21930-47c8-474a-bfba-355bc4348712,0f382c55-810d-4beb-8de0-7e95da4cbd57,REF-19492,2024-10-24,328.04
9560c626-cb44-4b41-8e6c-98b43fb6c3bd,7a72db61-f6c1-4ca0-b6bb-2ffb44dd38d0,REF-76519,2023-11-23,437.84
677bb341-c0cc-421a-b3e6-1747f03a9f5c,bcabd1f4-1d9f-4331-b63f-efb941765885,REF-67150,2024-05-22,275.02
922e077e-4d82-45c4-a4c5-a66de4e18614,ba8ea6e2-a499-4d79-8457-8ba82340c28c,REF-59938,2023-04-14,423.32
fae39da5-a244-43a2-940d-4140357d60c3,801cde28-ae54-4d51-bb0e-14ab6e0ed40a,REF-92312,2024-06-09,106.1
debfc79d-04f8-4dc6-ac5e-8b975ef4c976,bd7701bb-b8e5-4c46-ab7e-93df6d565a46,REF-12837,2024-03-05,322.48
7ed2cb83-8dca-4cc9-beb8-b74bdea8c220,79ad0cef-03f9-45f9-86d9-0276654d2de0,REF-88289,2025-01-08,240.22
200cf42b-9ff7-452e-b708-121a3de767c8,a2fd6946-4439-4109-92e1-7a1ec170faeb,REF-55512,2023-08-12,138.06
f6a02a09-66e0-4e42-9e8d-2c80e80cb91d,146e6bc8-4215-429c-af49-bb9653178c1e,REF-89483,2023-03-07,358.76
83e4ced6-d828-40b2-95c1-a6a6eb58fa27,2e6001b3-c86c-4878-a4e1-443c447e7040,REF-18652,2023-03-18,209.9
1b8b28fb-ba63-4e8c-a36c-7f40b69fcb92,8ee269d1-f565-4dde-a390-4eb696306148,REF-73134,2023-05-04,324.87
01109e9a-9f33-45d9-a6f1-df40c1a276ed,7ed2cb83-8dca-4cc9-beb8-b74bdea8c220,REF-20483,2024-04-29,136.51
02ac9c55-07bb-4ec9-8fc5-8d30231df197,63ca4d5b-abbb-4e0b-bfcc-dc9018a6ae84,REF-14034,2023-11-22,381.24
75546cb4-9315-4921-947f-a6402aec348a,c6b02443-010b-443e-896f-caf0ebcea991,REF-36033,2024-02-23,88.95
24e793ae-5d59-4316-8e84-a5d62d15331e,c8c0fcf8-c15d-452a-8a7e-61226901d461,REF-61550,2025-02-11,433.74
325894bb-e64b-493e-83c4-6743fbeffc3c,75b9e3e2-8354-40e0-9be7-6316a92cf9cb,REF-33400,2024-09-18,305.41
7d1cd9fe-45b2-411a-8483-75ae78adedd0,05c89fad-1d29-435b-8bfc-bc2148de2d12,REF-79479,2024-11-27,140.11
83c495fb-3138-4fc4-981f-1bbe73c19991,9487e2aa-7a68-46a1-9379-3e2c7f2a8595,REF-46698,2025-01-19,209.3
d85ca15d-c1ef-4073-a2ba-2d0d403b4e5c,4d88335c-70b9-48a3-aae8-417dc75e3c4a,REF-57608,2024-04-24,111.94
79125fd4-1f0a-4f51-b4ac-675e6a65627e,3014b9f6-986a-424c-9e19-2144d5ae213b,REF-89008,2024-04-24,301.63
6f97d109-94f0-4af1-81cc-807707e2153b,88e4275b-3320-4661-89f1-3b951179aa4c,REF-31319,2023-11-30,337.48
bae19781-fbe1-4cc1-a20e-a994bd9a33fe,cb2710fd-38dd-44f9-84ad-e9afc791f52e,REF-22774,2024-10-08,221.43
70873d17-0390-4721-850e-2a831483e72c,760ccc2b-af7f-4810-ba10-9376b7007ba0,REF-42758,2023-10-11,445.48
2e87a57b-7c0f-4fad-ab41-9508b4240207,a8a7dfe9-cf31-469f-8fd2-659c27040cd9,REF-35656,2024-04-13,177.88
a7823163-1c24-473c-a4a5-fa7d4f400129,fa54b380-9eca-4dd3-bc48-e2e7322d81a9,REF-75571,2023-06-27,154.73
d93fac99-3227-4847-8bbf-36ef97d9fe94,a8dcc64b-fbdc-4086-a0c6-6cee4a45efe7,REF-01853,2023-03-12,391.93
0e849008-cef6-4056-b858-d51c9cfd819c,5bdeb569-ab83-495a-989e-728699b92de8,REF-69274,2023-11-20,278.97
fae39da5-a244-43a2-940d-4140357d60c3,8d97d281-0e51-4442-954e-6fd2a2386def,REF-73767,2024-07-26,375.92
4908a7ef-bd88-44b7-96cd-6cf74bf73dc9,be30deb2-72fb-4d58-9765-498a7436d157,REF-43091,2024-01-06,363.14
00b471b2-0dee-4362-ba75-1c9e1c4982b0,658da439-fe6a-47ad-92d7-9007b1a3b350,REF-59017,2024-12-20,472.1
4c2fca29-8c0e-4ccd-a604-0960807c65e5,a4c9fa93-5bb1-40fa-bc8c-38cb93357030,REF-07997,2024-11-08,307.14
051e0611-4fbd-453b-863a-2285f4f77c70,717d471c-5bdb-4230-9ee0-fa1e87ce2762,REF-97261,2024-11-08,350.55
a550133d-d78a-4abb-9af6-f9a8a037ded9,68a56eef-d85f-4803-9a26-ed762d7a6094,REF-96158,2023-03-29,499.36
5f565a71-0b60-448e-9415-e693071033b8,7b68f70c-60c3-43b3-8ee0-2cb5be099255,REF-44834,2023-07-03,449.11
094b5516-37ec-46a2-8edd-c35ee38a645f,a98b050e-acf4-4f60-9494-cdaed3089e60,REF-69283,2025-01-18,180.68
88820188-18f0-400c-af80-d47dd72c28f9,1dbc8007-2ea4-408c-abe5-a130bb3437fd,REF-68414,2023-07-02,460.04
6d577833-0e52-4373-aaf8-a97ca6a6b984,f73e4ad4-4f6d-442c-bc03-1d33c69e5e9c,REF-35324,2024-10-20,224.95
6fe14d63-bd01-40db-80f2-7dca612bcf95,a77a9f60-8143-4705-9a42-e4688decfa99,REF-33922,2024-05-23,483.45
d508405c-a6bc-49ca-a1c6-5402f4d7b7b4,d15ee9a6-3a41-4a95-a0c2-c8f89e1d836d,REF-60172,2024-05-10,363.17
30e2148c-d350-4b6a-a076-82e916a9d39d,8add69bf-b82c-4c2a-b56b-c4ffca0d6044,REF-69111,2023-06-27,113.91
dd323137-26dd-4116-97ba-7669950c9418,6084a8c5-0240-4792-ac07-382d598eb36f,REF-62481,2024-06-03,201.58
4e34d735-a848-40d7-ae3f-bf15d3893d12,93b40c0b-4f74-40f7-a565-339660cb6ba1,REF-28424,2023-04-11,460.76
9958a4e4-f812-4652-83e3-b5d52a74912d,40c26294-da75-482e-b21d-efc2c2665feb,REF-15594,2024-12-25,228.4
717d471c-5bdb-4230-9ee0-fa1e87ce2762,8131ad1d-fe6f-4ef7-9231-912613b925d7,REF-63480,2024-04-28,464.91
b7def571-ca4b-4dba-b992-b11d19cac73e,cd5dc5ce-7376-4bd9-b413-a5e11ccfcb37,REF-76014,2024-09-16,199.96
2d1ca5fa-00bf-42ef-b2ba-315c4b22e6b5,710c7026-bb1c-4a4e-81bd-1983145e8575,REF-96675,2023-12-20,445.8
cc578972-c0b7-45b3-92d5-eb690e6e140c,0950fc1e-ba9d-46e3-a3dd-ca15c64fe4cb,REF-27335,2023-10-20,277.11
820cb7fd-f2cc-4292-a5a8-350d843a7cc3,0929c7c8-c6f9-4a20-8369-d8088a82343e,REF-06537,2023-06-02,322.04
5b673cd1-3a7b-49ef-a02a-fb7ee9ea4407,a31a7ec0-4ce6-4ef0-8ae5-55da322641d3,REF-99910,2024-09-27,245.52
98c5eea8-8fcd-43a0-8f72-97fe7091225e,281ee1e6-75bc-4dcf-9c7c-df0d6b8bf961,REF-76037,2024-05-12,449.41
67f4f876-b697-4a3b-b15e-ef242008c819,8f9f5818-ebd0-4109-bfbd-7e3f33016631,REF-70865,2024-09-02,416.06
73d76392-27cc-4cf9-84a0-df344ca80a7a,14b38fb6-1b5c-4974-ae52-6d7292f4b754,REF-79848,2024-12-10,170.86
b7b75c0e-4865-4f2b-903e-7a70905bb27b,72e4229f-3eeb-4f8c-8d2e-5e849c8f3975,REF-06869,2023-12-16,223.34
12bf07ba-913b-446f-9808-558ee9640dd2,b5a923e7-f545-4ab5-b0ce-16cd591d9506,REF-00757,2025-02-18,76.72
b0663500-b718-4e25-b0b3-783ae3c57ca4,d91de9cb-d4c9-4b66-b9c5-199e32111890,REF-88724,2024-01-21,232.3
221cf74c-6da6-439c-a682-c2e823083ad9,93b40c0b-4f74-40f7-a565-339660cb6ba1,REF-97959,2023-05-05,389.54
9bb87f8c-0be3-447a-95a8-3b14b3e8a62a,888c45d5-e316-426b-a4b0-d4ce66d8d72d,REF-67963,2024-09-20,327.09
6182c428-6ccb-40d8-b731-11a9af1aa93b,6ee2665f-9d29-42b5-ae6c-a00b9e985fca,REF-15395,2023-09-23,143.04
b37a5d8f-d6c7-455f-aedd-94f6985609cc,8366a0c6-fd43-4065-825c-10b45cdc20cd,REF-44533,2024-04-18,231.16
7981c33f-8e4c-413f-a1dc-d277d0fc3626,3baf1bef-1b16-41c9-8431-a8bca39cc8ae,REF-03209,2024-11-14,405.7
096e9f56-369e-4876-b909-37a797d017ed,69f3cdd0-41c2-42b8-9afb-fea7383292cc,REF-57343,2024-06-04,85.18
646440c7-6261-4eb1-9990-1d738ab953f1,266610f7-f21c-4393-9658-953e879dbec4,REF-53218,2024-07-24,247.53
e0c9444f-3d54-42a4-bea8-b19a092e5a5f,d78a2723-5304-4455-a194-1a5c43c94645,REF-11887,2024-06-04,70.33
22cb65bc-7f79-4bf0-be06-bcbb4d177826,fca5a0d1-a9f0-48be-bdb5-fc838ee6e2a7,REF-28046,2024-09-10,74.76
dd5880d8-6c14-4519-b12e-c18a04bd971b,119a70ea-6f0b-4c53-958d-8bede5939e37,REF-95631,2024-04-24,114.75
329de1c4-c6a2-447d-861d-9114cebf967a,3869f722-d652-4ce1-b2f1-2383890c430e,REF-21809,2025-02-10,236.46
c7987a17-8e46-4313-9c9f-d87bd56b69f5,e31462d1-367f-4da3-80ca-deb00ee7f44a,REF-43390,2023-07-02,333.34
e358e101-b72f-4eea-b9f1-0d29fef2b856,1d057bf1-daf7-4421-8a49-2f95fbaba985,REF-34651,2023-07-05,198.8
53367140-4eec-4bfc-94b3-a078c1c5d8fb,09115f38-9147-4608-ba09-d29781d70b86,REF-29987,2024-03-27,253.11
fe21efe4-d959-4f56-87fa-ff651d7dac72,9cf1705d-bf5b-4d7b-86cd-d7601afd1eb7,REF-95899,2024-08-16,440.44
468840ac-d5d5-49f0-9a64-8a629ee935e1,26e91e8d-c99f-4bb0-a273-502d2358b83e,REF-13609,2023-07-15,165.13
23f835c1-3a41-4afb-bb3a-ee37d4691cb5,6934578c-d5a2-4e92-b5ad-9bd1b15bca23,REF-23826,2024-07-01,94.92
983f9aa2-2b75-4b34-9656-c13d2cd393f4,51e77e35-cc0c-413a-abcb-d58e2f104029,REF-70330,2024-06-23,396.11
9fb8201f-634d-4088-a0d8-ea7fdb5863cd,78fca84f-036f-4ca5-ab90-0fa9eda6f4e1,REF-84103,2024-02-15,95.64
017e5c5a-dc92-4493-80e7-1b62eaae6240,d11f4f6d-6324-4fa1-8072-879d113eecd5,REF-26799,2024-06-03,441.42
bf2bff05-765f-426b-9649-f225fc8f39ce,83c495fb-3138-4fc4-981f-1bbe73c19991,REF-07409,2024-09-09,244.96
569cb1dc-3eb2-4839-9362-d0d0932a5aae,ef639157-00f4-4d18-baaf-673f5e8ff469,REF-19913,2023-07-28,339.21
bb55bb57-0cc9-4fb8-9bba-af5662a11d15,8035a117-c48c-414d-87a1-265de3416777,REF-45908,2024-12-24,390.47
c3dcc73e-b3d7-4add-ab2f-b37d73879daa,87a7289d-e426-4b1b-be9e-d7aa907ffa38,REF-12685,2023-12-10,98.37
d6817c1c-e51e-4bbd-9117-eeb07440fd14,6dfd27ca-8c5d-40f1-96f3-284fb6eb90fe,REF-66132,2024-04-19,172.64
e6dac418-f4e5-4ed4-a879-e6fc520cf29b,a32022e3-169c-4c49-b7e9-3566eb02d7e8,REF-35027,2023-07-06,442.76
55b8f1a5-a06c-4f0a-a284-9a4a4384ab10,e4a5d7b3-fdf5-45fd-a5ea-15b3e01dcb03,REF-61006,2024-11-30,377.72
ffec2b1c-5f24-41a6-876a-a7ac8128b0bd,de99434a-1ddb-4d8d-9a42-7ab4e8e53f7e,REF-11841,2024-03-16,101.95
7fcb14be-9fb7-4787-a089-c8aa59b32363,51f1c572-93fe-425a-aebe-3725d0df6a45,REF-85645,2024-01-26,483.83
162e48a3-5f3d-46ed-9fa0-405bc4661bf3,350c91f0-bf9a-4c77-8f52-683fcc028cc2,REF-37872,2023-07-23,181.31
529324cf-ded0-4d3a-ad29-958c355d4e9a,f8580ecc-3a0d-458a-8072-b7365b034281,REF-58047,2024-05-18,76.81
fd24dcb5-0b41-4b42-aedd-84a76dea194a,32cbfdee-0d10-4c46-9bf7-4c6b199fec47,REF-86088,2024-01-28,349.36
b913e6c3-3ffb-4b6c-9780-a1bf2b199c0b,6ff1c215-6867-4634-a5e0-d54db556d220,REF-02633,2024-03-31,353.53
9eb16b21-7146-4efb-afa7-9ac362336614,ad068236-52c7-4a04-acc2-4e86e145cd1d,REF-15606,2023-09-03,172.74
77b5bcf9-3fac-4f18-b738-7b69d18cf714,1fa9cb7e-c147-4a8c-9212-d3289c1e5566,REF-01703,2024-06-29,320.63
e583b7ef-f4db-4895-97ce-5da1746994d8,4f5284e9-491d-4059-a212-41827428c977,REF-83828,2024-08-05,148.63
8ee269d1-f565-4dde-a390-4eb696306148,ff0b21f7-7628-483b-a5d5-68dae0653211,REF-70930,2023-08-19,82.47
a6068ff8-5a5b-4bd9-8759-f4e7205602b5,63ee8e0e-9214-40e1-9f34-64db55440766,REF-37053,2023-12-23,411.69
5069e54a-6900-4028-979b-6b39068de874,b7def571-ca4b-4dba-b992-b11d19cac73e,REF-32083,2024-09-06,111.05
654fa980-06c6-48da-921d-749393c5928d,f1538c9d-a3ad-4cf5-bf48-0217c3a5ec70,REF-79220,2023-10-08,360.19
0fdb7eb3-bb58-4086-ad23-51b7d96a4934,0756ab16-7bc6-4972-a4b4-a31b3604c27e,REF-39761,2023-07-07,382.91
79ad0cef-03f9-45f9-86d9-0276654d2de0,f7d302b4-5f26-4001-b6f3-f4f887b8d1d2,REF-46969,2023-05-25,203.26
18fb3b47-d0c6-4387-9fc6-759213651b9a,d13258eb-745d-4528-b0c4-b3dfd0bad863,REF-07824,2024-06-25,375.75
8d952c21-7be9-420a-a5fd-7c7b75c68824,30534690-25d6-44d3-97bd-073c605ed1f3,REF-50910,2024-04-23,180.16
58a8d5d9-8ff9-4f2a-95f3-52c1ff115e39,c01dda27-7a22-4f97-ae25-a170cd97276e,REF-46416,2024-11-14,291.59
40a5f94b-7ea7-43a7-b5c6-59504f99a37a,d6c170d4-6617-46ba-a724-238fd1bc3a13,REF-66490,2023-03-07,177.43
d84eeb55-c8da-4d11-afb1-fed7ed04bd47,51e77e35-cc0c-413a-abcb-d58e2f104029,REF-75723,2024-03-05,112.2
006af0b4-889a-42f6-ba40-5f1c9f370799,95f9c7d6-9786-4bdc-8575-fe31fd1c1926,REF-05572,2024-06-25,468.09
0fdb7eb3-bb58-4086-ad23-51b7d96a4934,604d119f-9a60-4714-84b3-f06711c4fdc3,REF-63310,2024-07-02,420.14
4466eeac-5451-4a8c-8dbf-6edc7ead7e18,6d1a878f-7fb9-4570-b78e-138738533a35,REF-72071,2024-06-23,230.07
60073fb0-8bdb-4097-bed1-fa09b2f0912e,fbe6489c-5de7-4895-9b93-3c9091ebccc4,REF-33076,2023-07-14,388.16
79bba181-b49b-4462-9f6d-0575cdf89eed,b7def571-ca4b-4dba-b992-b11d19cac73e,REF-97511,2024-03-14,407.07
58fb682f-5c47-4fc3-b476-b39134a7dfdf,8a379aae-7d6e-469f-932b-f953bc3d7505,REF-24356,2024-10-18,276.4
7de338d4-e55e-48dd-8b2e-506a776e0f64,998d3705-aae8-43af-b302-dd19a99d5e5d,REF-89202,2023-11-04,305.78
83c495fb-3138-4fc4-981f-1bbe73c19991,57795aa7-8414-434d-9d65-90da981a5543,REF-31643,2024-08-26,297.02
987cf8d9-61f5-47d7-80cf-7e64ff1dfeb0,72919ff2-ce0e-48c2-bf53-4d6e8615afe1,REF-78166,2024-12-02,188.0
a2cf0222-d30c-4520-8580-e3f47f1c071a,c7ec8449-c74e-4f88-b838-4c51891d4e72,REF-04203,2023-10-06,225.41
1471f90f-c962-4c8e-be57-22238b230ba6,1441bb82-2e34-4cc0-9498-e49759531d54,REF-73832,2024-11-02,447.67
32aca21b-cd36-422b-80db-7312a31d27f0,f979483e-0364-4050-a495-b0d073c89c18,REF-64046,2023-09-14,291.6
1745bb6a-93ac-4ce1-83dc-3cc6c589eb51,4466eeac-5451-4a8c-8dbf-6edc7ead7e18,REF-03208,2024-08-29,269.7
77b5bcf9-3fac-4f18-b738-7b69d18cf714,5cbb1c82-7242-4430-ace3-4e0f36926676,REF-88983,2023-06-02,323.59
7c452c02-fb78-4fd4-8415-3551f30368ca,225f5847-2889-4ad0-b645-bd06792e451b,REF-18997,2024-03-15,314.11
ffa78f68-112a-4c2e-9b36-a1f87652c771,c2edd638-c820-49e8-bcdc-c200861bd4db,REF-04899,2025-01-18,245.89
04868696-0da7-403e-bc2c-ef76d5ca5ce7,1228db11-a0b6-4ce1-8946-1272165a7273,REF-43305,2024-05-13,440.05
95754e48-cff8-4a97-be62-5b34195e27ca,334d1c45-084a-40fa-bbdd-3794fcd6f2c0,REF-01311,2023-11-10,423.79
c4c77306-764b-4950-ac57-2415db20c9c7,8ab35feb-aad4-4e7a-bec3-7a56d2056dd4,REF-71235,2024-03-09,84.83
01813f64-4156-4754-ac07-1ba77500bbfb,14dd05ba-a53e-41cd-9d3b-199fc9d392ca,REF-26227,2025-02-20,342.23
4e166205-dcb3-4620-b4e6-9abac6cd137f,73021875-108b-47d0-8051-f58773950ae0,REF-50270,2024-11-24,247.94
a5635e45-c028-4723-8b04-a66ede0901fa,b0663500-b718-4e25-b0b3-783ae3c57ca4,REF-36933,2024-01-08,430.51
c3dcc73e-b3d7-4add-ab2f-b37d73879daa,26e91e8d-c99f-4bb0-a273-502d2358b83e,REF-61281,2025-02-03,157.66
454d1275-cc6d-4c52-8809-32064a45da27,ad1804c2-1bad-4193-b520-ee7ad9ab58b6,REF-65812,2023-12-04,50.77
d1451570-2bec-4406-b04f-ae673d05b306,3c30f37e-8623-46c5-af95-601e6730fefe,REF-19551,2023-12-25,188.77
c4ba125c-493c-4603-92f3-1361b99c3c7f,4e166205-dcb3-4620-b4e6-9abac6cd137f,REF-82673,2024-08-03,260.47
bc1e5d3d-2d00-401f-8b3b-5e85f99ff5fa,be8f2953-2a53-4721-abf7-99152772c433,REF-85460,2023-10-19,205.51
016a168d-c284-4a68-8595-996df1b6f977,2bf6e911-c745-4c58-b95b-435d78cd548c,REF-34994,2024-05-27,395.89
39afc996-b9c8-478a-810b-64c429deb411,96358081-a9d8-4c1d-afd5-d59c28055c69,REF-33677,2023-04-14,88.89
910918bf-6da3-4e7c-a36d-61deed9982f6,a866aa37-9d68-4647-83c8-cec3efafda66,REF-88787,2023-04-10,358.09
cf627dc6-c12e-4a8b-aa1b-83d24e5c4362,89510c4b-36ff-41de-be52-76dbcf71a4b9,REF-27117,2023-05-31,158.06
12e261fb-70f1-4ac8-be37-eda3cbb983ae,1b4052df-326f-45af-8d79-01040fff92e4,REF-41158,2024-11-19,139.86
aa80940f-93bc-4048-961e-edb7f0bbd69b,a2fd6946-4439-4109-92e1-7a1ec170faeb,REF-95607,2024-12-14,201.5
c6a0020d-2cee-46ca-b9be-768863405c5d,6ee6b2d2-67d4-40ce-a6d0-806c50f445cf,REF-47730,2024-08-05,460.73
3faf04e5-0080-4dca-a466-ce14a4e8d16b,23e298da-efd9-419d-9ea3-431f56cb205e,REF-68615,2024-02-26,250.27
515d303a-a4af-4b57-b603-699aefab2b21,6e867878-4490-4899-b0b6-94d9f3bb16c6,REF-74745,2023-06-24,455.51
026a0c4a-8a41-4aa0-86bb-779f6769e569,9bd8343d-9c81-42f7-966d-b6e621cc4764,REF-80280,2023-04-01,457.81
08869e69-2c77-46c5-97ef-4ad9a5aaace4,2ab5438c-a106-4eef-b987-f776bc986967,REF-55963,2025-01-30,95.18
a4a49b4c-6caf-44bc-8fb3-096ca17067b4,3819dc14-01d2-4786-b326-ae4759d85002,REF-95524,2023-07-07,236.55
2e76f9cd-0c71-4a9d-af08-985d4afb2684,c5ccbb25-4b01-44ea-b059-c924a40e45c6,REF-46643,2025-01-21,180.81
ebd85cf8-baa4-4513-96a3-caa7bc40d9bb,91e41237-8dff-4a8c-9ed4-61d468bb6a7c,REF-61733,2024-02-07,405.32
26baefb7-cdb5-42bb-baed-8e3b36244ed2,1f7d2b4e-1fe0-46e4-af42-4c39f4fa280e,REF-93867,2024-09-03,113.46
d1d1ff82-a33a-445a-82a8-b334cf189238,8a379aae-7d6e-469f-932b-f953bc3d7505,REF-41260,2023-05-25,138.87
39af6d7f-b6e0-46fa-8b51-bc207b9d9193,51058998-e849-478d-8b73-a8777512aed1,REF-45734,2024-10-07,447.49
9722d798-f082-40bc-9321-4c05261b781f,7c444988-5bb9-400c-aebd-17a33f69d4bb,REF-68581,2024-03-10,446.23
ebbc957a-b2b7-4d52-b975-d54e2f59a246,f29d6476-87b8-4a8c-8ee6-35d3136ebd76,REF-70034,2025-02-05,498.56
e3e9728f-44e4-4cb3-a063-0c1070863b9b,90f52d1c-bed8-4c21-9bed-ef8986b3b61b,REF-69423,2023-03-04,343.91
2c3dbb10-8abb-4add-9507-98853374d236,654fa980-06c6-48da-921d-749393c5928d,REF-06002,2023-03-10,305.78
04868696-0da7-403e-bc2c-ef76d5ca5ce7,e4ee1831-2f70-48b1-9972-b878a7895c73,REF-96891,2023-03-24,210.1
a60fc713-a709-46e8-85de-91e1e2b0c4c7,e87e0f66-a231-4800-9a47-98569e80e7cf,REF-48355,2024-05-05,204.18
c3655c1a-e28f-4be5-aadb-9514750cb860,c531d1d0-07ca-499a-b37d-a60aff3e1fd1,REF-84886,2023-12-18,369.27
253f6e7f-ccbe-4a01-b3eb-b60242e4c60b,121c3adf-bd9d-4259-b424-e71c7c44be1e,REF-17853,2024-03-11,89.58
b84f64bc-aaa4-4435-8396-4bb4f4f45679,bfbb7318-c285-4fac-b64a-333e0a132ea1,REF-96798,2023-07-29,238.42
60a4a0e4-b2f7-4d93-bd8a-62d76499d9f6,75546cb4-9315-4921-947f-a6402aec348a,REF-92255,2024-06-17,138.09
d508405c-a6bc-49ca-a1c6-5402f4d7b7b4,236574e9-c568-44fb-b7f5-97983a55877c,REF-46184,2023-11-28,467.5
c29e4fd3-f36c-4fea-af47-6ba333d6c0cf,0b0d2310-2692-4b67-bbf7-23faca7a30a4,REF-23008,2024-01-25,132.69
b033fc45-b636-4b73-a233-527aa7c2fd60,dba75944-74d9-474e-8ccb-c4a4d3eb7856,REF-61742,2023-09-17,111.05
899c41b8-20c5-4492-be3f-057a71d69b0a,19a79f4f-183f-41cb-babd-726c0301d5fa,REF-18105,2023-11-01,196.31
1b06c438-1066-4a21-af0d-e41e5d4ccdfd,334d1c45-084a-40fa-bbdd-3794fcd6f2c0,REF-37859,2024-08-22,188.96
0bf1d1a1-bd1e-418e-924c-3ea85d0b5af8,6b6e19f1-d34d-401b-a0e2-eb168a667735,REF-59539,2024-01-25,376.33
9e156b50-d447-42f0-ab65-e02a7d95f4f9,59c3f4eb-9497-4e1b-870c-71748cfc3c65,REF-64778,2023-10-11,318.01
55c025b2-6b4f-4b07-a388-0adabd0fdb25,6ddb85a6-0cb9-4c57-bf29-310884b1185a,REF-14881,2023-07-14,305.66
8da3cf4d-bbe7-4e89-b349-a80e8b4d5378,d3ef211b-cad0-4f79-a062-d1489a2babc5,REF-19541,2024-12-06,318.24
35ae277c-1cda-435c-9325-4ae54f4e25d9,d4318bf9-6705-49f3-a5c6-6c1cf4a29e32,REF-00953,2024-08-11,488.09
d141ece1-f8c9-420c-b636-24b3caa556fe,9b3c0b97-910a-4e2e-8cf8-5ccf65631759,REF-53252,2024-01-30,297.4
af068ab0-9507-4032-932c-6fd18f5e7adb,9ca799ea-ee3d-40cc-a81c-55dc77b34994,REF-21781,2023-07-12,205.94
1582cb83-9d27-4720-b474-4582c6b28c7c,7450d2d9-bafd-4387-a71f-3538e07fd2ef,REF-03117,2024-05-31,323.34
468eb4b5-d215-4371-adf4-6057b32bc1e5,e4b378de-9ca4-443a-bb02-da8233f3f927,REF-81672,2024-11-17,224.4
93ea0ff9-13d1-47df-9dbf-f87203b98bb2,ef3aef0c-28ed-4efb-9a1f-cb736583d318,REF-13253,2024-06-28,244.95
40bb7ef0-fbf5-4662-8b12-b685229c6c2b,8fc90506-86f5-4d00-b2c9-a39acf6c03f0,REF-48660,2023-05-10,138.33
654fa980-06c6-48da-921d-749393c5928d,c19d6ce6-1665-487c-8e01-6483c99928a0,REF-58377,2023-07-31,403.98
e87e0f66-a231-4800-9a47-98569e80e7cf,179a7519-4865-4dfb-8126-e41f9be35854,REF-14256,2025-01-12,195.56
01109e9a-9f33-45d9-a6f1-df40c1a276ed,bafdae0f-c08e-4065-ab66-c99a4b31872e,REF-55245,2024-10-18,188.68
6d577833-0e52-4373-aaf8-a97ca6a6b984,77d52548-6840-4b41-897f-234cf1fe9b71,REF-83361,2024-06-21,141.97
0740e22a-a5f8-4e3f-b757-14906d818706,58fb682f-5c47-4fc3-b476-b39134a7dfdf,REF-94066,2023-06-05,253.65
9e70e9fd-e2b2-4a9e-856d-999e07cf671d,32cbfdee-0d10-4c46-9bf7-4c6b199fec47,REF-53881,2023-04-17,98.17
bb036c47-d90f-49b1-a49f-b7c21b74decf,86d655e9-8177-49f3-ad77-0d7cdc5b39a0,REF-63237,2024-05-22,273.85
1fa678ec-206b-4367-9623-c46785306ea2,460caa37-7099-4af3-b319-f692ae106928,REF-37592,2024-03-27,135.31
aefe39ad-b752-4205-a777-359d4080bdf7,0707c48e-f7c2-4025-bc9a-f55e11766591,REF-31244,2024-07-25,101.76
f401da1f-803c-4286-8ded-3f0851b5de88,7d547a42-dba6-4e48-8dfc-80872dc59b4f,REF-28805,2024-03-07,57.43
8d7bd718-5293-40d7-b767-94711d194b00,82f478a7-93f7-4788-a0c3-15148833bd5d,REF-18744,2024-08-19,221.19
1745bb6a-93ac-4ce1-83dc-3cc6c589eb51,d84eeb55-c8da-4d11-afb1-fed7ed04bd47,REF-15112,2024-05-14,228.59
8a9f8a91-5ea7-4c7e-81a2-81c7e4d8f404,5d4ebadd-6a85-4491-bbc2-86463d126efa,REF-33223,2024-01-08,236.04
b5956400-2ff7-4e90-a511-d6bc01e51564,9fb8201f-634d-4088-a0d8-ea7fdb5863cd,REF-12389,2023-11-19,259.01
72919ff2-ce0e-48c2-bf53-4d6e8615afe1,42fa07d4-ad8f-4c48-bcbd-fa4b96580ac4,REF-69976,2024-09-12,83.36
138c216e-fc3a-4e2d-a7eb-af2a5a358639,11782fda-3c0a-4bfb-bcab-3324a4eb49e7,REF-95770,2024-05-08,232.8
0f2a0b14-0d4f-4e55-aea1-b5505b506ef4,1da86afb-17e7-49d4-be99-bf8907616766,REF-90365,2024-10-27,357.9
95a30f5a-b9f5-44a5-b2a3-2a4f30749460,4eaa3f05-0db2-49e8-b2a3-4833a804483e,REF-59110,2024-08-24,141.21
e57be9f2-e3e1-4213-a796-cdab96f80277,75980ba7-d3e8-435d-8396-755416333f03,REF-55361,2024-01-05,279.35
899ab935-89e9-40f8-a636-2adca44e1453,91909fa6-1dee-42fa-b2c8-10e9549e03e1,REF-52048,2024-03-28,266.48
25cdc237-5bcf-409f-916e-7fa0aa586aa0,5bdeb569-ab83-495a-989e-728699b92de8,REF-63717,2023-06-25,265.44
bfbb7318-c285-4fac-b64a-333e0a132ea1,cf8fa68c-12f2-4e86-b73e-07fe1694e082,REF-83885,2024-04-24,265.7
5c487e3a-899c-4fc7-b060-f5c405163139,bdb07fa0-bd38-4a59-a1ed-8b6d34a89fdd,REF-37490,2024-12-07,133.66
8924b820-5230-4da6-a913-8b3221d30ba9,ae75c4b1-19fe-449c-a853-78de5727ca22,REF-85540,2024-07-02,233.75
c7d4c4ab-2890-4dd7-b461-731c64b657f4,f9002cfc-cf5a-419d-b097-6a371e461093,REF-74018,2024-05-04,451.54
0a5702e6-3fbd-4429-92aa-599a0a7cda6b,95a82b24-87ec-442d-ad48-cf88934d3f71,REF-11555,2023-07-22,154.61
22baa645-03af-45c1-92bc-2e0ba21fe43b,21a3f399-e668-4e72-8948-5c8682294477,REF-95128,2023-12-25,269.68
e1a4af64-c26c-4082-b4a5-6d7f8fc86351,61ad840b-1073-4f69-afde-a53ddaebbaf8,REF-55614,2024-01-19,381.49
5ffb1dcc-344e-4ad3-83fd-add3446703fc,93ae54a9-6f32-4b9b-992e-7510f62e4442,REF-66595,2023-03-15,297.57
5f3a2fd5-ca98-444c-b3e8-ac5d9748e442,ab71fbe7-a0cb-4883-b4b5-5474e9b783dd,REF-74104,2023-03-08,92.59
3a858c23-85f0-4421-af31-d3f87171ae1e,5f81594a-1c58-4955-9021-9de84f18e816,REF-04388,2024-11-12,126.96
991cf111-f466-4296-bc9a-9cc8cfa63055,702f570b-f96c-4d53-81e7-1a710bd68769,REF-68770,2024-11-12,349.83
ef5e477d-f16b-4a58-985e-4ee7aafbb8d7,5b9d8837-213b-4531-816a-d32431154d59,REF-97286,2024-10-29,321.36
c7c71c79-1c0d-4f7e-a56c-ab83209b2286,037e0352-1961-44fc-9985-4b57e1db389e,REF-52209,2024-08-19,183.47
fe8ffdb3-fcf8-4d93-b8fa-08380f79d0db,829c3df9-96d1-4b97-8d0c-1198558977b1,REF-07362,2024-07-17,330.39
01aff9b0-13d2-4fff-9ea7-e0ad78ab98c1,6f24466f-06f2-43da-b1f8-3a36b51f325d,REF-47493,2023-10-05,208.33
50b4270a-b8a0-45f3-b29d-9ebceb8f3e56,ac324742-832e-4b59-8812-03541028d70b,REF-36095,2023-06-06,256.85
297ab28f-4b5e-46ed-a3cb-2aaec6e6766a,4ccc2181-40c4-4e68-bc0f-a3dbcf69fe2f,REF-13826,2023-06-11,105.43
3faf04e5-0080-4dca-a466-ce14a4e8d16b,a605b0c0-5ee9-4ee1-8525-3abcb4f2c3ba,REF-35909,2023-11-11,68.73
da84f25a-38d1-4759-bfbf-749968b506f5,1690bfc4-59cd-4e0e-81bf-5ef29a553f7c,REF-86327,2024-08-26,177.42
8bccf8e7-e6b6-4b7c-b942-9fdfdacba696,411f6aec-7ec4-410f-834b-21dfd3f32310,REF-31939,2024-04-16,488.61
ed01fe44-d7b1-429a-a5d8-521b4ae7bcfa,cab86bc8-f503-4687-82b0-64d4c9c217dc,REF-41087,2023-11-15,63.16
65434446-2b65-4f49-abe0-a545c792ed52,0e08d429-2374-4b72-9435-6d68efd15b5b,REF-16623,2024-10-13,446.3
3ebb2365-ac01-491a-8991-53825c421ef3,d7290a5a-b90a-4694-8419-30a7d14653c7,REF-30978,2023-12-04,486.81
7f28ab5b-9e0b-48ae-8e69-b57503aba903,410805ed-7419-454f-aae0-17e295c3543c,REF-93298,2024-01-04,191.02
31f7b144-0f1b-408d-aded-e4a2be90a0ec,2efb1574-e5c3-4059-85ea-5a94adb20f44,REF-91335,2023-07-08,188.08
273ec7f6-dfeb-4ca6-8ad5-f543bd17f3d8,e2e8a63f-acc6-4296-a96d-a48bf59d255b,REF-42427,2023-04-30,54.85
12bf07ba-913b-446f-9808-558ee9640dd2,c28edddc-c121-4ded-a236-b8eba4454c82,REF-73727,2025-01-22,222.14
006af0b4-889a-42f6-ba40-5f1c9f370799,fac669be-7258-4c0c-b418-fd0530989834,REF-69854,2023-05-05,215.87
c2d9ebcb-7796-4728-aab6-cabecf388943,8188ba80-f40f-4a5f-b969-c8e273f953a2,REF-49330,2024-02-12,446.15
1f7d2b4e-1fe0-46e4-af42-4c39f4fa280e,ee3bada1-f520-4140-b4fd-7f1e0af103e7,REF-44610,2023-11-04,201.81
1bbde29d-1dad-4e08-b596-7698ee35e284,7fbc9a13-29c4-446f-87d5-8fdaafc7cb9d,REF-64286,2024-04-25,287.52
5f9ccdc9-8fe7-4c41-b1ed-5970ef42930a,138c216e-fc3a-4e2d-a7eb-af2a5a358639,REF-88604,2024-12-20,296.22
6fa7c39d-881e-4163-8dd3-67b6e1981b7a,85b6bcae-8f08-42dc-9002-66c4f70aa175,REF-31504,2025-01-15,448.26
1e28371d-604a-489d-ad38-43ea350b11b3,eb07f960-40e7-4961-8bad-ee841fa17ace,REF-12852,2024-07-07,56.72
9d6e7334-f962-45c9-8faa-f956704796fa,2db718ee-f0ce-414d-aa3c-c420b77c2734,REF-42972,2023-05-28,366.55
532a3254-8fe0-4247-b5f6-66a8f885f86b,264d34e9-781b-46d7-8a0d-7536abe2726d,REF-74020,2023-04-22,178.52
8b0ea02e-3761-4683-9594-4ad4bab6fc83,25cdc237-5bcf-409f-916e-7fa0aa586aa0,REF-79801,2024-11-19,267.19
21f7b678-a6d7-48f4-b90c-0eceec4831e3,1dbc8007-2ea4-408c-abe5-a130bb3437fd,REF-08750,2023-12-11,378.12
bb55bb57-0cc9-4fb8-9bba-af5662a11d15,8254246f-3b07-4a6b-ace6-36377e59e76c,REF-20474,2024-06-28,82.04
3231ec58-5f5d-4b5b-a4d9-a3ed37fee402,069a5e12-b334-4b38-9617-f2bf5a20e464,REF-93783,2025-01-21,111.79
708541f8-be73-4b50-8bd5-b1d182be032c,12e261fb-70f1-4ac8-be37-eda3cbb983ae,REF-45559,2023-06-20,424.14
7b1344c2-8240-47d8-adc8-c8fc302b9648,ef639157-00f4-4d18-baaf-673f5e8ff469,REF-21091,2024-10-14,456.78
915a2260-62e5-4c7a-938e-da85dbccbf63,2a79954d-e249-4dcc-b3aa-cc0c85900f9d,REF-47280,2024-07-16,331.4
1e34a628-1cb5-4a2d-8bad-46d9b477091d,6084a8c5-0240-4792-ac07-382d598eb36f,REF-48888,2023-05-27,337.29
62319e18-05b4-4363-b03c-ee7243772b6e,329de1c4-c6a2-447d-861d-9114cebf967a,REF-75396,2025-01-07,366.0
8a9f8a91-5ea7-4c7e-81a2-81c7e4d8f404,03e03258-5449-4aa3-9041-45f9ac060447,REF-60004,2023-07-29,362.4
899c41b8-20c5-4492-be3f-057a71d69b0a,0929c7c8-c6f9-4a20-8369-d8088a82343e,REF-36189,2024-08-08,331.76
f621ac82-e955-4cec-bb66-818164e69fc4,a866aa37-9d68-4647-83c8-cec3efafda66,REF-86469,2024-06-09,259.11
7db04b7a-2963-4c11-a52f-439b448e3262,ddc430fd-055c-4500-ad84-96c8bb59a527,REF-82185,2024-02-23,70.57
22cb65bc-7f79-4bf0-be06-bcbb4d177826,4a3a109b-a7dc-4a4f-9376-145ce5858336,REF-60118,2024-01-12,217.26
c8d586bb-8407-47cf-8ae5-e75180f0dd9a,ed01fe44-d7b1-429a-a5d8-521b4ae7bcfa,REF-29880,2023-11-23,150.16
2e80d038-6dfe-4c83-9026-56ec76663c5d,faa96ece-963f-4cab-8464-f96a907be075,REF-03755,2023-06-18,327.78
fe9b4dc8-e2c0-4436-905d-7748d431fe55,dcf2af63-81ab-4148-a9ce-36e4cd0ad1d5,REF-34336,2024-02-23,97.5
06f7edb0-c081-42a4-85e6-c94081875e67,37633873-3fdb-4e98-9f84-b59a3253d3ed,REF-20961,2023-10-07,158.49
820b3637-2150-4b11-94fd-51f3202fae82,ce97e2aa-55f8-472e-a574-ddc8e79b3ea2,REF-54866,2024-05-30,312.15
d678054a-d19b-4b99-9a3c-eceb5b84f327,7eeb85c9-9996-4a68-acdd-302d785d971d,REF-77214,2024-05-04,261.32
40ff83eb-ee59-4c73-ae09-130dc3b0f511,32bbb615-ac76-4544-8513-da39228dfef6,REF-67623,2025-01-21,293.48
dd5880d8-6c14-4519-b12e-c18a04bd971b,88d91339-e199-4cbd-b063-4075a67311f6,REF-12264,2024-09-27,320.73
85bfb4c1-ea8a-4e8c-963e-927706117430,c27259d1-4d20-4e09-b9d0-bdac6e7f10db,REF-82472,2025-01-16,496.07
65703b89-98fb-4d81-88ae-0793573c3190,ebd35aea-669d-4d02-bae8-ae22d3b62e99,REF-38841,2023-05-11,473.98
7c5ff18b-c213-4eb3-a0a8-9dfa78dc9cd2,a606d526-0106-4629-a2fe-23ad132b3368,REF-85417,2023-09-23,160.64
1b4052df-326f-45af-8d79-01040fff92e4,6ab9b653-de67-4445-8a38-6b50deb97b63,REF-52730,2024-08-02,298.11
381654ec-729c-4273-b836-919c7a3fce80,760ccc2b-af7f-4810-ba10-9376b7007ba0,REF-34463,2024-01-10,108.61
532a3254-8fe0-4247-b5f6-66a8f885f86b,53367140-4eec-4bfc-94b3-a078c1c5d8fb,REF-82200,2023-11-03,414.41
345b5329-2d58-4aca-b80d-0dbeda11a55b,93b40c0b-4f74-40f7-a565-339660cb6ba1,REF-74458,2024-03-12,426.25
ac887d3f-1282-47b0-8cbf-1f0a5abf1c4f,80326592-a6d2-44c5-8b63-4a5f367d6904,REF-11456,2024-01-01,187.07
b7352150-375b-4344-9653-81fa899b6bf6,8ccd2654-00af-4e2c-b9a9-7c0e3e43b4c6,REF-14694,2024-09-04,408.31
d2bb1c32-ce77-4131-a7f3-63e237ef5fa4,4d88335c-70b9-48a3-aae8-417dc75e3c4a,REF-71088,2023-04-03,256.78
7b4e8e20-99c8-4460-911f-b2835ba3c2c7,fdad3588-8d2a-4208-9b03-c0c0ddcab4ab,REF-05176,2025-02-17,454.28
881e6c17-20f7-46ca-a24f-63b621394cae,8f74c7ab-340f-43bf-9425-0f097748ff8e,REF-60188,2023-08-03,60.45
2a79954d-e249-4dcc-b3aa-cc0c85900f9d,91aa40ba-0f24-4b8c-8fa9-809fa55f42bb,REF-81855,2023-07-14,189.24
a7823163-1c24-473c-a4a5-fa7d4f400129,dc102c62-7fca-4667-8387-b603835f5eb6,REF-45872,2024-06-18,429.96
5b7b7c29-e140-4800-bf96-e229ad11a947,200cf42b-9ff7-452e-b708-121a3de767c8,REF-66364,2024-10-02,414.27
6348fe14-89fc-4b0d-8ebc-88174a2d26a7,10f25ab7-1e13-4136-86f7-c1c03ccc63b8,REF-08616,2024-03-27,105.51
9770cb2e-21ea-4fbc-84fd-5b589330ed8b,7e74f535-5bbc-403f-bef6-752cbf4edbf5,REF-21733,2024-10-20,247.57
727c7c7d-dcd3-4e27-a1cc-d26ea3f84746,4b8aa90b-d142-4015-b170-efd1620a594e,REF-10193,2024-01-03,429.33
ae75c4b1-19fe-449c-a853-78de5727ca22,fa73597c-ea0d-4ee1-9d85-805a21a8d544,REF-42344,2024-03-10,78.33
cedaa684-4955-4f79-8a2c-26edc5c4d684,c51982f8-e0b2-4069-9ee0-3511439eb9ba,REF-29478,2024-03-11,52.12
23e298da-efd9-419d-9ea3-431f56cb205e,55877bef-09c6-4cc8-8647-0296d487650e,REF-46905,2024-08-18,464.94
2831249c-38fc-4ddf-8cc2-3435d5edcb77,5c898c27-db9f-41fd-9638-8b163bdc0d9d,REF-71798,2025-01-03,103.84
3d1beaed-0013-46f3-8f0d-6b28f2e98f88,1ca2a901-a774-4b2d-96ee-63d7cf805529,REF-45910,2024-11-14,87.88
df19fec3-6722-4872-ad74-0b2b30cc9bd3,240da0d6-960b-4bac-8486-fe243a7080c1,REF-58408,2024-09-12,102.29
a730af66-a138-4b6e-94e9-959be24b80f6,888c45d5-e316-426b-a4b0-d4ce66d8d72d,REF-00089,2024-08-01,482.04
ebd35aea-669d-4d02-bae8-ae22d3b62e99,044b1944-4d44-4953-b2a4-ad616861f0d9,REF-60880,2024-07-20,234.59
cc265f84-ca02-436c-9872-08e4a8e5fd84,6998d59a-13fa-442b-8b47-fb29f2e06389,REF-82028,2023-04-13,59.51
fbe6489c-5de7-4895-9b93-3c9091ebccc4,5f81594a-1c58-4955-9021-9de84f18e816,REF-95972,2023-08-13,499.41
3e946c0e-fd60-40fb-8e2b-3dfa447397b5,f621ac82-e955-4cec-bb66-818164e69fc4,REF-15952,2024-04-26,175.8
1e34a628-1cb5-4a2d-8bad-46d9b477091d,8f22013b-0de5-47ce-8948-3481b5349566,REF-99252,2024-06-29,73.76
8d4ededa-322d-4934-a450-6e79870f4c58,a92e1e11-0fd5-49a7-a1cb-53b3b6de6b73,REF-56933,2023-02-28,157.57
915a2260-62e5-4c7a-938e-da85dbccbf63,3878d714-6c12-497d-a78a-7acb8d2f0056,REF-08349,2023-12-10,248.46
8eb0c007-9b48-4e51-8e89-b4c61c5470e7,51e9be9b-8817-40b5-8526-554cfa61a1a9,REF-36209,2025-01-13,315.77
c48b95a3-d72f-410a-98df-dba5fc3923e3,282fe8e4-4c5a-4d7b-93f2-d3728c672754,REF-59256,2023-05-21,449.08
ad24216b-5784-47d8-9eba-1352d7befd40,90baf649-6f25-4feb-92e0-0bf4b5a61666,REF-71651,2023-06-27,113.94
d5aa18fa-c046-4a19-8e1d-d79ef8d003f8,4268446f-5683-4b36-9d47-00f6a0ae1a8b,REF-92612,2024-07-27,489.41
bb942f92-95f3-456b-b014-3d7efd655db6,95520df5-724b-4793-9325-4172391586ed,REF-22508,2023-03-05,392.98
0313bd0d-7b5a-4ae0-83e6-a2c454ee0b00,106bb249-d002-490e-94ad-8ad803f95e09,REF-04094,2024-07-03,402.84
491b5a5d-21f8-4306-a4c2-3045c3d92dee,4f7fdb32-9edd-4342-94fd-b63976fbaf14,REF-34776,2023-11-27,219.99
7b8cd5a9-6b5e-4bb1-a9bf-fcb78bfe3c31,12cfcdf1-b6a5-430d-aafc-be8a35f2e8a8,REF-60166,2023-06-15,482.7
1e9d73ee-eedb-443e-a305-936d189d28ff,d5c99204-3105-45a3-b25d-3ff36ff211ca,REF-69622,2024-08-29,172.85
ad9dae98-beb1-4fa2-875b-6dd49aaec181,d5aa18fa-c046-4a19-8e1d-d79ef8d003f8,REF-93245,2025-02-23,383.44
f979483e-0364-4050-a495-b0d073c89c18,329de1c4-c6a2-447d-861d-9114cebf967a,REF-83757,2024-12-30,491.79
4e8afb6d-e606-493d-a3bf-90dc7a090d62,0b09b546-e8ce-4689-b21e-e787fa6b529f,REF-43208,2024-01-06,450.99
eb7ab672-92a9-45a3-9f0e-cffd613105e6,9b7951ad-9630-44ea-8598-766d2c2d36eb,REF-11511,2024-01-13,154.69
84cca225-8a8a-4eb8-9d38-65fabd8a624e,9887f111-299d-4e97-a7a4-ece631ddc503,REF-98046,2025-01-27,96.69
be89a67f-4b2b-4b1f-b930-e4c09e74f5a1,37309f1f-e16e-4ec0-8252-fa2a3923d42e,REF-00868,2023-11-18,490.52
902df042-01df-47b4-a8e2-d972bee95cf5,8fd81949-d87b-4c6e-959d-340b18b3a076,REF-50286,2023-04-21,267.25
b6c51a20-28be-453e-b9b9-396194d6fa49,231570f5-1aa4-46b4-b8b2-0032f83421ce,REF-83949,2024-11-03,84.41
4a3a109b-a7dc-4a4f-9376-145ce5858336,66d93b46-3661-4190-a731-c073baffd379,REF-45244,2023-05-27,234.92
0dbaf1c8-5cd8-49e9-a502-551d9f15bc9e,45063e4e-e318-451d-8517-2aaed5936357,REF-08467,2023-02-26,236.48
e4a5d7b3-fdf5-45fd-a5ea-15b3e01dcb03,076176f9-2a48-4369-b291-da830d3f8039,REF-07210,2024-04-11,320.44
091f4a30-df1c-4272-9202-e571339e0c6c,93ae54a9-6f32-4b9b-992e-7510f62e4442,REF-98203,2025-01-02,196.84
803c7975-7027-454b-b61d-7b067c5dd66f,22e95cb9-2890-4b23-ad1e-3a67da11d455,REF-09484,2024-04-30,444.65
0e849008-cef6-4056-b858-d51c9cfd819c,651551d7-6589-4df8-8af0-fafb70d5ec6c,REF-80548,2024-05-26,286.87
40a5f94b-7ea7-43a7-b5c6-59504f99a37a,143c2c0a-397c-4a0d-a137-9edb8ecdf1ef,REF-16069,2024-05-11,244.24
757961db-744e-423b-aca2-97af21a927db,e1293921-b7a3-4c8c-8ee4-1639e0ca9e2f,REF-73067,2024-12-18,282.66
b216e705-5737-4e77-9fc1-5b68e3b2c25b,6ffb1d45-0d56-44be-b664-4a1d72c326b5,REF-35561,2025-02-05,235.12
f46c1016-a68d-4f2f-91d0-a54736dbaa48,c6cd8bea-53b4-4080-af49-1d8293e9fee7,REF-55509,2024-04-14,175.12
174131bc-4685-4b52-bfc3-5d840fd0a2d9,c312e886-b56a-4acc-8bf3-5fd5c93d3730,REF-10270,2023-08-28,420.13
57981ba7-a5a7-42dd-af3e-ec740bc71c12,2b56c1e6-22f5-4d36-a8f9-f95096349afa,REF-24661,2023-12-14,265.49
63ca4d5b-abbb-4e0b-bfcc-dc9018a6ae84,83e4ced6-d828-40b2-95c1-a6a6eb58fa27,REF-51251,2023-08-15,126.77
96bca12e-2ac2-4c3b-9543-1f7672eb8ec8,ce97e2aa-55f8-472e-a574-ddc8e79b3ea2,REF-05457,2024-12-20,76.42
23538613-795e-4c88-8df5-d51c640e2c13,9487e2aa-7a68-46a1-9379-3e2c7f2a8595,REF-07082,2024-07-27,399.22
16bfa5a3-fb3f-490f-8786-1e1c8c2a8308,6e30eeac-3448-4d59-a9c7-af970b82adbb,REF-42246,2023-06-20,424.42
bbc7fb97-7cba-489a-810a-1875288141ac,bd0914d3-3b97-42c2-aa5e-6ebff2157985,REF-23018,2023-11-19,472.96
ec9237b6-1fb7-469c-bec7-9e5378398dd9,40a1a5c6-5add-4145-bb59-ade628cd40f3,REF-43566,2024-05-24,436.6
01aff9b0-13d2-4fff-9ea7-e0ad78ab98c1,c4372e7b-93b8-4044-b945-1867fec47fb0,REF-68757,2024-11-27,437.93
940df8ae-cd35-4fa2-b204-551a30bef480,5b9d8837-213b-4531-816a-d32431154d59,REF-42483,2025-01-27,427.58
bcabd1f4-1d9f-4331-b63f-efb941765885,bffda044-1aab-4626-9f01-51fd83bcc8d0,REF-37418,2025-01-26,286.54
ca0adbc4-2908-4cc4-92c7-49d6fadbd189,5b9d8837-213b-4531-816a-d32431154d59,REF-84125,2024-05-06,421.99
6aef2d1d-316e-4b32-a5b5-4e3dd64ced99,24511805-255c-4d0f-8094-43b14bca93be,REF-58805,2025-01-15,178.36
6c580753-7737-4f03-ae1a-7ac3dd15644f,9234f867-0f11-4d50-b4dc-7ff8918eb5e0,REF-34457,2024-12-03,136.09
162e48a3-5f3d-46ed-9fa0-405bc4661bf3,06fc7f33-5ac9-4292-9f3c-d9d85384c06e,REF-31770,2023-03-02,162.49
fbe6489c-5de7-4895-9b93-3c9091ebccc4,46c44a18-bbc1-47ba-a6e5-7e08078e60b2,REF-78334,2025-01-26,403.44
67b31b2a-3956-4a3c-88e5-2e04e2c25a21,f8e84845-f86f-4508-96b9-1e14c2e4e666,REF-20874,2024-07-14,279.22
0dd019e9-89b4-460a-a25c-6f8f35cc349b,e68bb1de-f287-4b5b-adeb-7ffb91d1f0bb,REF-10563,2024-03-20,56.64
7d108a92-f4d8-4e8b-b6c9-4c5b6075605b,ce02781b-dee7-44e6-8b16-df0f0102201d,REF-93028,2024-07-18,482.83
885b84cc-11ad-48f9-b876-794c7966e379,41999676-2f39-47fc-8b0c-3e1da87511b4,REF-15862,2023-08-08,432.1
529e6d2f-fa95-4151-b42d-712dcab7ec81,c5941433-93d7-490e-940a-19670c613aae,REF-73675,2023-06-10,201.47
0275cc47-572f-4e76-b7c3-3c72944a80b8,8212c0f4-8f66-4ca0-af18-f8720092aca2,REF-41581,2024-05-17,86.71
c9ce8d6e-09bd-459b-94ef-6a8950a0acd9,1b2212d0-7d1f-4d05-801c-e4a02d696d83,REF-64048,2024-06-05,222.15
069a5e12-b334-4b38-9617-f2bf5a20e464,3a707948-c192-4664-93cd-834fdcfab1b6,REF-45723,2023-10-20,253.85
f8e84845-f86f-4508-96b9-1e14c2e4e666,51e7af82-612e-42a0-a4a1-e2b571ee67b6,REF-88954,2023-07-06,312.35
abdbf0a3-73c2-4c5f-a6ad-208a10023fda,7ac6912f-b88d-4a88-944b-7be09ff54179,REF-01357,2023-07-09,453.25
5f21c7ad-a8d5-4b80-987e-1615a106fbe5,ffff1ed8-a9d0-40b8-a24a-2ef2dd04c9b7,REF-95148,2024-04-17,173.59
3288d804-0afe-4c0e-9ca3-3385cf5dcb64,2ed88072-4a75-4cc7-82f4-d6b4e38b8c91,REF-48479,2023-12-23,397.16
2aa5947b-6925-4f04-8140-a03fb4e30568,d46e39d2-70fd-4574-b1e3-44a58bf6fd0b,REF-40301,2024-09-16,481.25
1690bfc4-59cd-4e0e-81bf-5ef29a553f7c,c188fad7-c1c0-41cb-9d78-acd70e52ac31,REF-84219,2024-02-22,434.19
93d95577-7933-4de2-9bca-634baa0233b9,bfc95ecf-21d6-4500-8b44-1975ff767551,REF-57192,2024-09-28,479.46
7e29f62d-bfb0-43b5-873d-c1f2127d90da,06305d75-ee89-46e4-9254-426b21d454b9,REF-93392,2023-03-04,274.39
841d9b32-c0c0-4b55-8a41-43dc0f835f37,9724e9b8-a841-402e-b0a0-6dcdd3975779,REF-42127,2023-03-13,386.23
1623014c-56a2-40cb-8155-c08e50996ff1,321d434e-5ddf-420b-b7d3-6528b9fbb924,REF-08470,2023-06-27,89.92
57795aa7-8414-434d-9d65-90da981a5543,c7c2db88-7904-4684-a1b1-22e77fe6b213,REF-75188,2023-11-21,393.29
59c3f4eb-9497-4e1b-870c-71748cfc3c65,d3ef211b-cad0-4f79-a062-d1489a2babc5,REF-11910,2024-01-03,263.44
544d6a1f-e655-41d1-a7a7-9aa82c7a335d,094b5516-37ec-46a2-8edd-c35ee38a645f,REF-30155,2024-10-27,299.64
8f7e0f59-60aa-4a28-af5f-748dcff44173,0be0f674-d77b-41f3-95fc-a5250a54bfc0,REF-17578,2024-06-12,124.07
24511805-255c-4d0f-8094-43b14bca93be,a4c2cc75-cf99-4f87-b4ce-50a071539618,REF-28074,2023-10-09,101.18
1de9aa37-c624-45fd-84dc-48b9fc840647,4cdf0a7a-d869-40e3-a60b-4935f0365c3f,REF-16496,2024-04-14,184.13
e5f48baa-7afd-406b-a118-7a58ef819b02,169ca9e2-a506-4f6f-b430-5579150a573a,REF-11980,2023-08-03,189.97
39f5348e-1ef8-4dd1-b0f9-2b5f97b0237e,5c487e3a-899c-4fc7-b060-f5c405163139,REF-46798,2024-03-24,91.56
a605b0c0-5ee9-4ee1-8525-3abcb4f2c3ba,26baefb7-cdb5-42bb-baed-8e3b36244ed2,REF-17748,2024-10-25,382.08
1fa678ec-206b-4367-9623-c46785306ea2,57981ba7-a5a7-42dd-af3e-ec740bc71c12,REF-28254,2024-04-05,392.11
96663415-2cf6-492e-8a74-da7d712d529e,d101c9a8-2e92-4b0b-8412-caecd6bee8e5,REF-51325,2024-09-28,305.19
4a44c200-661d-471b-9b68-ea7b41f3f9d7,55af2adf-f836-43a3-966b-3ad192090cbe,REF-00701,2023-05-23,314.92
6ea724cb-1dbd-418a-9038-d4553b1954b9,85b6bcae-8f08-42dc-9002-66c4f70aa175,REF-16332,2025-01-20,197.44
1f6e52a5-7ee5-4551-9af3-35d6f851165d,f6bfc487-da7d-48e6-bffb-7e3fa2be1a9b,REF-42513,2024-04-30,185.14
969c567a-7da3-4873-ac94-e813128578b0,43f834c9-d8d9-45ca-88a4-fb36b4b089d5,REF-80291,2024-07-28,387.79
73d37f51-302e-4c2a-9eeb-1f3321887c76,d58db261-047e-4342-af8a-648310db810e,REF-91874,2024-11-25,468.4
2d996a07-3c05-4c66-a9fa-9e2920229915,e0b38d2c-662d-4300-a574-9f23e919a747,REF-17360,2023-06-30,238.91
d1530880-efe0-4b50-8f33-75a74052012a,42fa07d4-ad8f-4c48-bcbd-fa4b96580ac4,REF-62006,2024-08-27,324.08
04868696-0da7-403e-bc2c-ef76d5ca5ce7,bef5722d-a2bd-4653-bdf6-8e33903d4216,REF-71529,2024-11-04,211.87
8463966b-34bc-43bb-9426-272463933358,494ddc22-3a3c-44c6-aeed-bdfd0d693011,REF-45066,2023-06-02,96.8
60cd5553-ba91-4c1b-97a3-3a0cc3dd8621,0a5702e6-3fbd-4429-92aa-599a0a7cda6b,REF-13073,2024-12-14,349.98
7b4e8e20-99c8-4460-911f-b2835ba3c2c7,8e59aaea-951b-432f-a7ff-8c926aaa545e,REF-57226,2024-10-03,69.7
c01dda27-7a22-4f97-ae25-a170cd97276e,9724e9b8-a841-402e-b0a0-6dcdd3975779,REF-20682,2024-12-22,399.23
c8e3c0bd-8951-4b50-9097-951f006fc146,cf8fa68c-12f2-4e86-b73e-07fe1694e082,REF-32815,2024-08-28,81.74
fc7a6b53-539f-464f-b66f-15cb98539198,a7e5a0c1-ac87-43f1-a6cd-1aae3b37e41f,REF-60959,2024-01-01,366.28
ed74514a-9820-4cdf-9f5d-bcf60e232985,4cfbe3ce-0711-4221-82c4-497fc6cb74c5,REF-64685,2024-08-27,358.38
5795d232-ec95-4a7f-8c19-a1df4bf7917d,428a3afa-0539-48c4-bf55-f7e1b6a56a51,REF-30897,2024-11-19,380.17
32c2b603-1a7d-4197-86df-bf8d3e309c3e,11616ff2-5101-406a-9ce3-632983b404b1,REF-81904,2023-05-01,189.86
873a30b7-c9aa-4b63-8df7-058ef00c7585,71edc612-beae-4fc1-9496-5bea742f4a58,REF-14147,2023-03-18,353.48
a5635e45-c028-4723-8b04-a66ede0901fa,106bb249-d002-490e-94ad-8ad803f95e09,REF-15014,2023-08-09,338.44
2ac899fc-f3b4-4cb9-b4b8-1b325bfcfb2b,22e95cb9-2890-4b23-ad1e-3a67da11d455,REF-76835,2023-09-04,319.69
9560c626-cb44-4b41-8e6c-98b43fb6c3bd,750a89a4-ce1a-4e0f-a78e-625908c14c04,REF-69418,2025-02-10,288.92
98578c0d-d096-4b9a-97d3-ac3842f8b495,0f51f0ed-778c-413c-8296-856296b8ad3f,REF-97789,2024-11-21,463.38
6bffa4db-f984-4af6-821c-99f8e8773564,b447bb51-6a85-445a-b767-df9bc4d5318a,REF-11230,2024-01-26,280.35
ec3d7362-6b08-4bca-b91e-bf57e8eb43ff,d1451570-2bec-4406-b04f-ae673d05b306,REF-49064,2023-08-28,308.34
c1854653-ec74-4e7c-95fd-37c193b41e65,10ddba68-962a-4951-af2f-a3c8134ac75a,REF-58067,2024-07-27,151.85
4268446f-5683-4b36-9d47-00f6a0ae1a8b,ff0b21f7-7628-483b-a5d5-68dae0653211,REF-37094,2023-03-23,453.55
c0680744-4688-492f-a3f2-50c340281180,76a75218-cf5b-49ab-ad21-0be663ffa187,REF-35187,2024-09-26,216.45
3d0fbc42-7a84-4265-8e8b-2fc745bb76d6,6d1a878f-7fb9-4570-b78e-138738533a35,REF-76117,2023-09-04,465.76
15f69e78-bf8e-431b-b325-81e20fcf5dab,9840d984-66f9-4bad-bcea-5bad880ea476,REF-85801,2024-07-23,257.54
75b9e3e2-8354-40e0-9be7-6316a92cf9cb,52286129-0716-4727-93f1-f282bf565175,REF-18971,2023-04-14,150.1
c48b95a3-d72f-410a-98df-dba5fc3923e3,4064259f-b9f4-414a-8604-191c5feb7d60,REF-52989,2023-05-13,434.06
7b1344c2-8240-47d8-adc8-c8fc302b9648,c0d685db-b2ce-40e7-814c-a80b8acb984b,REF-81629,2024-11-12,231.68
20d1aeff-cf30-4314-bd90-f2c7303ff27e,d11f4f6d-6324-4fa1-8072-879d113eecd5,REF-05307,2024-11-06,487.39
eee96963-3c87-44f3-a284-4b7912ff5543,5b673cd1-3a7b-49ef-a02a-fb7ee9ea4407,REF-94547,2023-11-18,53.42
4400f85f-4e93-4f00-8eb8-53ebff43f53a,1a22ed12-9494-4c25-90be-2b7e575bbfb7,REF-80757,2024-12-06,172.63
ddebab96-a179-44b1-881f-0df26d94310c,f75f6719-3a5e-4edb-a191-9ab005cb32d9,REF-39251,2024-10-21,182.55
e52d512f-7e5f-4e12-bcb9-8308b3598adc,818f3991-d9b1-492a-877f-64fd2a792a3e,REF-49271,2023-05-01,381.02
d7290a5a-b90a-4694-8419-30a7d14653c7,3a5b5e54-d35a-4314-b58f-d322721978cf,REF-11380,2025-02-03,137.17
26d287f1-d7eb-4c8c-995c-bfdc73f60bad,3176c48f-08d7-429b-b382-50fe2df41444,REF-89233,2023-12-27,62.86
1f2a17a6-bc4a-4727-9104-54a07a9032f7,c0680744-4688-492f-a3f2-50c340281180,REF-56613,2024-07-28,364.44
cf8fa68c-12f2-4e86-b73e-07fe1694e082,569cb1dc-3eb2-4839-9362-d0d0932a5aae,REF-89948,2023-12-03,494.9
8e5a6f5a-acfb-4ff7-8a29-897584c8c7ff,f75f6719-3a5e-4edb-a191-9ab005cb32d9,REF-22414,2024-09-25,219.15
1b2212d0-7d1f-4d05-801c-e4a02d696d83,a16a68d1-679b-4bfe-8abd-16d76e37a1bf,REF-58592,2024-08-14,110.38
4cdf0a7a-d869-40e3-a60b-4935f0365c3f,275c03cf-8dd3-47a2-ac18-c97e7257b7b9,REF-48283,2024-02-21,407.2
68d908a3-c0be-40ac-bc12-650664eb087b,5f21c7ad-a8d5-4b80-987e-1615a106fbe5,REF-15507,2024-03-06,309.18
6182c428-6ccb-40d8-b731-11a9af1aa93b,abc4ef39-d560-4d8c-8a75-e40cb6e2cb28,REF-47214,2024-08-29,281.12
4f95d13c-3cbe-49ec-964b-f862e9e3ae62,f927dbbf-45b3-42c9-83ed-073cc3721189,REF-86456,2025-01-17,373.83
7712be52-3231-4ab0-9e94-294f4ca9595d,f3f43f1c-c511-4829-a193-8225de344174,REF-34995,2023-06-05,72.95
8c0d9639-32ea-41c1-8e72-9fb6de9ec67c,9bb87f8c-0be3-447a-95a8-3b14b3e8a62a,REF-67595,2023-06-17,266.64
fdd71155-6024-4044-bf7a-33cba5d4c1ac,21b9602a-f896-4124-a7f0-e6fb77d8d48f,REF-68988,2023-12-14,467.69
e0047f6c-c633-4c14-95b1-9f5dfee50fcf,7b4fdc49-31f8-477f-b303-a5d6364f1830,REF-21800,2023-11-13,89.76
68058082-0baf-4fbf-8125-cb53919a8b6e,8c0d9639-32ea-41c1-8e72-9fb6de9ec67c,REF-54399,2024-06-29,121.52
7af07864-d47b-49f6-811f-61659c33118a,5a69dfa0-1348-489f-94ea-aab70ae24c30,REF-94667,2023-09-30,224.72
8d7bd718-5293-40d7-b767-94711d194b00,96c66888-baab-4a8e-9340-1c88bb042e9e,REF-12846,2024-12-15,435.62
529e6d2f-fa95-4151-b42d-712dcab7ec81,7a348473-6802-421f-a153-4e2124fd2006,REF-66285,2023-12-08,95.38
61170299-ae1c-4923-b8f4-1b0aab899753,23d928ea-aeb2-401a-91a8-1e99f3338ff4,REF-08081,2024-04-24,227.77
dccaa52e-3b51-435a-adb9-12df57d7be2d,7f28ab5b-9e0b-48ae-8e69-b57503aba903,REF-84204,2024-11-07,92.81
7f28ab5b-9e0b-48ae-8e69-b57503aba903,d8e24aff-ee8d-48df-a709-d6518778adfc,REF-97090,2024-02-06,406.72
9cd9cd7e-c1d6-4de3-81dc-c6b0dad4cfab,67b31b2a-3956-4a3c-88e5-2e04e2c25a21,REF-87903,2023-08-16,87.41
e595982d-1b41-46d4-af10-d17b3b0e43ed,4260c229-6348-4b65-ac01-84e081f48277,REF-43533,2024-08-10,67.54
4e34d735-a848-40d7-ae3f-bf15d3893d12,9722d798-f082-40bc-9321-4c05261b781f,REF-03672,2024-07-03,97.05
aab3ee82-8579-4e0e-bb22-93a5ea8f3ea5,5c9a8133-5a7b-40ff-ae82-e938e60370b2,REF-20965,2024-09-17,57.96
fbe6489c-5de7-4895-9b93-3c9091ebccc4,10f25ab7-1e13-4136-86f7-c1c03ccc63b8,REF-52033,2024-03-21,286.91
410805ed-7419-454f-aae0-17e295c3543c,ae88f44f-a1cf-4002-bd69-339b7134b9a1,REF-14059,2023-08-24,394.34
31ca4065-36a0-474c-b819-af3c020db212,297ab28f-4b5e-46ed-a3cb-2aaec6e6766a,REF-67473,2023-11-23,270.74
5053d3fe-8d47-4cb6-a122-5b2ea0f0feb7,1e9d73ee-eedb-443e-a305-936d189d28ff,REF-42628,2023-05-24,133.59
7d0d0c3d-8d12-4ceb-a47b-6cc8c2d8d7de,c65ed40f-3217-47e9-b1a0-ca57ec71e6f6,REF-56626,2024-07-18,234.18
8efec899-1ecb-4d0b-921e-5e3738b39813,e957b231-ae84-4b3e-a08f-5219d0d53481,REF-67901,2023-08-16,442.13
0ded0f3b-75fe-4020-a78a-89bfdd9dd373,017e5c5a-dc92-4493-80e7-1b62eaae6240,REF-97947,2024-01-07,257.19
fae39da5-a244-43a2-940d-4140357d60c3,debecd0c-ac97-4372-b93a-e0e21726e616,REF-36185,2024-09-28,62.72
8da3cf4d-bbe7-4e89-b349-a80e8b4d5378,a5a26e57-8131-4e83-82d9-d7bbfe037198,REF-37948,2023-08-08,431.02
5a7ce1f9-6d77-4a4d-8005-c162eb2d1909,55877bef-09c6-4cc8-8647-0296d487650e,REF-23201,2023-04-20,134.39
0d830b22-04b3-46d9-8c87-687ca4326f6a,f561dbef-4db2-47cf-baf4-cc792206e1cd,REF-58522,2023-05-26,323.33
e68fb319-c72d-40a1-b4bc-2f0a58871683,c984cb98-c0d7-47cf-aee9-f991fac728fa,REF-19118,2023-05-21,340.53
95d21b5f-3820-4b20-8d61-28fe073870ab,f9f52082-7edc-48ad-af70-ec33aa64a0c1,REF-07976,2023-03-31,428.21
33a65931-d749-4cf9-bfcf-94b9330ac3e2,19551841-7ea2-4a57-8ffc-3c30bedd66bb,REF-21107,2023-07-05,276.79
4589c31e-017b-409b-9954-3d0f9de81173,73d37f51-302e-4c2a-9eeb-1f3321887c76,REF-09387,2023-05-01,351.13
6ab9b653-de67-4445-8a38-6b50deb97b63,eca09f31-3e5d-494d-adca-267cf4406b20,REF-58341,2023-09-04,383.19
9812aeae-63a8-4b8c-bd69-e69ea6c7e8e7,8d0036ee-3595-4348-bdb5-ac5876097312,REF-89845,2024-05-05,54.52
617fd3ed-e610-4618-afbc-901d0e9c4299,feed491e-677d-45fc-b458-79fe0d3da5ff,REF-67521,2025-01-22,176.12
740a47e1-fafb-4a62-b7f5-73e37e25ba56,77b5bcf9-3fac-4f18-b738-7b69d18cf714,REF-55568,2024-01-19,316.7
4f92cf25-8c64-4c1a-b473-8e7ca854cc3e,484ca83e-3f7a-42b0-91a0-79c6eee0c976,REF-84212,2024-03-24,428.41
6f24466f-06f2-43da-b1f8-3a36b51f325d,4c404636-0ac1-43ee-9c9c-1fb8f971ef6e,REF-77432,2024-10-09,147.6
eba124eb-b3fb-446b-a601-a37cbea4c658,d5c490d4-196f-48cc-95da-65f669afa336,REF-28978,2025-01-22,105.74
53249af0-093b-4556-9015-d17d7eb7193a,7cf15640-4608-4a48-ab40-8f1b5036b89f,REF-96567,2024-09-10,79.05
84cca225-8a8a-4eb8-9d38-65fabd8a624e,f3f51145-e44e-42f9-9a38-5bcbc2f138db,REF-06118,2024-07-06,455.46
7a72db61-f6c1-4ca0-b6bb-2ffb44dd38d0,80984d74-4a4b-4f48-a9e2-c14309127fa8,REF-39789,2024-05-06,421.88
87eef017-2085-4c5c-a337-2cf43014189e,80984d74-4a4b-4f48-a9e2-c14309127fa8,REF-87737,2024-09-22,56.16
1b4052df-326f-45af-8d79-01040fff92e4,6f85546a-27ef-4ec7-9ef0-85e363b89e6c,REF-53986,2023-06-12,161.28
08f8a82c-d17c-4ffd-bcb4-20573d80a712,b33fb5ff-568c-478f-9b72-a3a22aef5cb1,REF-39817,2024-12-29,443.74
039c279e-c46f-4d2e-81dc-cd452b785b10,51091da1-f548-4b0d-8b79-3ce3f0653968,REF-83285,2024-12-13,189.17
283c6821-501d-4383-ad14-310a21db0b5a,708334f1-b8aa-4180-8e65-7b0c2a667198,REF-05269,2023-06-06,452.05
983f9aa2-2b75-4b34-9656-c13d2cd393f4,c78c56d1-2cbb-454d-8621-a9b3ca2eb326,REF-14789,2024-01-26,424.76
ed74514a-9820-4cdf-9f5d-bcf60e232985,7a0c845b-dae4-4d19-9c9d-9bc00b7cf1de,REF-43680,2024-07-28,186.82
315b7fc2-d2f2-4f8c-bf61-2a7f12528019,fecbf3df-2126-4d03-a40d-b1addd1b4fc6,REF-93823,2023-07-25,244.69
283c6821-501d-4383-ad14-310a21db0b5a,468eb4b5-d215-4371-adf4-6057b32bc1e5,REF-14355,2023-06-08,116.63
380c1108-288b-4c18-9e6f-6268463ebdef,32682a88-326c-4028-a90e-dd7561d11725,REF-59804,2024-03-08,296.72
2c3f1929-1a15-41eb-ae6a-abb0abcb5e80,76f8e811-c108-471a-8fdc-0372f89cf1d7,REF-46488,2023-12-12,382.7
d45252ef-f243-434c-bf42-36aba004e935,5ec76d66-9091-45ec-908a-fd4301915f0c,REF-11406,2024-08-17,70.9
c29e4fd3-f36c-4fea-af47-6ba333d6c0cf,c8d1c6ef-1da3-42a4-a950-601cde620138,REF-92418,2024-03-22,75.34
6dfd27ca-8c5d-40f1-96f3-284fb6eb90fe,3b90cc85-97fd-4ba7-bdf1-0008259bb96b,REF-89768,2024-06-22,257.43
bb131c55-9efa-4497-a782-67063072cba7,1053fb7a-030d-46a6-a805-fcf43c102691,REF-32719,2024-12-19,53.12
7ef98455-d3b9-4009-99cf-fe66a887dc48,d38804c3-13eb-4d1e-be6b-808085dffaab,REF-24220,2024-04-22,227.72
c3655c1a-e28f-4be5-aadb-9514750cb860,8ee3cb0a-f462-44c5-a42f-4e79d0546f72,REF-36271,2025-01-18,399.98
d678054a-d19b-4b99-9a3c-eceb5b84f327,e2df00ac-8db2-4f59-9fd0-3e66b1970ce6,REF-16992,2024-09-17,459.68
eca09f31-3e5d-494d-adca-267cf4406b20,677ee36e-7663-4d86-96a6-30ec551b4cff,REF-82542,2023-09-09,136.81
b6f66cef-5d58-44b9-8016-a2dd8f29ec63,fb5aff7a-c018-44e9-be00-5affaf84c3b0,REF-01755,2025-02-04,446.4
4d2531ef-c9c9-4c41-bde6-50857463444f,b033fc45-b636-4b73-a233-527aa7c2fd60,REF-93505,2024-03-27,293.35
a07da5ec-6f19-473e-93e1-a01484c0d941,de9a0f4e-e54d-49ca-a10c-91006609b401,REF-07618,2023-08-09,233.86
4f5284e9-491d-4059-a212-41827428c977,1bbde29d-1dad-4e08-b596-7698ee35e284,REF-94585,2024-05-05,236.6
1f6e52a5-7ee5-4551-9af3-35d6f851165d,8b5f63ee-4948-460b-8f96-7fbab82878cd,REF-53820,2024-03-20,137.23
dfcb8002-61ed-4faa-9007-d5c8fcf53345,4fc92889-75ab-4257-b02b-a2d570a78aec,REF-95544,2023-10-20,352.3
253a41a7-1399-4d2d-968e-4296734f5873,39f5348e-1ef8-4dd1-b0f9-2b5f97b0237e,REF-97684,2024-01-14,79.91
b46eabdc-2ae0-4bcc-80a2-e838820ed6af,e456c3c6-53df-4333-92d1-d59d6c65d5e1,REF-93106,2023-12-12,255.96
55322976-c5b2-46b3-b7f3-8bea83bb5ea4,454d1275-cc6d-4c52-8809-32064a45da27,REF-78489,2023-05-29,234.97
a6781a57-2501-44e3-a902-a1df0eb08f34,fca5a0d1-a9f0-48be-bdb5-fc838ee6e2a7,REF-28981,2025-02-01,306.74
0ec897e4-9c4c-4810-b471-0733cdd89d8c,33d45a5a-e1e4-4270-941e-65d1b8896851,REF-74313,2023-07-19,352.99
2bf6e911-c745-4c58-b95b-435d78cd548c,c65a2849-78da-431c-91ca-0b205379a2ac,REF-47849,2023-03-21,223.13
8680027b-ed21-4403-8798-935c8aff312a,529324cf-ded0-4d3a-ad29-958c355d4e9a,REF-80655,2024-12-18,434.57
400adabf-f39f-4a63-83b3-725ca465505c,6f24466f-06f2-43da-b1f8-3a36b51f325d,REF-68636,2023-04-01,334.63
5add6889-c260-49ee-ada8-9b76f372ed85,473a6d39-cd82-47a3-a934-0b0868b67a73,REF-94972,2023-07-20,292.94
464c5e36-99e6-46cc-8877-a4b5d89f9a88,40bb7ef0-fbf5-4662-8b12-b685229c6c2b,REF-51305,2024-12-29,352.23
410822e8-385a-4c47-9f35-eb745e387a16,22d307f5-acc7-4d85-a9aa-d41d1220ba7e,REF-83865,2025-01-04,360.57
225f7434-5cf0-4421-a7ec-1a596a46989c,4931ef3a-fa78-4279-829e-8fbd20a3f1d5,REF-08604,2024-06-05,424.59
40ff83eb-ee59-4c73-ae09-130dc3b0f511,325894bb-e64b-493e-83c4-6743fbeffc3c,REF-23058,2023-10-12,388.51
90b99eba-2baf-4624-a9db-66f2d0760f9f,a866aa37-9d68-4647-83c8-cec3efafda66,REF-44677,2023-10-14,212.73
e70079e2-ab81-4dcf-a39d-cb763d2fe501,72d851bc-2337-4e6d-ab96-c132ab9ba673,REF-10686,2023-10-18,412.09
90b99eba-2baf-4624-a9db-66f2d0760f9f,fbe6489c-5de7-4895-9b93-3c9091ebccc4,REF-05322,2024-04-05,469.41
01109e9a-9f33-45d9-a6f1-df40c1a276ed,8b13bb65-c61b-4d30-a7ca-0bafa335d4f9,REF-30106,2023-08-20,243.48
b7457a70-7f31-4f9e-ad56-f40264e11388,d0f484c9-693b-4e65-a45c-5a58df2d95dd,REF-77000,2024-06-20,429.17
ec3d7362-6b08-4bca-b91e-bf57e8eb43ff,023f5a35-22f8-439c-8bcc-fb6ce5063a77,REF-14923,2024-12-09,294.56
f621ac82-e955-4cec-bb66-818164e69fc4,51f1c572-93fe-425a-aebe-3725d0df6a45,REF-94421,2025-01-08,441.01
64e238b5-fd3d-4bf0-bb57-ce9799ba235f,4d692946-6856-42e7-845a-1d340ff3ec01,REF-43354,2025-01-31,490.87
67f4f876-b697-4a3b-b15e-ef242008c819,0bf1d1a1-bd1e-418e-924c-3ea85d0b5af8,REF-71470,2024-05-22,419.52
9e7242c2-8ba9-41e5-9865-b010b3ce40ce,f0c460e2-0dfa-41ad-ba71-3d4f7a2ec35f,REF-84381,2024-10-12,282.47
044b1944-4d44-4953-b2a4-ad616861f0d9,50464c18-74da-414c-80ae-e013f585c709,REF-74419,2023-09-10,215.6
3854a463-8cd6-47e6-8fdd-a790576a4bc1,092dbe8f-e31b-4663-955f-bd8b5c65dd22,REF-44363,2023-04-30,151.58
3869f722-d652-4ce1-b2f1-2383890c430e,babdab39-3c57-4ef6-8148-9de156b1025c,REF-52352,2023-03-15,464.06
69f3cdd0-41c2-42b8-9afb-fea7383292cc,957bb6e1-2ff9-494b-a132-941a23fec88e,REF-55463,2024-11-15,257.59
ebd35aea-669d-4d02-bae8-ae22d3b62e99,be8f2953-2a53-4721-abf7-99152772c433,REF-60469,2024-05-17,175.27
74557aef-57a3-47bb-b8aa-2d15475e1daf,62312036-ff25-4f31-80cc-f1ebdbfd3516,REF-12711,2023-09-19,184.46
2d31a696-21d0-4bcd-985b-cacb6ac13d7b,6741bd5b-d9c8-45e6-b22b-79775287c375,REF-68052,2024-06-12,95.55
51e77e35-cc0c-413a-abcb-d58e2f104029,52862769-d851-404d-ba55-80ba6702c1e6,REF-87645,2023-09-09,330.54
56405fe3-50ab-41d8-9a92-e008143d8da7,2aa5947b-6925-4f04-8140-a03fb4e30568,REF-17912,2025-01-23,292.08
e952c205-5f1a-4366-aee1-a141f8183ded,60cee06d-20bb-4141-965f-45f8b9be89f4,REF-10006,2023-11-08,298.45
16bfa5a3-fb3f-490f-8786-1e1c8c2a8308,236574e9-c568-44fb-b7f5-97983a55877c,REF-98118,2023-11-11,128.5
5d244f98-0aff-42ae-a127-b7fa61a89b1d,819bf190-c29d-47e0-8de5-0c4cfbe16094,REF-68990,2023-12-27,467.97
1471f90f-c962-4c8e-be57-22238b230ba6,4d5dda75-869b-4868-a00d-c043ca5dae6b,REF-39751,2023-10-01,189.8
efe936d0-c369-493c-84a5-d5103e2f36c7,7ef98455-d3b9-4009-99cf-fe66a887dc48,REF-74790,2023-06-03,129.6
253a41a7-1399-4d2d-968e-4296734f5873,72d851bc-2337-4e6d-ab96-c132ab9ba673,REF-89549,2024-07-19,246.86
c4504dbe-260f-4116-a68f-2aea2b4db8a8,dd134e29-0265-42c5-9ac3-2167adb948af,REF-59996,2023-04-03,407.94
3ebb2365-ac01-491a-8991-53825c421ef3,259aa9b7-e24f-4a9b-a5bf-89a1e8e80382,REF-23201,2024-01-05,467.14
8f7e0f59-60aa-4a28-af5f-748dcff44173,a4c2cc75-cf99-4f87-b4ce-50a071539618,REF-60697,2024-05-29,234.75
610bf33b-0492-4267-b17c-9a9b80f251cb,be30deb2-72fb-4d58-9765-498a7436d157,REF-50191,2023-08-31,462.06
b711c627-3d8c-4749-b444-4712a0e8f7e2,30799204-babc-48fc-905b-0995c688c2d6,REF-24755,2024-11-07,275.7
c48b95a3-d72f-410a-98df-dba5fc3923e3,006247f5-4415-43a4-b93a-e3e952ef1248,REF-44496,2023-05-10,158.85
56472309-08fa-4e36-ad82-f23fe9316ea5,5636426b-ce3c-48ed-be5d-f5012239f1f9,REF-61002,2023-08-27,183.52
2d711253-0480-4033-8c38-661452e54a65,d1d1ff82-a33a-445a-82a8-b334cf189238,REF-64584,2023-11-13,275.0
ad88a318-3234-4cbe-8f55-eb4c49a9c077,b939e90e-189d-4c66-8213-9f3b0684a61a,REF-55814,2024-07-26,162.05
bb55bb57-0cc9-4fb8-9bba-af5662a11d15,79ad0cef-03f9-45f9-86d9-0276654d2de0,REF-62681,2023-05-09,425.8
739fdf0d-c87a-44be-b653-ad0b78c9d6ef,236574e9-c568-44fb-b7f5-97983a55877c,REF-58112,2023-11-05,473.74
4deb7908-baef-4f22-9da5-6cd65e70ac5d,7d547a42-dba6-4e48-8dfc-80872dc59b4f,REF-22249,2024-03-21,461.92
a471adf1-10b2-4410-bd49-06faa92384c7,d48c92a1-9762-41fd-b75e-e8bce090c02e,REF-89743,2024-10-25,481.24
02ac9c55-07bb-4ec9-8fc5-8d30231df197,e5873f71-f0a5-4ead-97f7-4eb93fadd541,REF-34840,2024-03-13,238.37
47cbd7ee-8b9d-456b-927a-297d1745cead,016a168d-c284-4a68-8595-996df1b6f977,REF-49949,2024-07-05,410.98
484ca83e-3f7a-42b0-91a0-79c6eee0c976,c6b02443-010b-443e-896f-caf0ebcea991,REF-31667,2023-12-14,75.76
00e0cf20-3854-4a32-bf93-56296e010dfe,90b99eba-2baf-4624-a9db-66f2d0760f9f,REF-57503,2023-05-02,304.82
7cf15640-4608-4a48-ab40-8f1b5036b89f,54fbe266-4488-43a2-bf08-7c8e8d19378f,REF-92017,2024-11-22,329.18
88e81db0-4130-4ad1-ba0e-56f5f6234696,71c036d2-816d-440a-ae49-9b5b7c734db0,REF-80302,2023-05-30,374.51
c5ccbb25-4b01-44ea-b059-c924a40e45c6,af068ab0-9507-4032-932c-6fd18f5e7adb,REF-72761,2023-10-30,467.44
3df69ef8-fd00-49d5-b192-2ff083064462,be047226-300b-4169-a538-17f66c0c8c52,REF-93974,2024-09-07,406.45
c531d1d0-07ca-499a-b37d-a60aff3e1fd1,c22dd38b-bfe9-4baa-871d-869006ddbcfe,REF-96837,2024-11-12,430.33
9e156b50-d447-42f0-ab65-e02a7d95f4f9,bdb07fa0-bd38-4a59-a1ed-8b6d34a89fdd,REF-46024,2024-03-27,450.92
2d711253-0480-4033-8c38-661452e54a65,454e1f85-8574-42e1-adcc-ab4cb8a42d23,REF-91776,2024-11-14,238.72
260112e1-4546-454e-a485-8963be446aba,998d3705-aae8-43af-b302-dd19a99d5e5d,REF-66092,2023-11-05,318.51
9848959b-c626-4a6e-b7e7-08305180484a,08a2fd7f-a216-4cd8-ba77-31cc42fb3bd0,REF-05627,2023-12-26,91.7
02728444-904b-40c7-acb0-18dec523409b,a4c2cc75-cf99-4f87-b4ce-50a071539618,REF-64207,2023-11-04,371.64
aee70965-db31-4356-91a3-5d84da4f7ecf,94b9573a-389a-4c32-b8d2-33adba00f727,REF-69842,2024-09-11,378.09
183567ea-0cde-4cd5-8e80-ee34044ea77b,09bef02b-f6d1-48f2-a763-39d66bcb6152,REF-38165,2023-08-04,267.1
a650f8a3-161c-492a-8bef-d534115953d4,de9a0f4e-e54d-49ca-a10c-91006609b401,REF-24917,2023-03-31,81.03
f0cb8de8-63c0-42e8-ae32-307738d0edc7,52106878-31b9-4cff-abb6-a4f0268711dd,REF-23344,2025-02-13,317.79
3d0fbc42-7a84-4265-8e8b-2fc745bb76d6,8e5a6f5a-acfb-4ff7-8a29-897584c8c7ff,REF-02791,2024-03-24,61.63
d6c170d4-6617-46ba-a724-238fd1bc3a13,33022d93-4cdc-4a6d-b862-c983eb9d15a1,REF-83270,2023-10-03,461.9
2d996a07-3c05-4c66-a9fa-9e2920229915,b80a34c4-4527-4eeb-ba51-8ce596bc8270,REF-38551,2023-03-02,366.34
4c404636-0ac1-43ee-9c9c-1fb8f971ef6e,6cfbfa36-54f6-4da2-a490-f44208dd1c64,REF-30770,2023-03-13,60.79
9d6e7334-f962-45c9-8faa-f956704796fa,7f93c2c7-6a21-4ff3-92ce-de76e5d6b3d0,REF-05960,2023-12-28,165.57
9cc2bea3-d8be-4ae4-aa6f-cd9d0b18a1fe,de4e6bbe-b6b4-4c92-9c20-fb66dc62c79c,REF-67568,2024-09-24,204.97
6d1a878f-7fb9-4570-b78e-138738533a35,41cfd967-548e-4ced-bcb2-3e093d8967d9,REF-65261,2024-04-18,425.01
d101c9a8-2e92-4b0b-8412-caecd6bee8e5,1fbaffb1-f59e-4029-87a2-db7ae805c0c5,REF-09115,2024-01-03,157.21
0b09b546-e8ce-4689-b21e-e787fa6b529f,8b65879a-b992-4262-8ade-90e154ce3afd,REF-70829,2024-06-09,218.47
c1534b38-a077-4a26-9d73-9a8b77b69ba5,68058082-0baf-4fbf-8125-cb53919a8b6e,REF-90671,2024-03-21,120.37
aad6a497-de16-47b3-9126-125d2c968293,b9e75fac-b567-4d79-96d1-05114f9be618,REF-49351,2023-08-18,119.64
afddb159-c2bf-49a1-a2bc-c9f18c8aec6d,82ebade5-835f-4548-b2f9-7805df58e050,REF-75023,2024-05-24,441.66
6741bd5b-d9c8-45e6-b22b-79775287c375,79b77923-dcf5-411a-a2d8-f15fdc340e37,REF-37286,2023-06-17,101.13
09bef02b-f6d1-48f2-a763-39d66bcb6152,0edf9846-b0a9-46b9-9947-64292b5e40fe,REF-27910,2024-01-22,305.71
62a694d0-1ee7-4acd-b733-d5dbf4a61a71,be8f2953-2a53-4721-abf7-99152772c433,REF-25154,2024-09-02,302.61
687926da-37f4-4274-bc5c-f13193efe519,8b5f63ee-4948-460b-8f96-7fbab82878cd,REF-99566,2024-03-24,59.85
c8eb1ab1-53b7-4417-9fa6-0e3af83902af,6d577833-0e52-4373-aaf8-a97ca6a6b984,REF-16607,2023-03-17,63.16
04e1458c-34f3-4ef0-997e-80c9366cc2af,2e76f9cd-0c71-4a9d-af08-985d4afb2684,REF-41470,2024-04-23,338.93
46f16654-f4e2-4239-8658-ac661379a2af,1c898d27-e53e-4e05-9695-146843b11290,REF-28168,2023-06-24,366.08
22c0fb8a-6491-4c5c-b395-b56845f1d45a,79125fd4-1f0a-4f51-b4ac-675e6a65627e,REF-70803,2023-04-30,474.2
d141ece1-f8c9-420c-b636-24b3caa556fe,8f7e0f59-60aa-4a28-af5f-748dcff44173,REF-44687,2024-01-31,52.16
73d76392-27cc-4cf9-84a0-df344ca80a7a,1b06c438-1066-4a21-af0d-e41e5d4ccdfd,REF-31280,2024-01-16,118.7
9bc789e1-5e3b-42c8-963c-4d8cbcba15da,2bf0a956-b0fc-4ef5-a916-ec13071534f2,REF-06035,2024-11-05,283.74
c2edd638-c820-49e8-bcdc-c200861bd4db,d38804c3-13eb-4d1e-be6b-808085dffaab,REF-67154,2024-01-23,423.9
4260c229-6348-4b65-ac01-84e081f48277,0275cc47-572f-4e76-b7c3-3c72944a80b8,REF-81724,2024-04-27,341.62
a3b1ba4b-1851-4ebc-b6f5-f0abeafc7e34,b1495de1-3abf-4937-bf54-966d1d268481,REF-31083,2024-03-30,266.73
055c0504-4308-468f-8532-ac7ff6748686,eab4535c-43d0-42eb-a70a-c1fa06fdb6ab,REF-85322,2023-07-23,271.19
f6c73993-229e-4615-aca8-a6480dfec376,9bd8343d-9c81-42f7-966d-b6e621cc4764,REF-39417,2024-03-12,171.94
b9fc7d83-1965-4634-abdf-67f102e65219,4cfbe3ce-0711-4221-82c4-497fc6cb74c5,REF-49558,2024-07-25,439.41
c29e4fd3-f36c-4fea-af47-6ba333d6c0cf,feed491e-677d-45fc-b458-79fe0d3da5ff,REF-63732,2023-09-29,423.84
bef5722d-a2bd-4653-bdf6-8e33903d4216,663b9b42-4ed5-44a5-bd0f-aa49542f07c9,REF-37200,2023-11-16,485.42
8ccda549-a1a4-4cef-b2c3-ae4369436ad7,9770cb2e-21ea-4fbc-84fd-5b589330ed8b,REF-70203,2024-09-21,177.31
65434446-2b65-4f49-abe0-a545c792ed52,7b1344c2-8240-47d8-adc8-c8fc302b9648,REF-69799,2024-05-28,489.65
c1854653-ec74-4e7c-95fd-37c193b41e65,a69e7d5f-e68a-4562-8244-262f4f3b79ef,REF-89958,2024-03-27,487.65
254380cc-7acb-40b9-8f6d-bcfea19fd103,a866aa37-9d68-4647-83c8-cec3efafda66,REF-46060,2023-03-02,449.38
b538e4e0-cbec-4d99-b77f-f6be0895f52b,fe9b4dc8-e2c0-4436-905d-7748d431fe55,REF-54408,2023-08-05,264.31
93cc603b-b0b8-4f2c-8c9c-f283619856a7,1471f90f-c962-4c8e-be57-22238b230ba6,REF-32905,2023-05-11,178.6
ec8c8d6c-b2f4-43e4-88ec-91053924e0b1,039c279e-c46f-4d2e-81dc-cd452b785b10,REF-78823,2024-04-18,288.34
a99f68f1-0652-434a-81f9-78c32bfc60e8,48a0959c-35f7-4372-875f-53271503fa0e,REF-62140,2024-03-26,247.54
2f2dd61d-fefc-4411-9997-ddebc6b7f25d,8e6db76f-7fe2-4fdc-91ba-21fab9221a74,REF-37373,2023-11-10,419.71
e7529843-b5a2-45a2-9bb2-b744aca06a28,ae971fd7-f360-49af-939a-8adee10c5b0a,REF-30599,2024-11-26,399.08
4417a98d-3d81-489f-99e9-a8f7c19c4512,1d01a07e-ef8d-4c51-a19c-1980b60de208,REF-24014,2024-01-08,174.67
11e9cce0-2950-4133-a38b-b0aec9a21b89,a98b050e-acf4-4f60-9494-cdaed3089e60,REF-08086,2024-06-29,158.93
95ad1d4b-2baa-4ae5-8fba-27a3095a10c0,786998e1-e1fb-4320-9d77-7bd6175b62d4,REF-38041,2025-02-16,356.64
09e4b366-836f-41f9-ac60-2467678971a3,be047226-300b-4169-a538-17f66c0c8c52,REF-51236,2024-11-17,327.62
6f1c6107-feb8-4a6c-9892-642e523d3bca,dfcb8002-61ed-4faa-9007-d5c8fcf53345,REF-16289,2023-06-28,213.44
cab86bc8-f503-4687-82b0-64d4c9c217dc,abc4ef39-d560-4d8c-8a75-e40cb6e2cb28,REF-22219,2023-05-21,114.98
eaf2da3d-6526-48b5-9224-4a4522cedf13,ec9237b6-1fb7-469c-bec7-9e5378398dd9,REF-98243,2024-10-13,270.74
72a0beed-18f2-4dc3-a36d-b79dcebd4012,7629a40d-cd1f-4bc2-8a25-b3b85ac3cb24,REF-16269,2024-12-26,196.81
491b5a5d-21f8-4306-a4c2-3045c3d92dee,bcabd1f4-1d9f-4331-b63f-efb941765885,REF-22373,2024-02-02,260.11
4d2531ef-c9c9-4c41-bde6-50857463444f,03d29aa5-1e29-4ac9-bfba-85723da523bf,REF-84719,2023-07-06,158.24
55af2adf-f836-43a3-966b-3ad192090cbe,8ee3cb0a-f462-44c5-a42f-4e79d0546f72,REF-64704,2023-04-10,173.18
2b160ed1-068f-438d-9cf8-38c6540a168f,00e0cf20-3854-4a32-bf93-56296e010dfe,REF-54264,2023-10-15,265.3
9744dcd5-5f59-4697-8939-db1a48f6d78f,b538e4e0-cbec-4d99-b77f-f6be0895f52b,REF-31500,2024-01-27,185.26
19442a74-9e58-4c4b-a469-dea4ff040453,9abbe978-397c-49e6-a6c0-7437c5e4571d,REF-90682,2024-03-06,399.9
708506c8-c870-422a-b43d-18804f0e6908,de92c81f-e4b2-485f-abfa-ac16d8881944,REF-51102,2024-01-08,346.52
cb6f4f25-35f4-492f-9ce3-dce9ae07a90d,17b15514-ccf6-4d95-a72a-3f3438b1aae5,REF-49222,2024-09-15,486.02
19814aff-72c2-4ee6-8381-7771b84e1ea1,87b13e52-4c64-431a-a092-09778e93ad7d,REF-71252,2025-01-10,80.29
98633685-a054-4fd9-82b4-7a973fe12ec5,1f2a17a6-bc4a-4727-9104-54a07a9032f7,REF-25744,2024-04-17,433.65
17b15514-ccf6-4d95-a72a-3f3438b1aae5,8f74c7ab-340f-43bf-9425-0f097748ff8e,REF-51077,2024-08-27,130.57
e57be9f2-e3e1-4213-a796-cdab96f80277,4f92cf25-8c64-4c1a-b473-8e7ca854cc3e,REF-97322,2024-01-12,305.84
75980ba7-d3e8-435d-8396-755416333f03,1a22ed12-9494-4c25-90be-2b7e575bbfb7,REF-08952,2023-05-13,74.65
4064259f-b9f4-414a-8604-191c5feb7d60,8c23afe1-3829-4116-935a-f7d940e43b54,REF-88847,2024-04-12,292.71
c5620a35-d1d9-4954-a786-ffa032efd94a,b6f66cef-5d58-44b9-8016-a2dd8f29ec63,REF-46656,2023-11-05,351.44
ebd35aea-669d-4d02-bae8-ae22d3b62e99,6cfc7293-7388-4670-8524-1e222b64cf08,REF-84098,2023-12-15,371.55
829c3df9-96d1-4b97-8d0c-1198558977b1,42fa07d4-ad8f-4c48-bcbd-fa4b96580ac4,REF-05923,2024-06-20,463.71
4ccc2181-40c4-4e68-bc0f-a3dbcf69fe2f,036dbe93-b873-4108-9db2-b5478a811e6d,REF-54782,2024-04-14,198.73
ec030c3f-f355-4865-87d5-31ba8a5da955,e67bff43-2893-4d1f-aeb4-ce469f703134,REF-15259,2024-11-24,349.11
e0368d76-a49c-4aae-aeea-688107088a83,e37f727b-b094-41a8-a7fe-fba0bff19a9f,REF-16422,2023-08-14,261.8
dc76108f-8e38-471f-865d-1c5e7be29409,d48c92a1-9762-41fd-b75e-e8bce090c02e,REF-04849,2023-05-04,231.55
8fc90506-86f5-4d00-b2c9-a39acf6c03f0,7e2260de-2775-4e01-917d-be44b99830c3,REF-59469,2023-04-26,81.35
4cf95fb1-b5b2-46a3-8b9c-6f5543afbc60,8edac027-064a-47b9-9ced-0087ed3fc109,REF-00084,2023-12-08,397.23
329de1c4-c6a2-447d-861d-9114cebf967a,aca95239-f5f6-40b5-bfaa-9b8e03051611,REF-21457,2025-02-11,289.07
94b9573a-389a-4c32-b8d2-33adba00f727,e947a5fd-1c54-447f-b696-8f4ef12db0a7,REF-67061,2023-09-18,193.1
41999676-2f39-47fc-8b0c-3e1da87511b4,8d7bd718-5293-40d7-b767-94711d194b00,REF-48722,2024-03-24,154.72
21a3f399-e668-4e72-8948-5c8682294477,7b3086f6-b352-4d1d-b81b-8c194a575b5d,REF-85518,2024-11-27,181.88
2efb1574-e5c3-4059-85ea-5a94adb20f44,ddebab96-a179-44b1-881f-0df26d94310c,REF-29647,2024-07-20,436.39
8da3cf4d-bbe7-4e89-b349-a80e8b4d5378,ec9237b6-1fb7-469c-bec7-9e5378398dd9,REF-58649,2024-05-22,106.41
b1f9b861-1192-4814-8559-675030fb762f,2b8bb364-061e-415b-8cad-0560ce3136bf,REF-66097,2024-01-12,338.74
ef5e477d-f16b-4a58-985e-4ee7aafbb8d7,190e860d-f8d8-4c90-9855-47933d89b600,REF-79004,2024-10-26,71.1
692fba3b-23a5-4a7a-8449-b602c50adea8,334d1c45-084a-40fa-bbdd-3794fcd6f2c0,REF-18035,2023-12-10,379.35
4400f85f-4e93-4f00-8eb8-53ebff43f53a,0aabbbd9-7516-44fc-b318-e40bf87f4469,REF-00355,2024-10-07,242.24
f8580ecc-3a0d-458a-8072-b7365b034281,68a56eef-d85f-4803-9a26-ed762d7a6094,REF-81831,2023-09-16,464.33
58a8d5d9-8ff9-4f2a-95f3-52c1ff115e39,88e4275b-3320-4661-89f1-3b951179aa4c,REF-12068,2024-03-11,427.15
0c171fad-6be7-4527-b471-f8f510776e64,6aef2d1d-316e-4b32-a5b5-4e3dd64ced99,REF-43056,2023-07-19,402.5
f401da1f-803c-4286-8ded-3f0851b5de88,ab10c31d-61c5-4e57-8f02-61b81f126558,REF-05831,2025-01-08,56.33
ba8ea6e2-a499-4d79-8457-8ba82340c28c,5f901a0d-da79-4e66-92dd-3fa4cf781bf4,REF-54352,2024-09-22,207.47
95f9c7d6-9786-4bdc-8575-fe31fd1c1926,6348fe14-89fc-4b0d-8ebc-88174a2d26a7,REF-71205,2025-01-17,236.65
69688a1b-df4a-44fb-b08b-e2f81925069a,cd957ee7-0224-4e7a-be17-252628c786f6,REF-04191,2024-02-21,498.09
820cb7fd-f2cc-4292-a5a8-350d843a7cc3,f1ad3bb4-d264-4918-9bf1-b40159498a74,REF-86689,2025-01-12,200.65
654fa980-06c6-48da-921d-749393c5928d,a148593a-6791-4c54-8aa6-bf8f2a34e49b,REF-41413,2024-12-31,124.23
a7e5a0c1-ac87-43f1-a6cd-1aae3b37e41f,50b4270a-b8a0-45f3-b29d-9ebceb8f3e56,REF-25914,2025-02-20,85.03
cf66f119-8e3d-4529-9abb-bbcb0138919b,9e9df8a7-d7e1-4d6b-b394-a51ca84615a0,REF-35648,2023-10-01,497.7
872a0b35-8ddc-4527-abd7-82e42e4f52bc,f108e09e-7a3a-4996-9f29-e5ecd64942f4,REF-50472,2023-05-13,218.33
a73ddf66-76a4-4fa1-a958-07b9606b4f2b,aab3ee82-8579-4e0e-bb22-93a5ea8f3ea5,REF-12277,2023-11-26,346.14
283c6821-501d-4383-ad14-310a21db0b5a,92e6fcaf-f835-4ef7-95c9-04f9df6fb4f0,REF-07946,2024-11-15,212.58
80210f5d-9c75-44ba-a652-408fe8e44f65,66b37d22-99d5-4f21-8de6-ab8a261863fa,REF-85535,2024-06-26,253.55
bc6a81f2-8998-40ec-8140-298e4213813c,3504c44f-aca0-45cc-ab49-ca0bd914884e,REF-22695,2023-06-23,469.89
21193730-ed93-40e7-af99-9c6bece6e22a,67ae8d2c-a09b-4dba-9734-c2c7fda4afb3,REF-13083,2023-10-06,101.64
3900ae86-dbf2-43c0-807f-9e7c7858781a,06f7bd92-9012-47eb-be9c-7c203939a92a,REF-81405,2023-10-07,112.81
19442a74-9e58-4c4b-a469-dea4ff040453,94962bc0-0853-457f-bea1-5ea66c2805a1,REF-93577,2024-07-14,130.96
d23768db-2882-4fcb-a47a-ae2b635a0341,c65ed40f-3217-47e9-b1a0-ca57ec71e6f6,REF-59033,2023-06-13,258.41
7fcb14be-9fb7-4787-a089-c8aa59b32363,75b9e3e2-8354-40e0-9be7-6316a92cf9cb,REF-63971,2024-10-24,146.44
62312036-ff25-4f31-80cc-f1ebdbfd3516,c22dd38b-bfe9-4baa-871d-869006ddbcfe,REF-20800,2024-11-06,72.59
3a707948-c192-4664-93cd-834fdcfab1b6,5be6f32d-0502-4394-9bb5-74fcdf41dca6,REF-92792,2024-11-08,386.02
8c4d604d-44f7-44e9-a0a5-75fb8f8d3344,792b930f-a3fe-455a-a88a-3595b160112e,REF-50408,2024-04-17,73.17
d1530880-efe0-4b50-8f33-75a74052012a,677ee36e-7663-4d86-96a6-30ec551b4cff,REF-15308,2024-09-12,488.96
c37dceaa-5fe0-4cfb-8c46-05b88824bbf9,844c875e-7b82-4c47-bb70-99a26ca81188,REF-62752,2023-05-07,488.19
9b3c0b97-910a-4e2e-8cf8-5ccf65631759,94962bc0-0853-457f-bea1-5ea66c2805a1,REF-21349,2024-09-10,434.15
803c7975-7027-454b-b61d-7b067c5dd66f,aaa42937-c3f3-4c4d-b3d3-437c6213cc23,REF-12166,2025-01-24,358.0
04868696-0da7-403e-bc2c-ef76d5ca5ce7,dfc7f1d8-bb8f-409c-ae62-8b478b9dccc3,REF-49107,2023-04-08,358.99
1b06c438-1066-4a21-af0d-e41e5d4ccdfd,c1adde77-c8d0-4acc-8bae-41288c7db0d2,REF-59222,2023-07-06,302.18
eb16794e-5db9-445a-8b5c-39edc6ee3106,c65ed40f-3217-47e9-b1a0-ca57ec71e6f6,REF-14643,2024-07-06,322.89
c6b02443-010b-443e-896f-caf0ebcea991,55470c44-bc52-4ad9-814c-f3279fea72d7,REF-77897,2025-02-04,497.41
cd546c5b-536e-40c4-8659-399845c7c6c0,e0c9444f-3d54-42a4-bea8-b19a092e5a5f,REF-33767,2023-05-04,297.41
7e2260de-2775-4e01-917d-be44b99830c3,46c44a18-bbc1-47ba-a6e5-7e08078e60b2,REF-10789,2023-06-12,158.47
cf8fa68c-12f2-4e86-b73e-07fe1694e082,8bad73d6-15ed-481e-82aa-c6bbb0e0b08f,REF-56481,2024-05-24,415.3
8edac027-064a-47b9-9ced-0087ed3fc109,3176c48f-08d7-429b-b382-50fe2df41444,REF-91419,2025-02-24,282.89
529324cf-ded0-4d3a-ad29-958c355d4e9a,3d939f50-8831-43dd-9099-d7897c32840e,REF-73485,2023-04-28,280.83
cedaa684-4955-4f79-8a2c-26edc5c4d684,e1089c93-9e19-4870-84dd-fd80fdee6ab0,REF-88350,2023-12-31,172.19
8d97d281-0e51-4442-954e-6fd2a2386def,0e08d429-2374-4b72-9435-6d68efd15b5b,REF-68887,2023-11-14,415.84
836d7f5d-4785-4ac7-a2bf-7ab5296a832c,3fe8ddc1-42dd-4a57-aa75-b72d751c7a04,REF-32085,2023-08-23,112.19
1f6e96f3-7b4a-4681-920f-36a4bcd75603,df87e167-8a16-4c93-a758-f07d28dc6ad4,REF-64451,2023-06-04,451.65
c8ca82f2-bbd1-4817-8924-05347955d73a,f73e4ad4-4f6d-442c-bc03-1d33c69e5e9c,REF-68238,2023-11-28,390.63
4f801536-fd64-4888-8325-a14c4376ebe6,86d655e9-8177-49f3-ad77-0d7cdc5b39a0,REF-40942,2024-10-04,263.38
f108e09e-7a3a-4996-9f29-e5ecd64942f4,85a20939-ba57-4fd4-85ea-aeb5cfe95d21,REF-40917,2023-11-26,135.3
dbb8067d-4ab7-4053-8965-a9659914656e,52106878-31b9-4cff-abb6-a4f0268711dd,REF-90598,2025-02-14,114.64
eef874e8-be18-41ea-8bef-3a3c9f120c82,0ec897e4-9c4c-4810-b471-0733cdd89d8c,REF-58514,2024-07-04,226.57
09115f38-9147-4608-ba09-d29781d70b86,db327d34-94d1-4083-8e9d-e1eca2be59fb,REF-79678,2024-11-22,174.48
1053fb7a-030d-46a6-a805-fcf43c102691,2be1942a-bf23-4f11-841a-9718aa91351b,REF-30914,2023-11-11,489.85
f0cb8de8-63c0-42e8-ae32-307738d0edc7,22c0fb8a-6491-4c5c-b395-b56845f1d45a,REF-77290,2023-06-06,320.85
b88fb3fb-4aa8-4866-8b41-669562b7f8e9,1e18b653-b1fa-489f-818a-d5304c3c4558,REF-05287,2023-10-02,468.5
56337624-dfd7-49a5-888a-41458cff616c,3869f722-d652-4ce1-b2f1-2383890c430e,REF-93476,2024-09-25,183.61
e1089c93-9e19-4870-84dd-fd80fdee6ab0,39afc996-b9c8-478a-810b-64c429deb411,REF-68101,2023-03-10,488.14
94962bc0-0853-457f-bea1-5ea66c2805a1,7af07864-d47b-49f6-811f-61659c33118a,REF-60442,2025-02-09,116.17
bfc95ecf-21d6-4500-8b44-1975ff767551,c89f4d4f-7acb-4100-bfbf-663a74c4fc9c,REF-19135,2023-12-04,180.96
55b8f1a5-a06c-4f0a-a284-9a4a4384ab10,72ed8d32-4826-47a6-9d28-caa0b1531734,REF-03000,2024-06-20,275.92
7ed6591c-5051-42fa-9e3c-b854a3c85ee7,3483a39a-9d51-4d50-b898-80e34391a5b5,REF-41477,2024-05-01,304.79
c8d586bb-8407-47cf-8ae5-e75180f0dd9a,ce629079-4369-4e6d-9fcd-629f6019d4bc,REF-40191,2023-08-11,129.85
0812addc-c945-4778-b979-a25b409c9c43,47d68892-a885-437c-ac5e-515eff821359,REF-37916,2023-06-15,391.62
5cd08d81-243e-434f-89c0-12520790bbc0,ec016111-8977-44b5-bad8-78e656fcd29f,REF-95665,2024-12-11,481.48
c5941433-93d7-490e-940a-19670c613aae,5be6f32d-0502-4394-9bb5-74fcdf41dca6,REF-67670,2024-01-21,114.04
a027b426-8901-4154-9fa3-348b5cd775c6,3baf1bef-1b16-41c9-8431-a8bca39cc8ae,REF-53671,2023-09-28,176.07
10ddba68-962a-4951-af2f-a3c8134ac75a,f1ad3bb4-d264-4918-9bf1-b40159498a74,REF-54813,2024-02-11,468.0
46bf2949-8996-4364-99d1-a12da63421e5,27672c4b-bbd4-4186-a9c6-90bc1ccfef55,REF-57360,2025-01-08,127.74
bfbb7318-c285-4fac-b64a-333e0a132ea1,0e43c2ff-2d0b-4e94-abce-f61649e2b285,REF-96790,2023-04-29,160.55
983f9aa2-2b75-4b34-9656-c13d2cd393f4,a97e620c-c179-4c10-b63e-c13d1cf4c22a,REF-82018,2024-04-04,69.93
0e08d429-2374-4b72-9435-6d68efd15b5b,f8d5b829-a681-4016-9869-24cb856e79b8,REF-83310,2023-11-22,358.45
3a707948-c192-4664-93cd-834fdcfab1b6,910918bf-6da3-4e7c-a36d-61deed9982f6,REF-23411,2023-08-24,67.13
37633873-3fdb-4e98-9f84-b59a3253d3ed,c3d320c5-39b7-45e1-aa40-9b098c5812b5,REF-84079,2025-01-21,83.29
d1d1ff82-a33a-445a-82a8-b334cf189238,22d307f5-acc7-4d85-a9aa-d41d1220ba7e,REF-70792,2024-09-16,494.47
56fc0920-0a71-4229-aa92-9fa14e5fe768,940df8ae-cd35-4fa2-b204-551a30bef480,REF-13948,2024-01-09,278.51
fae39da5-a244-43a2-940d-4140357d60c3,cd5dc5ce-7376-4bd9-b413-a5e11ccfcb37,REF-40084,2023-08-14,222.48
2bf0a956-b0fc-4ef5-a916-ec13071534f2,0c627808-4c39-4f7e-87fe-e866a5891363,REF-69428,2024-08-29,196.12
2ca9caaa-c2fd-4011-9417-b9f4c84751af,68a56eef-d85f-4803-9a26-ed762d7a6094,REF-39912,2024-05-21,371.79
58a85d91-9ded-40a3-b6ca-7bbe2d7e556f,72ed8d32-4826-47a6-9d28-caa0b1531734,REF-29646,2024-07-23,124.33
