customerId,branchCode,serviceLevel,since,feedbackScore
ed93431b-5b80-4e96-be83-cb7e9688f851,BR-36082,basic,2023-07-08,1.3
ddf69b80-e4dd-4600-b776-460684d70cde,BR-47149,basic,2022-08-20,4.8
c2613733-94be-489c-8fe6-835118ad3675,BR-61372,basic,2024-04-30,4.7
687926da-37f4-4274-bc5c-f13193efe519,BR-86309,basic,2022-03-20,4.4
cd5dc5ce-7376-4bd9-b413-a5e11ccfcb37,BR-43674,standard,2022-11-25,1.1
5e923810-43f9-4677-a44b-cfdae9b24a1c,BR-16746,basic,2024-04-29,2.2
b5b2697c-622e-4d60-877f-84e0233d91a4,BR-23826,standard,2024-08-29,1.0
69688a1b-df4a-44fb-b08b-e2f81925069a,BR-02752,basic,2024-12-15,1.5
6c7333aa-a6a6-4bc3-8be0-a44e15acfca3,BR-77236,premium,2023-08-12,2.1
de9a0f4e-e54d-49ca-a10c-91006609b401,BR-53407,basic,2022-12-21,2.3
862c48db-3a67-44a9-8f2a-63599538e3b7,BR-47149,standard,2022-05-28,1.6
6f97d109-94f0-4af1-81cc-807707e2153b,BR-09518,standard,2024-03-05,4.7
0e962b9a-b769-4b1a-bb8e-4c333f0e2ccb,BR-91544,basic,2023-05-01,1.7
89510c4b-36ff-41de-be52-76dbcf71a4b9,BR-87891,premium,2023-01-05,4.8
9bb87f8c-0be3-447a-95a8-3b14b3e8a62a,BR-47302,standard,2023-09-14,2.6
83c216cb-c80f-41b4-a700-9f0b47025c1e,BR-06363,premium,2024-04-24,3.8
c8e3c0bd-8951-4b50-9097-951f006fc146,BR-47302,basic,2023-08-04,3.4
35160c56-b410-4efb-9df8-82b51b8eeb76,BR-12728,basic,2023-03-18,1.1
d48c92a1-9762-41fd-b75e-e8bce090c02e,BR-63831,standard,2024-06-10,4.0
f9b1ca2f-4062-4ab2-a442-69f79fff50b9,BR-69748,standard,2025-01-20,2.3
a3510e8a-c59f-4b1f-9b57-685d11600bc9,BR-00594,premium,2022-04-11,1.4
dd0fc1e3-e58f-4c1b-89af-74ab265ffdcb,BR-65148,premium,2023-07-20,1.3
ebc08f36-ec66-4632-be9f-bd67a5d3c86a,BR-77236,basic,2023-05-12,3.6
40cc9163-89d7-4b15-9dd0-6b5359ea0a26,BR-31589,basic,2023-06-07,1.4
1de9aa37-c624-45fd-84dc-48b9fc840647,BR-93804,premium,2024-02-21,4.8
24e793ae-5d59-4316-8e84-a5d62d15331e,BR-32978,premium,2024-03-29,1.2
3869f722-d652-4ce1-b2f1-2383890c430e,BR-76567,basic,2024-08-07,3.8
fdad3588-8d2a-4208-9b03-c0c0ddcab4ab,BR-23028,basic,2023-12-31,1.6
3483a39a-9d51-4d50-b898-80e34391a5b5,BR-50883,premium,2024-03-30,3.8
7b3abc72-60e7-44fb-9f82-1ca101a757cb,BR-40385,standard,2023-05-07,4.5
1272c094-3b1e-482c-a689-630267ad18dc,BR-59470,standard,2024-04-10,2.6
2b7b52a3-8d76-4ba6-81cc-04927c5def18,BR-02252,standard,2022-12-29,1.2
51f1c572-93fe-425a-aebe-3725d0df6a45,BR-77236,standard,2023-04-01,4.5
38b72469-d35b-45b1-b8ef-121fa787cd5b,BR-19471,basic,2023-04-12,1.6
7b3abc72-60e7-44fb-9f82-1ca101a757cb,BR-77943,basic,2022-12-31,2.6
bd75b83e-18b7-472e-9125-51a0a7a44955,BR-51162,basic,2024-10-21,4.7
5c98b518-6de0-4778-bf72-cb42053a2ea7,BR-06330,basic,2023-02-07,4.8
d78a2723-5304-4455-a194-1a5c43c94645,BR-87340,standard,2022-06-05,1.9
9a9fbbd1-df45-4990-82dd-a733ffdbb70a,BR-12610,basic,2025-01-14,3.6
55322976-c5b2-46b3-b7f3-8bea83bb5ea4,BR-88974,basic,2022-03-22,4.3
debecd0c-ac97-4372-b93a-e0e21726e616,BR-02252,premium,2024-06-13,3.9
7b5453b9-0dbb-4b2b-86b8-c5958f8e1f10,BR-90780,premium,2022-06-27,2.5
6e867878-4490-4899-b0b6-94d9f3bb16c6,BR-46395,premium,2023-11-17,1.5
2e6001b3-c86c-4878-a4e1-443c447e7040,BR-36784,standard,2023-01-16,3.7
39afc996-b9c8-478a-810b-64c429deb411,BR-21828,basic,2022-03-23,2.0
5ffec32e-f2a1-416f-8708-aa22f339f1f3,BR-33335,premium,2024-04-02,2.9
53bede3e-f9ba-431d-ac27-6fc1c4f3dcd8,BR-69633,basic,2024-03-23,2.3
c0a3ab68-79e9-4f97-98d5-498a4e36547d,BR-31589,standard,2023-01-03,1.1
ad068236-52c7-4a04-acc2-4e86e145cd1d,BR-90780,standard,2024-01-30,3.1
2cab21b9-e9e1-4ebe-aa75-db98a2155126,BR-03135,premium,2022-11-14,3.5
4ee808f9-6e53-410b-9107-dc3f19cf68cf,BR-00594,basic,2022-12-19,3.0
ba674c03-1b77-4893-9fe4-73ea8efbb22b,BR-06363,standard,2023-02-04,2.3
260b4842-dc83-48c7-bfa5-ae6c188b0726,BR-61372,premium,2024-04-17,2.6
1a22ed12-9494-4c25-90be-2b7e575bbfb7,BR-80428,basic,2023-02-20,3.6
764279f7-aa09-4d25-adac-4bdff476bdb7,BR-62011,basic,2024-05-05,4.4
c8c0fcf8-c15d-452a-8a7e-61226901d461,BR-67704,standard,2023-09-23,1.0
a7e5a0c1-ac87-43f1-a6cd-1aae3b37e41f,BR-69634,standard,2024-04-07,4.2
37309f1f-e16e-4ec0-8252-fa2a3923d42e,BR-67704,basic,2022-03-15,4.3
f927dbbf-45b3-42c9-83ed-073cc3721189,BR-02752,premium,2023-11-28,2.9
d5be08e7-513a-40a7-a6b9-8fed3ab472a0,BR-46995,basic,2023-11-07,2.1
e358e101-b72f-4eea-b9f1-0d29fef2b856,BR-09866,premium,2024-01-24,4.8
caf2bfcc-31b9-45d3-a11a-3930e1717430,BR-52206,basic,2025-01-20,4.3
c6f34b1f-2203-454b-a4e7-634c42f8db69,BR-46995,basic,2024-02-08,3.8
35ae277c-1cda-435c-9325-4ae54f4e25d9,BR-66075,basic,2024-06-11,3.3
32cbfdee-0d10-4c46-9bf7-4c6b199fec47,BR-35232,premium,2023-11-02,2.6
e3727c14-a5ac-4b70-8bf6-83fcca4821ed,BR-49773,basic,2022-03-15,1.7
039c279e-c46f-4d2e-81dc-cd452b785b10,BR-67645,standard,2022-11-15,3.9
0c627808-4c39-4f7e-87fe-e866a5891363,BR-33610,premium,2024-02-04,3.6
cf413bb5-464e-4f0c-ac80-baca6119c86d,BR-81309,premium,2022-10-06,4.8
92e00cfa-31e2-4692-9a27-5cae30440dc0,BR-75513,premium,2024-01-15,2.7
f46c1016-a68d-4f2f-91d0-a54736dbaa48,BR-16802,basic,2024-04-10,2.8
016a168d-c284-4a68-8595-996df1b6f977,BR-47149,premium,2024-08-12,3.0
4ee808f9-6e53-410b-9107-dc3f19cf68cf,BR-09518,premium,2023-12-19,4.6
fec47505-a49a-4859-ba4d-332774640217,BR-87724,basic,2024-07-25,4.4
6aef2d1d-316e-4b32-a5b5-4e3dd64ced99,BR-50883,basic,2023-11-17,3.5
8c0d9639-32ea-41c1-8e72-9fb6de9ec67c,BR-06330,standard,2023-06-26,3.3
2e76f9cd-0c71-4a9d-af08-985d4afb2684,BR-32978,standard,2024-12-18,2.9
61ad840b-1073-4f69-afde-a53ddaebbaf8,BR-63758,premium,2022-07-08,1.2
8edac027-064a-47b9-9ced-0087ed3fc109,BR-63758,standard,2025-02-14,3.3
bcf88ee7-746b-4419-8b28-40d39927290a,BR-06363,basic,2023-10-02,1.1
1228db11-a0b6-4ce1-8946-1272165a7273,BR-63831,premium,2022-11-01,4.5
d48c92a1-9762-41fd-b75e-e8bce090c02e,BR-46995,standard,2024-05-18,3.1
3df69ef8-fd00-49d5-b192-2ff083064462,BR-97370,standard,2025-01-08,1.4
4c3b79ae-4e97-43e0-9bef-43e105ea7069,BR-59470,premium,2024-10-11,2.0
d4dbf364-73f2-4275-a9c2-7edf48ca5f40,BR-63758,basic,2022-11-02,2.9
820cb7fd-f2cc-4292-a5a8-350d843a7cc3,BR-09866,standard,2022-03-24,4.4
cb6f4f25-35f4-492f-9ce3-dce9ae07a90d,BR-23826,basic,2024-08-25,4.8
09115f38-9147-4608-ba09-d29781d70b86,BR-02252,premium,2022-04-17,1.5
4e8afb6d-e606-493d-a3bf-90dc7a090d62,BR-27654,premium,2023-05-03,2.8
91909fa6-1dee-42fa-b2c8-10e9549e03e1,BR-33335,premium,2023-10-16,3.5
0d24d9d2-3757-45ac-850a-1a419bbc0208,BR-37852,basic,2024-08-21,2.1
37309f1f-e16e-4ec0-8252-fa2a3923d42e,BR-92688,basic,2024-04-15,2.9
9e3da172-7d71-475e-87c2-df2fbb278c8e,BR-87784,premium,2024-06-24,1.9
f4f677b1-ffcd-4813-9468-ccd233be0534,BR-16746,basic,2023-06-22,4.9
4417a98d-3d81-489f-99e9-a8f7c19c4512,BR-92688,standard,2023-09-07,4.1
99134cb2-f0c1-468a-982e-6d32d07cdd65,BR-35232,standard,2024-03-05,1.4
0007ae2e-21f8-450f-b9d0-bfa3c0370a3f,BR-70960,basic,2024-09-06,1.7
17b15514-ccf6-4d95-a72a-3f3438b1aae5,BR-87891,standard,2022-06-21,1.6
70873d17-0390-4721-850e-2a831483e72c,BR-77943,standard,2024-04-22,4.3
7b4fdc49-31f8-477f-b303-a5d6364f1830,BR-96818,premium,2023-07-12,2.7
6ff1c215-6867-4634-a5e0-d54db556d220,BR-62011,standard,2023-11-03,2.1
24c1aa92-3ce4-4d51-a4be-7efde6d9f501,BR-80428,standard,2023-12-21,4.1
1ea564e4-93dd-4468-8019-f425f61ae600,BR-46995,standard,2024-08-06,4.3
c76fe73a-f4c4-4b03-8aa3-583976c5e73c,BR-77236,standard,2024-04-26,1.4
4e61f6b2-2bd3-41ed-82c4-0d19ebc19707,BR-26756,standard,2023-04-30,1.3
75546cb4-9315-4921-947f-a6402aec348a,BR-36082,premium,2024-10-20,4.8
4466eeac-5451-4a8c-8dbf-6edc7ead7e18,BR-76567,standard,2024-09-19,3.4
ceac1643-cbfc-4e38-bd9f-36a7dc1028e2,BR-44487,standard,2024-09-14,1.3
4e34d735-a848-40d7-ae3f-bf15d3893d12,BR-03135,standard,2023-09-11,3.1
26baefb7-cdb5-42bb-baed-8e3b36244ed2,BR-34639,basic,2023-10-25,1.7
181c3741-a47b-4c7e-9cb6-58fe70122ac3,BR-47149,premium,2024-11-09,2.1
a605b0c0-5ee9-4ee1-8525-3abcb4f2c3ba,BR-12728,premium,2024-03-19,2.3
cedaa684-4955-4f79-8a2c-26edc5c4d684,BR-03135,premium,2023-07-05,1.1
2169645e-d244-4351-bfb4-0b64ace340d9,BR-46995,basic,2024-08-11,1.8
73021875-108b-47d0-8051-f58773950ae0,BR-47302,basic,2023-03-02,3.7
dcf2af63-81ab-4148-a9ce-36e4cd0ad1d5,BR-47302,premium,2022-05-06,1.2
72e4229f-3eeb-4f8c-8d2e-5e849c8f3975,BR-80428,premium,2022-12-19,1.2
f5d3af8d-b1b5-4b3a-a345-c5e5991e5fab,BR-27654,standard,2024-03-14,4.2
96358081-a9d8-4c1d-afd5-d59c28055c69,BR-63831,basic,2023-03-30,3.2
112b5888-e276-482a-8677-e8b8252d734e,BR-77236,standard,2024-02-07,3.3
22d307f5-acc7-4d85-a9aa-d41d1220ba7e,BR-02252,standard,2022-03-07,4.5
6934578c-d5a2-4e92-b5ad-9bd1b15bca23,BR-62011,basic,2024-09-22,1.2
5ca3e520-b456-4c1b-9dad-b1502fd4c861,BR-56029,premium,2023-05-29,2.0
ad88a318-3234-4cbe-8f55-eb4c49a9c077,BR-87784,basic,2024-01-27,1.6
5c487e3a-899c-4fc7-b060-f5c405163139,BR-62011,standard,2022-12-13,4.0
0aabbbd9-7516-44fc-b318-e40bf87f4469,BR-33534,basic,2023-05-06,3.0
de99434a-1ddb-4d8d-9a42-7ab4e8e53f7e,BR-50883,standard,2024-01-04,3.1
6ec154b6-3a9e-4192-9edd-a471ba2881d1,BR-88974,standard,2023-12-19,2.1
d38804c3-13eb-4d1e-be6b-808085dffaab,BR-29515,basic,2024-03-03,2.2
2e87a57b-7c0f-4fad-ab41-9508b4240207,BR-96818,premium,2022-05-06,3.7
7c7375e2-f5b7-4694-91be-0a482c92a337,BR-91544,premium,2024-07-31,4.8
95ad1d4b-2baa-4ae5-8fba-27a3095a10c0,BR-16746,premium,2023-01-22,3.5
9e156b50-d447-42f0-ab65-e02a7d95f4f9,BR-87724,standard,2023-05-14,2.6
aad377b5-c17b-49c7-ba5e-19f25e46eefe,BR-32978,basic,2022-05-10,1.5
2331d259-90a4-4b5d-b019-b65b009d0939,BR-06330,standard,2023-03-27,4.1
c1162a7e-54d2-4c71-a1a6-c4e3935cf3ab,BR-09866,standard,2022-11-10,1.6
0940ecee-8690-4d7d-9e7a-dfc6d0c1f501,BR-95600,premium,2023-02-05,3.8
d1530880-efe0-4b50-8f33-75a74052012a,BR-76567,basic,2024-10-27,2.8
20d1aeff-cf30-4314-bd90-f2c7303ff27e,BR-63758,standard,2023-12-11,4.8
a3159526-a93e-48c9-9df0-c7962e52f486,BR-12728,standard,2024-07-21,4.0
51e77e35-cc0c-413a-abcb-d58e2f104029,BR-06363,premium,2023-09-28,3.3
cf3899c3-2826-43f9-8e2a-21727e8dec8e,BR-88974,premium,2022-06-14,3.2
31ca4065-36a0-474c-b819-af3c020db212,BR-70960,premium,2023-09-04,3.8
17b15514-ccf6-4d95-a72a-3f3438b1aae5,BR-63758,basic,2024-09-19,5.0
d1451570-2bec-4406-b04f-ae673d05b306,BR-19471,basic,2024-08-19,3.0
25cdc237-5bcf-409f-916e-7fa0aa586aa0,BR-44487,basic,2022-09-08,2.2
544d6a1f-e655-41d1-a7a7-9aa82c7a335d,BR-52206,standard,2022-11-16,3.1
dccaa52e-3b51-435a-adb9-12df57d7be2d,BR-87784,premium,2023-07-24,3.6
c27259d1-4d20-4e09-b9d0-bdac6e7f10db,BR-40385,standard,2023-06-28,3.5
d48c92a1-9762-41fd-b75e-e8bce090c02e,BR-44827,basic,2024-11-29,4.5
f5072d74-b5fb-4f81-b8ed-8f9209b12438,BR-12610,standard,2024-12-31,3.4
95520df5-724b-4793-9325-4172391586ed,BR-67645,standard,2023-07-04,2.3
8d7bd718-5293-40d7-b767-94711d194b00,BR-26756,standard,2024-09-11,3.5
24362a76-1ef3-432e-b2b4-2dca56e986cb,BR-78944,basic,2024-03-03,1.1
c51982f8-e0b2-4069-9ee0-3511439eb9ba,BR-21828,premium,2024-11-17,4.6
532a3254-8fe0-4247-b5f6-66a8f885f86b,BR-93804,premium,2023-11-25,3.7
6ea724cb-1dbd-418a-9038-d4553b1954b9,BR-32909,basic,2023-08-10,1.1
bcae5771-d140-4a23-b645-5a67b0655926,BR-47149,premium,2024-02-14,3.4
58f76703-1cc5-4880-8cfd-bb82eced9046,BR-32909,standard,2023-10-31,3.6
42fa07d4-ad8f-4c48-bcbd-fa4b96580ac4,BR-37852,premium,2023-12-11,3.5
c4df307a-185f-43be-9b2e-fedba7a31210,BR-33610,basic,2022-10-15,2.3
f9002cfc-cf5a-419d-b097-6a371e461093,BR-50348,premium,2024-09-03,1.6
f621ac82-e955-4cec-bb66-818164e69fc4,BR-70799,premium,2024-10-05,1.5
3f093a4e-54ed-4d56-89c3-b0609c4a6a8d,BR-44827,standard,2024-08-19,3.5
22cb65bc-7f79-4bf0-be06-bcbb4d177826,BR-33610,basic,2024-11-14,4.3
d8e24aff-ee8d-48df-a709-d6518778adfc,BR-04892,basic,2023-11-23,4.6
0275cc47-572f-4e76-b7c3-3c72944a80b8,BR-70799,standard,2023-03-29,1.6
9bb87f8c-0be3-447a-95a8-3b14b3e8a62a,BR-63831,premium,2023-09-02,2.1
1ca2a901-a774-4b2d-96ee-63d7cf805529,BR-35054,standard,2022-09-17,4.4
0e08d429-2374-4b72-9435-6d68efd15b5b,BR-31360,basic,2023-06-04,3.1
06ea3743-1778-4d23-9655-e8c48a1b6173,BR-02860,premium,2022-08-22,2.0
3900ae86-dbf2-43c0-807f-9e7c7858781a,BR-33335,basic,2025-01-07,3.4
2be1942a-bf23-4f11-841a-9718aa91351b,BR-02860,premium,2023-05-02,5.0
79b77923-dcf5-411a-a2d8-f15fdc340e37,BR-31360,basic,2022-08-09,4.8
750a89a4-ce1a-4e0f-a78e-625908c14c04,BR-04892,basic,2022-09-27,4.8
26baefb7-cdb5-42bb-baed-8e3b36244ed2,BR-81309,standard,2023-03-10,1.5
d0ec55f7-0e5f-4d62-8c1d-d53c6c107e1f,BR-23028,standard,2024-02-19,1.3
912d75ce-b993-4a09-b7e3-b7cd95ee1b1a,BR-09518,premium,2024-04-06,4.1
7a0e7310-59b7-438e-a385-968c612f68f3,BR-64012,premium,2023-01-08,4.7
60a4a0e4-b2f7-4d93-bd8a-62d76499d9f6,BR-36082,premium,2024-05-23,3.6
70c0d8a3-ed7d-4b94-abed-d30733202274,BR-95600,basic,2022-06-06,2.3
0b09b546-e8ce-4689-b21e-e787fa6b529f,BR-77236,premium,2023-08-02,1.3
8ccd2654-00af-4e2c-b9a9-7c0e3e43b4c6,BR-06363,basic,2023-10-20,2.4
01e5ca42-5f82-42be-a570-0f60f620c324,BR-39871,standard,2024-04-30,1.5
4976f185-8da3-462b-8a77-6d30d7d128f7,BR-33534,basic,2023-08-01,1.2
95520df5-724b-4793-9325-4172391586ed,BR-76567,basic,2023-02-13,4.7
6d46a612-a74c-43d4-8939-e9329c7fd054,BR-16746,standard,2022-11-07,4.2
687aae5d-a0f1-4d7f-8fcf-85ecf45c49ad,BR-39871,premium,2022-08-03,4.6
ef7b5860-782f-4fd3-b93d-febfda4c518d,BR-49773,basic,2023-06-17,3.7
3a858c23-85f0-4421-af31-d3f87171ae1e,BR-64012,premium,2024-09-02,1.9
2449e401-245e-47d9-8f44-f21d52c640cc,BR-63758,standard,2022-05-23,3.6
e1089c93-9e19-4870-84dd-fd80fdee6ab0,BR-31360,standard,2023-08-02,4.4
01ab7c58-8272-4c3c-9217-d5316aff7102,BR-36784,premium,2022-06-17,3.9
c3d320c5-39b7-45e1-aa40-9b098c5812b5,BR-10307,standard,2023-09-07,3.6
21fd6682-7d42-47d9-92f6-dbd87090ec91,BR-27654,basic,2023-11-28,2.0
dba75944-74d9-474e-8ccb-c4a4d3eb7856,BR-53407,standard,2023-01-24,2.0
c0a3ab68-79e9-4f97-98d5-498a4e36547d,BR-15319,basic,2024-01-02,2.5
73d37f51-302e-4c2a-9eeb-1f3321887c76,BR-88974,basic,2025-01-01,2.4
792b930f-a3fe-455a-a88a-3595b160112e,BR-95096,standard,2023-07-30,4.8
f927dbbf-45b3-42c9-83ed-073cc3721189,BR-11314,basic,2024-05-30,2.3
3ebb2365-ac01-491a-8991-53825c421ef3,BR-16802,premium,2024-02-09,1.9
264d34e9-781b-46d7-8a0d-7536abe2726d,BR-87891,premium,2023-12-15,3.0
9ff2d915-6fb3-4aa2-9ef3-ef44c985e2c6,BR-02252,premium,2022-05-01,1.7
0e849008-cef6-4056-b858-d51c9cfd819c,BR-43674,basic,2024-04-04,3.4
44dfbf4f-5bd9-4dbf-8923-4f1a4430b099,BR-12610,basic,2023-02-19,1.2
00b471b2-0dee-4362-ba75-1c9e1c4982b0,BR-69634,basic,2024-11-23,2.2
5aff0dba-5fa8-4d7b-955e-f689188ba7a3,BR-53407,standard,2023-02-14,4.0
019da367-a750-4231-a1e3-cfd07b6b079b,BR-50348,premium,2024-11-09,2.9
0aa0f1b5-f809-4d14-9aa8-7328d93bfd9e,BR-51686,premium,2022-08-12,1.6
a99f68f1-0652-434a-81f9-78c32bfc60e8,BR-97370,standard,2023-12-03,3.4
4c1d1dbd-2e2a-49b1-9089-f9d8167c8024,BR-52206,standard,2025-01-24,3.2
c8c0fcf8-c15d-452a-8a7e-61226901d461,BR-09866,basic,2022-07-25,2.4
902e3b0e-abf6-4803-a49a-6827d90991ef,BR-63831,basic,2023-10-05,1.5
6b088cd7-8405-4dc9-a33c-ca986b537fe0,BR-23826,standard,2023-10-11,1.5
1a7510e6-c921-4c4c-9e53-cf2fe21f0ad1,BR-40385,premium,2025-02-04,4.6
454e1f85-8574-42e1-adcc-ab4cb8a42d23,BR-52206,premium,2022-06-01,1.3
6d1a878f-7fb9-4570-b78e-138738533a35,BR-11314,basic,2024-10-18,4.3
e4b8b3fc-87c4-44e4-8b9b-fc3ba31be12f,BR-56029,premium,2023-07-30,2.8
7a2709dc-19f3-4653-986d-c2116f8f4be1,BR-00594,standard,2022-07-16,3.8
716a99a5-2918-4348-a2dd-7176b9105074,BR-53407,standard,2022-04-12,2.9
df8ad75b-5998-4cd0-9d45-97c25ea2e31b,BR-36082,premium,2022-11-19,4.6
df87e167-8a16-4c93-a758-f07d28dc6ad4,BR-40385,standard,2024-08-01,4.5
4ee808f9-6e53-410b-9107-dc3f19cf68cf,BR-87784,basic,2025-01-25,4.2
2aa5947b-6925-4f04-8140-a03fb4e30568,BR-63758,basic,2023-11-16,5.0
55451774-bdfd-437d-9c44-9f2fc4f789ec,BR-09518,standard,2022-08-05,4.8
8b5f63ee-4948-460b-8f96-7fbab82878cd,BR-78944,standard,2022-06-21,3.5
a8984533-2e1f-47fc-bd5c-2ddf5da00844,BR-80428,basic,2023-06-25,3.1
a77a9f60-8143-4705-9a42-e4688decfa99,BR-71032,premium,2022-11-28,4.9
91e41237-8dff-4a8c-9ed4-61d468bb6a7c,BR-09866,premium,2024-01-06,1.9
a99f68f1-0652-434a-81f9-78c32bfc60e8,BR-11314,premium,2024-10-27,4.9
87eef017-2085-4c5c-a337-2cf43014189e,BR-46995,premium,2022-09-11,1.9
5b9d8837-213b-4531-816a-d32431154d59,BR-27758,standard,2022-07-12,4.2
4c8aafeb-eb2b-455e-a00e-e716d6d9fd33,BR-62011,standard,2022-07-05,3.8
4f9a11af-ac78-455d-a275-37b195127b0e,BR-77236,premium,2022-04-10,5.0
dd134e29-0265-42c5-9ac3-2167adb948af,BR-50348,basic,2022-05-25,1.8
5636426b-ce3c-48ed-be5d-f5012239f1f9,BR-16802,basic,2022-10-12,4.8
1471f90f-c962-4c8e-be57-22238b230ba6,BR-32909,premium,2024-06-01,4.0
aefe39ad-b752-4205-a777-359d4080bdf7,BR-12728,premium,2023-07-06,4.3
5674b7f5-9946-43a1-bc45-25ca261572fc,BR-95096,basic,2024-04-17,1.9
150a0cf1-2d16-4eb6-8533-41dbfb832eae,BR-40385,basic,2025-02-19,2.5
d91de9cb-d4c9-4b66-b9c5-199e32111890,BR-33534,standard,2024-10-04,3.2
fae6851f-79ae-4408-a1ee-a3d5ee52d228,BR-33047,basic,2024-05-24,3.2
7846c9a4-0340-4355-9529-432da70653b3,BR-50348,basic,2024-12-14,3.0
a0007e49-4983-49ec-9fca-d6be7b4750ba,BR-23028,basic,2024-12-21,2.8
10fdccd2-9a3a-487e-88cc-bb7ac9904cd2,BR-87784,premium,2024-08-07,3.6
de9a0f4e-e54d-49ca-a10c-91006609b401,BR-87340,basic,2023-05-04,1.2
2d996a07-3c05-4c66-a9fa-9e2920229915,BR-65148,basic,2024-01-07,1.9
263bea46-d9b3-4db4-9ad4-03169a41a560,BR-19471,basic,2024-03-03,3.3
ebd85cf8-baa4-4513-96a3-caa7bc40d9bb,BR-02752,premium,2023-09-09,4.5
6c7333aa-a6a6-4bc3-8be0-a44e15acfca3,BR-33047,premium,2022-05-24,2.7
2ac899fc-f3b4-4cb9-b4b8-1b325bfcfb2b,BR-96818,standard,2024-08-11,4.3
66b37d22-99d5-4f21-8de6-ab8a261863fa,BR-17919,premium,2023-02-08,4.6
98578c0d-d096-4b9a-97d3-ac3842f8b495,BR-36784,basic,2022-03-21,1.3
a7e5a0c1-ac87-43f1-a6cd-1aae3b37e41f,BR-33335,premium,2022-06-16,4.7
b033fc45-b636-4b73-a233-527aa7c2fd60,BR-39871,basic,2022-12-06,2.6
4a021afb-0fdd-4cf5-b895-a178ebee61f3,BR-91544,basic,2024-06-30,2.5
6ddb85a6-0cb9-4c57-bf29-310884b1185a,BR-27758,basic,2024-01-24,2.6
915a2260-62e5-4c7a-938e-da85dbccbf63,BR-39871,standard,2023-05-25,4.3
6f344d46-87b9-488c-8dcd-de4189a5df37,BR-56029,premium,2024-11-27,3.2
f5d3af8d-b1b5-4b3a-a345-c5e5991e5fab,BR-97370,premium,2023-08-14,2.4
07c05448-21e7-489d-bcaa-49eebc3ac412,BR-70799,standard,2024-07-23,4.1
f6a02a09-66e0-4e42-9e8d-2c80e80cb91d,BR-23826,standard,2024-07-18,4.6
eb16794e-5db9-445a-8b5c-39edc6ee3106,BR-32909,basic,2022-09-03,1.4
b75edc1c-b140-4676-b0ac-991f77e2d6b0,BR-15319,premium,2022-04-09,3.1
a5635e45-c028-4723-8b04-a66ede0901fa,BR-49773,basic,2025-01-30,2.2
cb9c7ef3-92d5-489f-8abf-48183a2b866a,BR-36784,premium,2023-09-17,1.5
e87e0f66-a231-4800-9a47-98569e80e7cf,BR-11314,standard,2025-01-14,4.7
9bd8343d-9c81-42f7-966d-b6e621cc4764,BR-50883,standard,2024-12-17,3.8
334d1c45-084a-40fa-bbdd-3794fcd6f2c0,BR-59619,premium,2024-07-04,1.5
94236b8f-8c72-4255-8fac-9e52aeb86f9d,BR-70799,standard,2022-05-02,4.1
3da4491d-b375-4c1b-83a6-628618f07e77,BR-02860,premium,2023-01-29,2.0
874b0fd6-8cd7-4ad7-ac1b-807ab2cd342d,BR-03135,basic,2024-05-06,2.1
c900360d-9a37-4a83-b0a6-739ea8fc82aa,BR-56029,basic,2024-10-18,2.5
31656ac3-2945-4262-a002-055eb0189f52,BR-16802,basic,2024-09-17,1.6
5add6889-c260-49ee-ada8-9b76f372ed85,BR-95096,standard,2024-09-20,4.2
85bfb4c1-ea8a-4e8c-963e-927706117430,BR-93804,standard,2022-12-19,2.8
e52d512f-7e5f-4e12-bcb9-8308b3598adc,BR-70960,basic,2022-11-10,3.0
eb344c6c-e4bc-43fd-85b4-ef49b92c21b8,BR-29515,premium,2023-06-28,2.4
604d119f-9a60-4714-84b3-f06711c4fdc3,BR-31589,standard,2022-05-04,4.7
97c286e9-d966-48f1-afc1-129000cba942,BR-47149,standard,2024-10-10,2.1
c51982f8-e0b2-4069-9ee0-3511439eb9ba,BR-95600,premium,2022-08-06,3.5
3f8cf698-0222-4244-9e88-1a64ee89aa0d,BR-27758,premium,2024-05-22,2.0
177aa2d5-8567-41df-8674-e4220d8556c2,BR-27758,standard,2023-01-12,4.1
3819dc14-01d2-4786-b326-ae4759d85002,BR-87891,standard,2024-08-05,1.4
88e81db0-4130-4ad1-ba0e-56f5f6234696,BR-12610,standard,2022-11-11,4.2
8bb6b775-104d-4e3a-af69-ca7bbed07815,BR-93804,basic,2023-07-07,1.4
836d7f5d-4785-4ac7-a2bf-7ab5296a832c,BR-87340,premium,2023-12-21,2.6
998d3705-aae8-43af-b302-dd19a99d5e5d,BR-23826,premium,2024-01-16,4.0
64cfcd5a-128d-46e4-81d4-c5fff138351b,BR-06330,basic,2024-07-07,4.6
85820421-817c-4cdb-a192-dd79ac3ff194,BR-32909,premium,2023-07-16,1.1
00c4bc7c-dbce-4881-bb03-baafb1d9cea5,BR-19471,standard,2023-07-11,3.2
fffede65-62a6-4cb1-b8bf-f99e73ea6a8f,BR-36082,basic,2023-02-08,4.3
a606d526-0106-4629-a2fe-23ad132b3368,BR-11314,standard,2023-06-30,1.8
8c396dd9-2eec-4d88-b8e5-dbcf14ce52b5,BR-39871,premium,2024-01-05,3.3
752384ef-1b4b-4f4f-8c4b-37acd3f1cc8d,BR-54802,basic,2022-12-20,1.2
138c216e-fc3a-4e2d-a7eb-af2a5a358639,BR-50883,premium,2022-10-06,2.3
93fd472e-ac38-454c-bf37-3159ea7f0622,BR-63758,premium,2022-06-17,3.5
a4b7d0d0-ef65-42b9-9bb7-2caadebadfe9,BR-16746,basic,2022-11-19,1.6
253a41a7-1399-4d2d-968e-4296734f5873,BR-63831,basic,2024-01-30,2.2
49cf8efa-d1fc-4f6c-90b7-7f6ea745cf8c,BR-63831,basic,2023-06-27,3.8
f0cb8de8-63c0-42e8-ae32-307738d0edc7,BR-67645,standard,2023-05-21,4.6
58fb682f-5c47-4fc3-b476-b39134a7dfdf,BR-61372,standard,2022-06-29,3.1
4e34d735-a848-40d7-ae3f-bf15d3893d12,BR-09518,basic,2022-02-26,4.3
4a0502e8-2ba9-450e-8e26-c618295323e9,BR-67645,standard,2023-07-11,4.3
464c5e36-99e6-46cc-8877-a4b5d89f9a88,BR-77236,standard,2023-11-22,4.7
e4ee1831-2f70-48b1-9972-b878a7895c73,BR-53407,standard,2023-04-09,1.1
473a6d39-cd82-47a3-a934-0b0868b67a73,BR-02752,basic,2022-08-06,2.5
89827ba1-de17-48a6-9807-f7e3a9739c42,BR-35054,basic,2023-12-01,4.0
73bc3df8-d3c7-4700-975a-405e6c417ac0,BR-06330,basic,2022-11-19,4.1
5b9d8837-213b-4531-816a-d32431154d59,BR-31360,standard,2022-04-25,2.7
dc102c62-7fca-4667-8387-b603835f5eb6,BR-27758,premium,2022-08-30,1.8
b9fc7d83-1965-4634-abdf-67f102e65219,BR-86309,basic,2022-05-14,1.5
55b8f1a5-a06c-4f0a-a284-9a4a4384ab10,BR-32978,premium,2024-08-07,4.6
01570a7d-48e6-4a3f-9360-7df210df7a63,BR-59470,basic,2022-06-25,4.4
677bb341-c0cc-421a-b3e6-1747f03a9f5c,BR-23028,premium,2022-11-21,3.4
7de338d4-e55e-48dd-8b2e-506a776e0f64,BR-87891,premium,2024-04-10,1.7
5be6f32d-0502-4394-9bb5-74fcdf41dca6,BR-61372,standard,2022-07-06,1.9
d23768db-2882-4fcb-a47a-ae2b635a0341,BR-40385,basic,2025-01-24,1.4
b9e75fac-b567-4d79-96d1-05114f9be618,BR-87340,premium,2023-09-27,1.1
94002b70-4458-4a69-9bb4-da1de131a1bf,BR-66075,premium,2024-09-16,1.7
e37f727b-b094-41a8-a7fe-fba0bff19a9f,BR-95600,basic,2022-12-19,1.4
06e27f8a-0d9b-4a96-828e-36085be5ed37,BR-46395,standard,2023-09-29,2.7
85b6bcae-8f08-42dc-9002-66c4f70aa175,BR-35054,basic,2023-12-26,4.5
dfc7f1d8-bb8f-409c-ae62-8b478b9dccc3,BR-16802,standard,2022-10-03,3.7
1099a5de-5ed6-49f0-9421-d9804bfacb85,BR-69748,premium,2025-02-14,4.5
9b140e0f-5c77-4c63-b6f0-66d1559eddf1,BR-39871,premium,2024-08-31,3.9
8680027b-ed21-4403-8798-935c8aff312a,BR-70799,standard,2023-01-07,4.5
21a3f399-e668-4e72-8948-5c8682294477,BR-51162,premium,2024-11-16,2.1
a2fd6946-4439-4109-92e1-7a1ec170faeb,BR-97370,basic,2025-02-11,4.9
faa96ece-963f-4cab-8464-f96a907be075,BR-61372,basic,2023-01-19,4.0
08a2fd7f-a216-4cd8-ba77-31cc42fb3bd0,BR-52206,standard,2024-01-18,2.9
92a5e926-c78a-47d3-a1a0-7d391ff00c73,BR-02752,basic,2023-04-19,2.7
cd883975-4d36-430f-b287-74869d8742ee,BR-87724,standard,2024-10-15,3.1
c01dda27-7a22-4f97-ae25-a170cd97276e,BR-46395,premium,2024-11-24,3.0
64cfcd5a-128d-46e4-81d4-c5fff138351b,BR-15319,standard,2024-02-17,1.2
0ac4f446-6288-42f4-8d72-942a7ace29b7,BR-31360,standard,2025-01-08,2.4
7b8cd5a9-6b5e-4bb1-a9bf-fcb78bfe3c31,BR-34639,standard,2023-07-01,4.5
6dfd27ca-8c5d-40f1-96f3-284fb6eb90fe,BR-27758,standard,2023-10-12,3.1
5069e54a-6900-4028-979b-6b39068de874,BR-80428,basic,2022-05-09,1.4
3819dc14-01d2-4786-b326-ae4759d85002,BR-80428,standard,2023-02-09,3.0
6348fe14-89fc-4b0d-8ebc-88174a2d26a7,BR-35232,basic,2023-09-03,2.2
411f6aec-7ec4-410f-834b-21dfd3f32310,BR-56029,basic,2023-06-01,1.6
912d75ce-b993-4a09-b7e3-b7cd95ee1b1a,BR-43674,standard,2022-04-05,5.0
096e9f56-369e-4876-b909-37a797d017ed,BR-81309,standard,2024-01-15,2.0
2ed88072-4a75-4cc7-82f4-d6b4e38b8c91,BR-49773,premium,2024-04-16,4.6
8edac027-064a-47b9-9ced-0087ed3fc109,BR-97370,standard,2023-09-11,4.7
22305cdb-ca6e-4879-9165-e33dca062d8d,BR-12610,basic,2024-05-14,2.4
2b56c1e6-22f5-4d36-a8f9-f95096349afa,BR-33335,premium,2024-11-07,3.8
e601cbe8-fcbc-403b-b6e6-2d812f640ded,BR-35232,premium,2024-09-30,4.3
7981c33f-8e4c-413f-a1dc-d277d0fc3626,BR-04892,basic,2022-07-17,2.8
b68b479e-b613-45c0-b5b7-966ecd955629,BR-32978,basic,2023-03-06,2.9
899c41b8-20c5-4492-be3f-057a71d69b0a,BR-49773,standard,2024-09-24,4.1
75dc03ba-65c2-43d5-87a0-6f71ccf984a2,BR-09518,standard,2024-09-11,1.2
4f5284e9-491d-4059-a212-41827428c977,BR-04892,standard,2025-01-06,3.5
26d287f1-d7eb-4c8c-995c-bfdc73f60bad,BR-40385,premium,2024-06-14,3.6
39f5348e-1ef8-4dd1-b0f9-2b5f97b0237e,BR-75513,premium,2024-01-20,4.8
0b0d2310-2692-4b67-bbf7-23faca7a30a4,BR-59619,standard,2024-01-23,4.5
d288c621-d5ff-423c-a70d-55314e5658b9,BR-62011,basic,2024-10-15,4.2
71747c81-8a9a-4731-9f84-4079c489a8e1,BR-33610,basic,2022-09-13,1.0
fca5a0d1-a9f0-48be-bdb5-fc838ee6e2a7,BR-32909,standard,2023-01-28,3.3
275c03cf-8dd3-47a2-ac18-c97e7257b7b9,BR-93804,standard,2022-08-11,2.0
9b7951ad-9630-44ea-8598-766d2c2d36eb,BR-69633,standard,2024-09-13,1.6
ffec2b1c-5f24-41a6-876a-a7ac8128b0bd,BR-77943,standard,2024-10-15,3.7
d5aa18fa-c046-4a19-8e1d-d79ef8d003f8,BR-46395,basic,2023-12-25,1.0
9724e9b8-a841-402e-b0a0-6dcdd3975779,BR-33610,premium,2024-12-23,2.6
6384e081-796a-4679-806a-862e6c30c683,BR-06330,standard,2023-07-26,2.7
94b9573a-389a-4c32-b8d2-33adba00f727,BR-95600,standard,2022-03-29,3.5
0ec897e4-9c4c-4810-b471-0733cdd89d8c,BR-32909,basic,2022-08-21,3.8
43f834c9-d8d9-45ca-88a4-fb36b4b089d5,BR-17362,standard,2022-05-25,1.8
55b8f1a5-a06c-4f0a-a284-9a4a4384ab10,BR-44487,premium,2022-05-17,3.5
1e547dbb-427e-4f48-be14-e19888e1b73f,BR-36082,standard,2022-06-15,2.6
67f4f876-b697-4a3b-b15e-ef242008c819,BR-32909,premium,2022-11-21,2.6
f7d302b4-5f26-4001-b6f3-f4f887b8d1d2,BR-47149,basic,2022-06-02,4.1
8ce6be17-893b-41f6-969c-9a6b20477ba3,BR-39871,premium,2023-09-05,3.7
760ccc2b-af7f-4810-ba10-9376b7007ba0,BR-69634,premium,2022-05-17,4.7
f6c73993-229e-4615-aca8-a6480dfec376,BR-88974,standard,2025-02-23,2.3
484ca83e-3f7a-42b0-91a0-79c6eee0c976,BR-23826,basic,2022-08-29,3.1
b8280805-f0fa-4521-95d6-3f1fe9fd72af,BR-31589,premium,2024-02-03,4.9
b4b17041-11fd-4aa5-bbca-96f4e4320f05,BR-09866,premium,2022-07-08,4.2
885b84cc-11ad-48f9-b876-794c7966e379,BR-36784,standard,2023-06-06,3.9
b61572e4-a884-446b-9204-0677df8e4d67,BR-09518,premium,2024-09-06,1.5
7c444988-5bb9-400c-aebd-17a33f69d4bb,BR-16802,standard,2024-06-06,4.6
f5d3af8d-b1b5-4b3a-a345-c5e5991e5fab,BR-87724,standard,2023-08-10,4.1
199199ff-eeda-4471-bfe2-b2183a644dfd,BR-63758,basic,2024-09-15,2.6
8579d1a9-e81e-4bd5-ad37-bc4751781bb4,BR-16746,premium,2023-08-18,4.7
ac324742-832e-4b59-8812-03541028d70b,BR-97370,standard,2022-12-10,3.2
4c2fca29-8c0e-4ccd-a604-0960807c65e5,BR-17362,standard,2022-02-26,1.0
c19d6ce6-1665-487c-8e01-6483c99928a0,BR-63831,premium,2023-03-23,2.3
c5f15209-fd64-4fa5-b5be-cd67e142aa6f,BR-44827,standard,2023-02-01,2.5
ae88f44f-a1cf-4002-bd69-339b7134b9a1,BR-86309,standard,2024-03-30,1.6
71747c81-8a9a-4731-9f84-4079c489a8e1,BR-56029,premium,2022-08-20,3.2
9e156b50-d447-42f0-ab65-e02a7d95f4f9,BR-63831,standard,2024-09-06,2.6
b1495de1-3abf-4937-bf54-966d1d268481,BR-27654,premium,2024-06-17,4.0
653710e6-26e4-423a-992d-f5e146411fdf,BR-23621,basic,2022-08-19,3.4
f8e84845-f86f-4508-96b9-1e14c2e4e666,BR-44827,premium,2022-09-24,2.7
2634b28d-48a0-4d40-89f3-e02a026e8ee4,BR-51686,basic,2023-02-14,3.8
1745bb6a-93ac-4ce1-83dc-3cc6c589eb51,BR-34639,standard,2024-01-06,5.0
9770cb2e-21ea-4fbc-84fd-5b589330ed8b,BR-33610,premium,2025-02-11,4.6
2d996a07-3c05-4c66-a9fa-9e2920229915,BR-69634,basic,2025-01-17,2.9
786998e1-e1fb-4320-9d77-7bd6175b62d4,BR-63758,premium,2023-10-01,2.7
671a9b0c-b7ed-4cbc-a70e-9e8b473b4cc3,BR-63758,basic,2023-09-26,1.2
94b9573a-389a-4c32-b8d2-33adba00f727,BR-00594,premium,2023-12-15,1.4
c2613733-94be-489c-8fe6-835118ad3675,BR-95600,basic,2024-05-17,3.2
f7d302b4-5f26-4001-b6f3-f4f887b8d1d2,BR-27654,standard,2022-11-03,3.8
c8eb1ab1-53b7-4417-9fa6-0e3af83902af,BR-50883,premium,2022-05-08,2.9
3a858c23-85f0-4421-af31-d3f87171ae1e,BR-63758,standard,2024-03-02,2.2
94600114-5db6-444f-b16b-a0673a9ea179,BR-67645,standard,2023-12-04,4.7
5add6889-c260-49ee-ada8-9b76f372ed85,BR-71032,standard,2023-03-25,1.2
862c48db-3a67-44a9-8f2a-63599538e3b7,BR-47149,standard,2025-02-15,4.0
c27259d1-4d20-4e09-b9d0-bdac6e7f10db,BR-43674,basic,2023-04-16,3.7
80b52cec-674c-4cf4-8f40-759adb720505,BR-69748,standard,2024-11-02,4.4
a92e1e11-0fd5-49a7-a1cb-53b3b6de6b73,BR-95600,basic,2022-12-24,1.9
24362a76-1ef3-432e-b2b4-2dca56e986cb,BR-91544,basic,2024-03-14,2.5
5be6f32d-0502-4394-9bb5-74fcdf41dca6,BR-16884,basic,2022-11-17,4.3
53bede3e-f9ba-431d-ac27-6fc1c4f3dcd8,BR-88974,premium,2023-11-04,2.9
f5639155-b2f0-4568-902c-1d87e0eb43c5,BR-86309,basic,2022-10-06,2.4
5ffb1dcc-344e-4ad3-83fd-add3446703fc,BR-66075,premium,2023-03-10,2.6
aca26eb6-7db9-4ccd-826a-f61b1cd1ed0e,BR-95600,basic,2023-09-08,3.3
d2e7b920-c2a8-4c45-bc35-76ba1585f022,BR-69748,premium,2024-08-25,4.3
73bc3df8-d3c7-4700-975a-405e6c417ac0,BR-23621,basic,2022-11-18,1.6
fec47505-a49a-4859-ba4d-332774640217,BR-46995,standard,2023-06-21,2.0
ca6d6f9c-0ae2-4f42-8598-a6772780db1d,BR-44827,standard,2024-02-03,3.9
532a3254-8fe0-4247-b5f6-66a8f885f86b,BR-96818,basic,2023-07-11,4.7
4a021afb-0fdd-4cf5-b895-a178ebee61f3,BR-78944,basic,2024-08-25,2.6
92c29133-eff8-4679-81aa-42cf6da9834b,BR-23028,premium,2023-03-14,4.4
06f7bd92-9012-47eb-be9c-7c203939a92a,BR-34639,standard,2024-10-09,2.3
8f74c7ab-340f-43bf-9425-0f097748ff8e,BR-27758,premium,2023-07-26,3.1
38b72469-d35b-45b1-b8ef-121fa787cd5b,BR-43674,premium,2023-10-09,1.9
0a5702e6-3fbd-4429-92aa-599a0a7cda6b,BR-63831,basic,2024-07-19,2.0
721c6733-9feb-4482-8b3c-a6ab4cf9844f,BR-67704,standard,2024-04-25,3.0
9b88c39a-7b56-45eb-b4d4-3d27de6ea676,BR-09866,basic,2024-01-12,1.7
d45252ef-f243-434c-bf42-36aba004e935,BR-33047,premium,2024-11-29,4.0
19442a74-9e58-4c4b-a469-dea4ff040453,BR-02752,standard,2023-12-24,2.7
7629a40d-cd1f-4bc2-8a25-b3b85ac3cb24,BR-63831,standard,2022-10-15,3.4
a5a26e57-8131-4e83-82d9-d7bbfe037198,BR-19471,premium,2024-11-21,1.1
d58db261-047e-4342-af8a-648310db810e,BR-71032,premium,2022-11-23,4.4
f658b5c4-5c07-4de4-be1b-b1d213a0703e,BR-86309,premium,2023-03-21,1.2
fa609786-5844-4a1f-b59b-c9ce0e628894,BR-70799,basic,2024-12-08,2.7
699bb7d3-55af-4be1-a7f6-9d883983d738,BR-90780,standard,2024-07-24,3.2
a69e7d5f-e68a-4562-8244-262f4f3b79ef,BR-40385,basic,2023-02-18,4.3
763123f4-52c4-4b75-9234-9d5fd8ed54f0,BR-39871,standard,2022-04-25,3.8
65c5c95d-9bfd-4c07-aa2e-2e1a9ef951f4,BR-09518,basic,2024-01-22,4.6
5748a36a-9eef-4f7c-a304-1ad0cd88ead8,BR-65148,standard,2022-10-05,3.8
540dd5e4-c783-4a65-8b31-3a266246683f,BR-29515,standard,2023-01-08,1.0
b2ae52fd-fbe4-48d7-a714-c82189467ac0,BR-11314,basic,2023-09-13,4.1
33d45a5a-e1e4-4270-941e-65d1b8896851,BR-75513,premium,2023-05-23,2.4
345b5329-2d58-4aca-b80d-0dbeda11a55b,BR-86309,premium,2024-05-31,1.5
6dee45f8-9c3f-428e-879e-f6af290ab942,BR-09866,premium,2022-10-02,2.4
38b72469-d35b-45b1-b8ef-121fa787cd5b,BR-59619,premium,2023-07-21,2.8
5c898c27-db9f-41fd-9638-8b163bdc0d9d,BR-61372,standard,2022-04-09,1.3
e68bb1de-f287-4b5b-adeb-7ffb91d1f0bb,BR-91544,standard,2023-05-30,4.0
2ff3ac62-9d65-4bfd-88b4-b3d514a755cd,BR-36082,standard,2024-11-12,1.7
0c74d485-62ee-43fb-a088-69a706c24680,BR-32978,premium,2024-03-18,1.9
12e261fb-70f1-4ac8-be37-eda3cbb983ae,BR-36082,basic,2023-07-12,1.2
91e41237-8dff-4a8c-9ed4-61d468bb6a7c,BR-69633,basic,2024-11-26,1.2
1f2a17a6-bc4a-4727-9104-54a07a9032f7,BR-91544,standard,2024-01-04,2.2
0b158c41-5329-4d53-936a-e861c38fc636,BR-69748,premium,2023-08-22,2.2
6f1c6107-feb8-4a6c-9892-642e523d3bca,BR-77943,standard,2024-12-04,3.3
83458a62-4fad-4080-8a94-5ab77fde92e9,BR-15319,standard,2024-08-28,1.0
3f093a4e-54ed-4d56-89c3-b0609c4a6a8d,BR-75513,premium,2023-04-23,1.4
9234f867-0f11-4d50-b4dc-7ff8918eb5e0,BR-12728,premium,2022-04-03,1.5
09bef02b-f6d1-48f2-a763-39d66bcb6152,BR-77236,premium,2024-01-26,2.1
372cae50-6706-4a2e-b6d4-812a945fe91c,BR-77943,premium,2024-12-08,1.4
be89a67f-4b2b-4b1f-b930-e4c09e74f5a1,BR-67645,premium,2022-11-23,3.6
aa779ee0-8d73-4362-9dc4-da10ab48d168,BR-95600,basic,2024-06-11,1.9
8c06c42b-15e1-4612-a4c4-85a156f31f9b,BR-44827,standard,2023-10-28,1.4
01ed95c9-5f12-4310-9240-f5e2972f116e,BR-46995,basic,2022-11-01,3.9
d91de9cb-d4c9-4b66-b9c5-199e32111890,BR-66075,basic,2022-11-03,3.7
2b160ed1-068f-438d-9cf8-38c6540a168f,BR-50883,premium,2022-12-18,3.4
d6c170d4-6617-46ba-a724-238fd1bc3a13,BR-54802,premium,2023-06-04,4.8
46ab2b29-b1b8-49db-9c42-417243286896,BR-95096,basic,2023-02-03,2.6
97ae9d1c-d6bd-4d8f-8e06-7a0a2631b6ed,BR-51686,standard,2022-06-27,3.8
aa32e6b9-cdc1-4647-b146-3ef4cdef3417,BR-62011,standard,2023-01-21,1.9
4ec8d59e-434b-4a4f-a43d-caebe0327e96,BR-88974,standard,2024-02-11,3.6
094b2c26-a41e-49fb-885b-f00676ed0444,BR-56029,premium,2022-06-17,1.3
8d97d281-0e51-4442-954e-6fd2a2386def,BR-02860,basic,2023-01-20,4.2
8edac027-064a-47b9-9ced-0087ed3fc109,BR-54802,basic,2023-12-19,3.9
1623014c-56a2-40cb-8155-c08e50996ff1,BR-93804,standard,2023-08-22,1.8
f108e09e-7a3a-4996-9f29-e5ecd64942f4,BR-49773,basic,2024-09-09,2.5
066ccaaf-b799-4c34-8109-9f78b5879e6b,BR-06330,premium,2023-09-27,4.1
a7e5a0c1-ac87-43f1-a6cd-1aae3b37e41f,BR-88974,standard,2022-08-14,3.3
e70f0b3c-6775-44e5-b254-4c86f87e333f,BR-51162,standard,2024-12-10,4.2
190e860d-f8d8-4c90-9855-47933d89b600,BR-12610,standard,2024-04-18,2.4
f77519f8-4834-49ac-8949-a38e10f628ce,BR-02252,basic,2025-01-29,1.4
112b5888-e276-482a-8677-e8b8252d734e,BR-65148,premium,2022-04-03,1.0
2c3f1929-1a15-41eb-ae6a-abb0abcb5e80,BR-47149,premium,2023-05-25,3.0
5c98b518-6de0-4778-bf72-cb42053a2ea7,BR-69633,premium,2023-06-15,3.5
22e80cc7-9466-4f59-b793-1e405f353157,BR-03970,basic,2023-09-25,3.5
77e6c8e0-e330-448a-b260-87ba0bfa6429,BR-67645,premium,2023-02-27,1.3
25cdc237-5bcf-409f-916e-7fa0aa586aa0,BR-35232,premium,2024-06-26,1.1
9abbe978-397c-49e6-a6c0-7437c5e4571d,BR-69748,standard,2024-07-26,3.4
2c52d97e-6ab3-4903-9cad-71c969d8b72e,BR-65148,premium,2024-06-30,1.2
a8226ee5-2eeb-40b8-bede-8d4b15172960,BR-51686,standard,2023-06-16,3.2
e7524436-538e-408e-9237-4b79bbc0343b,BR-31589,premium,2024-03-12,2.4
1a254e00-5264-4e33-b82d-fd0796f76807,BR-00594,basic,2023-09-01,2.7
a7578542-caf9-4465-bd64-c90d4041672f,BR-76567,standard,2023-11-28,4.3
a6068ff8-5a5b-4bd9-8759-f4e7205602b5,BR-70799,basic,2024-06-08,1.2
58d8c667-03d5-46b4-aba0-96fae9892de7,BR-27654,standard,2022-09-29,4.2
a92e1e11-0fd5-49a7-a1cb-53b3b6de6b73,BR-35232,standard,2023-07-18,1.4
d105e53f-2050-4314-8d65-dc10552ca0de,BR-77943,standard,2024-12-28,1.9
ee3bada1-f520-4140-b4fd-7f1e0af103e7,BR-65148,basic,2024-12-28,1.9
a148593a-6791-4c54-8aa6-bf8f2a34e49b,BR-27654,standard,2023-11-15,4.0
0f382c55-810d-4beb-8de0-7e95da4cbd57,BR-17362,standard,2024-08-13,5.0
73d76392-27cc-4cf9-84a0-df344ca80a7a,BR-77943,standard,2024-11-27,3.7
5f565a71-0b60-448e-9415-e693071033b8,BR-59470,premium,2024-01-08,3.9
9e70e9fd-e2b2-4a9e-856d-999e07cf671d,BR-75513,basic,2022-12-05,4.9
540dd5e4-c783-4a65-8b31-3a266246683f,BR-75513,basic,2024-08-22,1.8
66b37d22-99d5-4f21-8de6-ab8a261863fa,BR-33047,basic,2023-04-03,3.7
0bf1d1a1-bd1e-418e-924c-3ea85d0b5af8,BR-00594,premium,2024-01-14,2.8
f8860a58-5ea2-4fcd-9a73-fc2f08ad9a56,BR-47149,premium,2025-01-25,1.2
1c6260cb-c90d-4315-8727-1154d76752a1,BR-87340,premium,2023-03-23,1.2
ec9237b6-1fb7-469c-bec7-9e5378398dd9,BR-64012,basic,2024-08-30,1.0
9a7687b3-7fdc-473f-89c1-b585b1b61668,BR-23621,standard,2023-05-19,1.5
451ab30f-570e-4aab-b30d-0c797461baf0,BR-03970,premium,2024-04-12,2.4
7b8cd5a9-6b5e-4bb1-a9bf-fcb78bfe3c31,BR-69748,premium,2023-07-10,2.8
3da4491d-b375-4c1b-83a6-628618f07e77,BR-92688,premium,2023-08-09,3.2
bafdae0f-c08e-4065-ab66-c99a4b31872e,BR-19471,standard,2022-03-11,4.1
77b5bcf9-3fac-4f18-b738-7b69d18cf714,BR-93804,standard,2023-07-03,1.2
0d830b22-04b3-46d9-8c87-687ca4326f6a,BR-12728,standard,2023-08-13,3.1
217a966d-6e19-4d06-86fe-eda95436082e,BR-26756,basic,2022-10-31,3.7
34c810aa-517a-403f-be23-3868480caaa2,BR-16802,premium,2025-02-11,1.3
24a36a12-3e41-4caf-a721-33015972f527,BR-29515,standard,2024-04-11,2.7
7981c33f-8e4c-413f-a1dc-d277d0fc3626,BR-62011,premium,2023-12-09,2.0
87040dc1-ac0a-4b6d-8858-b4cf26426272,BR-32978,standard,2024-07-15,4.0
8131ad1d-fe6f-4ef7-9231-912613b925d7,BR-86309,basic,2022-11-07,2.3
987cf8d9-61f5-47d7-80cf-7e64ff1dfeb0,BR-51162,premium,2022-03-03,3.3
a5bf67f7-a372-4f16-95b5-b5e10a4c8bb8,BR-97370,premium,2025-01-23,3.8
0b158c41-5329-4d53-936a-e861c38fc636,BR-96818,standard,2023-08-16,1.9
99ed91c7-3b21-43e1-b247-be27896ea182,BR-88974,premium,2025-02-06,3.3
dbb8067d-4ab7-4053-8965-a9659914656e,BR-33335,basic,2024-11-24,4.6
2a8785a1-2001-4363-ae9f-75430f00a9f4,BR-39871,premium,2022-06-07,3.7
678f552b-a520-47b4-9444-249c1ff11454,BR-29515,basic,2022-03-17,1.1
e4a5d7b3-fdf5-45fd-a5ea-15b3e01dcb03,BR-51686,standard,2024-09-27,4.5
31f7b144-0f1b-408d-aded-e4a2be90a0ec,BR-87891,standard,2022-11-20,3.7
1c898d27-e53e-4e05-9695-146843b11290,BR-59619,standard,2022-03-16,3.1
5069e54a-6900-4028-979b-6b39068de874,BR-52206,premium,2024-04-24,2.4
78ceab6e-2177-40bc-b0f5-50c36290deb3,BR-91544,standard,2024-03-07,2.6
380c1108-288b-4c18-9e6f-6268463ebdef,BR-91544,standard,2023-06-04,2.5
c0a3ab68-79e9-4f97-98d5-498a4e36547d,BR-35054,standard,2023-10-11,2.2
7b5453b9-0dbb-4b2b-86b8-c5958f8e1f10,BR-33335,premium,2023-08-05,3.0
9e5fca23-c7b7-4613-bc3b-6dd884437ab3,BR-71032,premium,2024-11-12,3.4
d0bbba8e-c570-46de-881e-6c4a7b9ec74d,BR-88974,premium,2023-01-06,3.8
f561dbef-4db2-47cf-baf4-cc792206e1cd,BR-95096,standard,2022-04-20,3.4
0ded0f3b-75fe-4020-a78a-89bfdd9dd373,BR-50883,premium,2023-08-14,1.4
9e7242c2-8ba9-41e5-9865-b010b3ce40ce,BR-51162,basic,2025-01-13,4.8
d4318bf9-6705-49f3-a5c6-6c1cf4a29e32,BR-04892,premium,2023-05-29,3.0
f401da1f-803c-4286-8ded-3f0851b5de88,BR-96818,basic,2023-06-17,3.2
e4ee1831-2f70-48b1-9972-b878a7895c73,BR-87784,standard,2023-03-09,1.7
6741bd5b-d9c8-45e6-b22b-79775287c375,BR-11314,basic,2023-04-05,1.9
c4c77306-764b-4950-ac57-2415db20c9c7,BR-53407,standard,2023-01-27,2.8
22baa645-03af-45c1-92bc-2e0ba21fe43b,BR-03135,premium,2022-09-10,2.0
3d1beaed-0013-46f3-8f0d-6b28f2e98f88,BR-02252,premium,2022-03-20,3.1
9a1d3da4-a155-42f7-97a5-d96df9b13c85,BR-31360,standard,2022-10-16,1.6
6c711239-9fef-479e-8a21-6a5844317836,BR-56029,standard,2024-09-23,2.4
aee70965-db31-4356-91a3-5d84da4f7ecf,BR-12728,premium,2024-07-13,3.9
06e27f8a-0d9b-4a96-828e-36085be5ed37,BR-33047,standard,2023-01-11,4.7
225f5847-2889-4ad0-b645-bd06792e451b,BR-70960,standard,2022-12-07,1.9
915a2260-62e5-4c7a-938e-da85dbccbf63,BR-62011,basic,2022-08-13,4.8
8fd81949-d87b-4c6e-959d-340b18b3a076,BR-27758,standard,2023-11-16,3.0
d6c170d4-6617-46ba-a724-238fd1bc3a13,BR-21828,standard,2023-02-27,2.2
537c1c47-2c2c-4885-bfc5-02e1a60afb13,BR-33047,standard,2022-12-15,4.4
ec016111-8977-44b5-bad8-78e656fcd29f,BR-16746,basic,2024-08-29,5.0
017e5c5a-dc92-4493-80e7-1b62eaae6240,BR-54802,basic,2022-08-20,4.5
a4c9fa93-5bb1-40fa-bc8c-38cb93357030,BR-34639,premium,2022-11-18,3.5
4b1f6cef-3e35-495f-addf-fa9b8d2ddefd,BR-03970,basic,2023-07-29,3.0
0dd019e9-89b4-460a-a25c-6f8f35cc349b,BR-23826,basic,2024-07-27,4.7
21193730-ed93-40e7-af99-9c6bece6e22a,BR-47302,basic,2024-01-12,4.1
e0047f6c-c633-4c14-95b1-9f5dfee50fcf,BR-27654,standard,2024-04-22,3.6
750a89a4-ce1a-4e0f-a78e-625908c14c04,BR-23028,basic,2024-08-15,4.4
fd5d15e5-a22b-4704-ab7e-271658a5026b,BR-29515,basic,2022-10-12,2.9
4e8afb6d-e606-493d-a3bf-90dc7a090d62,BR-16746,premium,2023-03-28,2.8
fdad3588-8d2a-4208-9b03-c0c0ddcab4ab,BR-33610,standard,2023-09-04,1.3
b74f6c88-1df4-4731-98b6-6ab56f71e4c7,BR-40385,standard,2022-04-11,4.8
9815fe5a-3379-4d37-880d-175cd305dd1e,BR-88974,premium,2023-07-07,1.2
9b88c39a-7b56-45eb-b4d4-3d27de6ea676,BR-31589,basic,2023-02-23,3.5
99242bac-8b88-46af-9fa9-dcd41451abcd,BR-46995,basic,2024-04-15,2.6
548d8456-d607-4483-b488-e1d855a41faf,BR-32978,standard,2024-11-19,4.5
6f822569-7014-4af7-bb72-27d3fe1969da,BR-59619,basic,2022-05-15,3.1
972f4e85-d2ae-4232-8d4d-2c8838b4e0da,BR-56029,standard,2023-06-26,1.3
40cc9163-89d7-4b15-9dd0-6b5359ea0a26,BR-95096,premium,2022-04-12,3.4
a3cfdd93-7d2e-449f-a040-3853e53ce34f,BR-32909,premium,2023-07-04,3.9
19a79f4f-183f-41cb-babd-726c0301d5fa,BR-17919,basic,2024-08-22,1.9
663b9b42-4ed5-44a5-bd0f-aa49542f07c9,BR-67704,standard,2022-04-29,1.7
915a2260-62e5-4c7a-938e-da85dbccbf63,BR-63831,premium,2023-10-22,1.2
0c23dca7-1375-4d70-b5d6-a2e4ed0ef3ff,BR-59619,basic,2023-05-07,4.5
e57e0170-473e-4373-b973-339111b1ade8,BR-62011,premium,2023-08-09,2.6
98578c0d-d096-4b9a-97d3-ac3842f8b495,BR-87340,standard,2024-09-15,3.4
c28671a7-2948-47da-9dbf-39ee0db3b72c,BR-47302,premium,2022-05-29,2.3
40275c1e-d165-48d9-af46-2c31bbe773cb,BR-78944,basic,2023-09-01,4.1
8254246f-3b07-4a6b-ace6-36377e59e76c,BR-62011,premium,2025-02-20,3.4
6bffa4db-f984-4af6-821c-99f8e8773564,BR-31589,basic,2022-10-09,2.8
4417a98d-3d81-489f-99e9-a8f7c19c4512,BR-11314,premium,2024-11-23,3.8
5c98b518-6de0-4778-bf72-cb42053a2ea7,BR-03970,premium,2023-04-29,3.0
a5bf67f7-a372-4f16-95b5-b5e10a4c8bb8,BR-17362,basic,2024-09-05,2.9
4e829fe9-0527-4aa1-a0f1-b793c8717619,BR-93804,standard,2023-07-02,4.8
055c0504-4308-468f-8532-ac7ff6748686,BR-16746,premium,2024-02-22,1.5
29662885-8404-4744-ab2f-ce91a7512ca3,BR-26756,premium,2023-04-13,4.2
2d1ca5fa-00bf-42ef-b2ba-315c4b22e6b5,BR-31589,basic,2022-05-17,3.5
d678054a-d19b-4b99-9a3c-eceb5b84f327,BR-47149,premium,2022-08-01,2.3
aebc3bc0-02cb-413b-a85b-e7457230897b,BR-39871,premium,2024-05-17,5.0
451ab30f-570e-4aab-b30d-0c797461baf0,BR-86309,standard,2022-05-26,1.6
0b09b546-e8ce-4689-b21e-e787fa6b529f,BR-86309,basic,2024-11-02,1.2
7c2d8bb3-d232-477a-b2fe-3f85cc9d2d5a,BR-96818,standard,2024-07-31,1.8
b33fb5ff-568c-478f-9b72-a3a22aef5cb1,BR-56029,premium,2022-04-14,3.1
6164b18f-732a-4f32-9140-5334c09a2a53,BR-75513,basic,2023-10-31,2.8
a68f2820-6cd5-44a7-b0bb-0863f597fda7,BR-70960,premium,2023-09-21,3.3
ab10c31d-61c5-4e57-8f02-61b81f126558,BR-27758,premium,2024-08-06,2.4
6dfd27ca-8c5d-40f1-96f3-284fb6eb90fe,BR-33610,standard,2024-03-05,4.7
8efec899-1ecb-4d0b-921e-5e3738b39813,BR-16746,premium,2023-08-24,1.4
8803f8c9-8cf9-4633-8bc3-8febffed8c3f,BR-36784,premium,2024-10-17,1.6
ebf3cbd9-5869-482b-bef6-df25c267edcf,BR-95096,premium,2023-08-28,4.8
0137bfb5-318d-4167-81b2-d8018cda9f14,BR-33335,standard,2022-08-07,1.8
63ca4d5b-abbb-4e0b-bfcc-dc9018a6ae84,BR-44827,premium,2022-04-18,2.4
01ab7c58-8272-4c3c-9217-d5316aff7102,BR-71032,standard,2022-05-13,2.1
90baf649-6f25-4feb-92e0-0bf4b5a61666,BR-23621,standard,2023-01-15,2.0
72a0beed-18f2-4dc3-a36d-b79dcebd4012,BR-87340,premium,2023-11-03,3.6
43f834c9-d8d9-45ca-88a4-fb36b4b089d5,BR-77236,standard,2023-02-20,3.8
8e59aaea-951b-432f-a7ff-8c926aaa545e,BR-02252,standard,2023-04-07,1.8
83c495fb-3138-4fc4-981f-1bbe73c19991,BR-87784,premium,2024-09-16,1.8
d0f484c9-693b-4e65-a45c-5a58df2d95dd,BR-00594,premium,2024-04-07,4.0
bf1d72f5-36d7-4335-a5d6-e63c93fe82b3,BR-37852,basic,2024-09-05,1.0
3288d804-0afe-4c0e-9ca3-3385cf5dcb64,BR-44487,premium,2023-08-02,4.3
1ea564e4-93dd-4468-8019-f425f61ae600,BR-75513,basic,2023-08-07,4.4
e4a5d7b3-fdf5-45fd-a5ea-15b3e01dcb03,BR-06363,basic,2024-01-20,5.0
bef5722d-a2bd-4653-bdf6-8e33903d4216,BR-00594,basic,2024-09-12,2.2
7de338d4-e55e-48dd-8b2e-506a776e0f64,BR-93804,premium,2023-06-29,2.8
47c159ff-0259-4184-bed6-5de1b8af0234,BR-77943,basic,2023-05-27,1.0
1b0986d3-bee5-4d7a-9d25-02f89daa03f0,BR-37852,premium,2023-12-24,2.7
174131bc-4685-4b52-bfc3-5d840fd0a2d9,BR-34639,premium,2024-05-17,2.3
11e9cce0-2950-4133-a38b-b0aec9a21b89,BR-02252,premium,2023-03-31,4.0
2f7368d6-ad3a-4983-a2e4-298a939224fa,BR-67645,standard,2022-04-03,4.6
4e0dd70f-6bfd-47b8-866c-292d1b22a59f,BR-03135,basic,2022-08-18,4.2
7b0f9dbc-b815-4ddb-a995-83dbca24f0d5,BR-78944,standard,2024-06-12,3.0
e87e0f66-a231-4800-9a47-98569e80e7cf,BR-65148,premium,2023-02-11,3.9
1b4052df-326f-45af-8d79-01040fff92e4,BR-75513,basic,2023-11-25,1.8
3faf04e5-0080-4dca-a466-ce14a4e8d16b,BR-12728,basic,2024-11-19,2.1
06e27f8a-0d9b-4a96-828e-36085be5ed37,BR-43674,standard,2023-05-02,1.4
d40b32ec-1ed8-4e7b-8717-6a7b13ee8a2b,BR-02860,basic,2023-07-02,2.0
72ed8d32-4826-47a6-9d28-caa0b1531734,BR-95096,basic,2022-03-17,5.0
6c2116ae-9743-445c-98c1-bafe4f6da4c2,BR-50883,premium,2023-06-05,2.8
06f7bd92-9012-47eb-be9c-7c203939a92a,BR-49773,premium,2023-06-21,3.8
80984d74-4a4b-4f48-a9e2-c14309127fa8,BR-53407,premium,2024-08-27,4.9
b6f66cef-5d58-44b9-8016-a2dd8f29ec63,BR-17919,basic,2024-10-29,3.5
7972a05b-01e1-4d1a-a1db-6c08610f245c,BR-70960,basic,2023-05-13,4.0
23538613-795e-4c88-8df5-d51c640e2c13,BR-46395,premium,2023-05-22,1.6
9cf1705d-bf5b-4d7b-86cd-d7601afd1eb7,BR-62011,premium,2024-08-30,2.3
b1a15f13-d295-4026-98e2-d154b2854642,BR-50883,standard,2022-06-14,4.7
1da86afb-17e7-49d4-be99-bf8907616766,BR-70960,standard,2023-08-08,3.6
1b4052df-326f-45af-8d79-01040fff92e4,BR-46395,premium,2023-06-21,3.1
21b88808-2c7f-43c1-bf4e-6b044d8d7ce0,BR-36082,premium,2023-02-23,4.7
c5eaef65-410d-4b89-83d4-c2fef4539639,BR-32909,standard,2024-05-29,3.1
677bb341-c0cc-421a-b3e6-1747f03a9f5c,BR-77236,basic,2023-08-16,3.0
6fa7c39d-881e-4163-8dd3-67b6e1981b7a,BR-44487,premium,2022-10-30,1.7
5be6f32d-0502-4394-9bb5-74fcdf41dca6,BR-77236,basic,2023-05-16,3.7
7182a8db-c884-4d87-9eb5-1978746c16e9,BR-97370,premium,2023-03-05,3.9
4908a7ef-bd88-44b7-96cd-6cf74bf73dc9,BR-47149,premium,2024-02-18,1.9
9ff2d915-6fb3-4aa2-9ef3-ef44c985e2c6,BR-96818,premium,2024-04-08,4.9
f9f52082-7edc-48ad-af70-ec33aa64a0c1,BR-46395,premium,2022-03-29,3.7
1690bfc4-59cd-4e0e-81bf-5ef29a553f7c,BR-87340,basic,2022-10-14,1.8
9867124c-f653-4d28-b1dd-6f2df8f567f4,BR-59619,premium,2023-01-07,2.4
baafef00-f669-44a3-a864-c20ec00b8867,BR-10307,premium,2024-04-29,1.4
d78a2723-5304-4455-a194-1a5c43c94645,BR-11314,standard,2022-07-06,2.0
39afc996-b9c8-478a-810b-64c429deb411,BR-78944,standard,2022-05-23,2.7
01ed95c9-5f12-4310-9240-f5e2972f116e,BR-47149,premium,2024-06-26,2.6
4d88335c-70b9-48a3-aae8-417dc75e3c4a,BR-87891,standard,2023-05-30,3.9
708334f1-b8aa-4180-8e65-7b0c2a667198,BR-31589,basic,2024-07-24,1.3
d17d8e73-efb5-4756-850d-17d06f62ca9b,BR-87340,basic,2023-04-21,3.8
6b6e19f1-d34d-401b-a0e2-eb168a667735,BR-87784,premium,2022-08-19,4.4
e424b254-d55d-4218-9467-55d38be8a667,BR-27654,standard,2024-04-03,2.2
9b3c0b97-910a-4e2e-8cf8-5ccf65631759,BR-43674,standard,2022-10-10,2.0
77b5bcf9-3fac-4f18-b738-7b69d18cf714,BR-69634,standard,2022-03-05,3.0
27d767d3-7760-4de2-af6f-f48d694c19ba,BR-34639,standard,2023-07-23,3.3
0d830b22-04b3-46d9-8c87-687ca4326f6a,BR-52206,basic,2023-09-11,1.8
77d52548-6840-4b41-897f-234cf1fe9b71,BR-27654,basic,2022-08-22,3.1
4dc8ec1f-dffc-45d9-9a89-e82206d91702,BR-44827,standard,2022-08-21,4.8
7a0e7310-59b7-438e-a385-968c612f68f3,BR-16802,premium,2022-03-25,4.3
8f7e0f59-60aa-4a28-af5f-748dcff44173,BR-63758,premium,2023-05-14,3.4
03e03258-5449-4aa3-9041-45f9ac060447,BR-49773,standard,2024-06-05,3.9
cce38aa4-6e17-4139-b0b5-897c2d43c875,BR-63758,premium,2023-03-03,2.2
bc6a81f2-8998-40ec-8140-298e4213813c,BR-91544,standard,2024-04-16,1.0
9020885a-0bb4-4e97-bb03-0fd5f8420b04,BR-54802,standard,2022-10-26,3.7
9fe6c47b-23f5-4bf7-9380-0d93fb54c6c8,BR-16884,basic,2024-06-02,4.7
4ee808f9-6e53-410b-9107-dc3f19cf68cf,BR-17362,standard,2023-08-17,2.5
ff898d37-c495-4c77-8c80-f891fcd83526,BR-59470,standard,2022-05-10,2.4
1ca88cff-8f32-41f5-9931-59504ac55161,BR-81309,standard,2022-12-13,3.7
143c2c0a-397c-4a0d-a137-9edb8ecdf1ef,BR-70960,basic,2022-07-23,2.1
64cfcd5a-128d-46e4-81d4-c5fff138351b,BR-71032,standard,2023-09-11,2.4
9b0caf79-f953-4613-89b1-91f164676b47,BR-06363,premium,2022-06-09,1.8
3a52a74d-f243-4c76-80a3-369ebb1c5c93,BR-63831,standard,2023-01-28,2.7
7c5ff18b-c213-4eb3-a0a8-9dfa78dc9cd2,BR-23028,premium,2022-12-18,1.9
f170023d-974c-4efe-b4b8-efab2bf637e5,BR-69634,standard,2025-01-30,2.7
b5fd9233-19e0-4c67-bec9-667d23955c2f,BR-44827,standard,2024-10-27,3.8
fb5c4cc7-66fc-4485-affe-a378c7eed013,BR-52206,basic,2022-06-24,4.8
c99805ba-0fb0-4c29-aaa8-2fcc8e48038d,BR-10307,basic,2023-02-12,4.3
468840ac-d5d5-49f0-9a64-8a629ee935e1,BR-34639,standard,2024-10-01,1.1
e9cf33f8-7aa4-441c-bb7b-ca89cf93e8d3,BR-81309,standard,2023-12-03,2.6
a605b0c0-5ee9-4ee1-8525-3abcb4f2c3ba,BR-88974,basic,2023-12-05,4.1
40a5f94b-7ea7-43a7-b5c6-59504f99a37a,BR-70799,standard,2022-11-03,3.3
83c495fb-3138-4fc4-981f-1bbe73c19991,BR-77236,premium,2024-03-20,1.9
e31462d1-367f-4da3-80ca-deb00ee7f44a,BR-31589,standard,2024-02-15,1.4
d101c9a8-2e92-4b0b-8412-caecd6bee8e5,BR-34639,basic,2024-08-07,4.4
07c37bf1-3cd6-4349-8b2b-8d0ca906c0dc,BR-11314,basic,2022-07-10,4.1
0aabbbd9-7516-44fc-b318-e40bf87f4469,BR-02252,premium,2022-11-26,2.5
7b3abc72-60e7-44fb-9f82-1ca101a757cb,BR-50348,premium,2022-07-09,4.2
46e2358e-053d-4295-94b0-498a65858956,BR-69634,premium,2024-05-22,4.7
c5c9a639-461a-408a-a34b-510ab52c8f83,BR-31360,standard,2023-06-17,3.6
2169645e-d244-4351-bfb4-0b64ace340d9,BR-61372,basic,2025-01-22,1.2
ee6f7b17-fc86-49da-a8e9-09d5d917354a,BR-36784,premium,2024-04-09,4.0
023f5a35-22f8-439c-8bcc-fb6ce5063a77,BR-19471,standard,2024-01-23,3.8
fae6851f-79ae-4408-a1ee-a3d5ee52d228,BR-17919,standard,2023-12-15,3.8
39f5348e-1ef8-4dd1-b0f9-2b5f97b0237e,BR-63831,standard,2024-07-02,3.1
00b471b2-0dee-4362-ba75-1c9e1c4982b0,BR-51686,standard,2024-04-07,1.8
7cf15640-4608-4a48-ab40-8f1b5036b89f,BR-53407,premium,2025-01-13,3.1
b73f051f-68dd-4a77-ade1-55419c3a118b,BR-35232,standard,2024-12-08,3.5
515d303a-a4af-4b57-b603-699aefab2b21,BR-36082,basic,2024-10-20,3.2
3a707948-c192-4664-93cd-834fdcfab1b6,BR-02752,basic,2024-09-11,3.0
4ccc2181-40c4-4e68-bc0f-a3dbcf69fe2f,BR-02860,premium,2024-02-04,3.0
55c025b2-6b4f-4b07-a388-0adabd0fdb25,BR-91544,basic,2022-04-27,1.2
9fe6c47b-23f5-4bf7-9380-0d93fb54c6c8,BR-49773,premium,2024-11-19,3.9
cefc4882-5f2d-42ee-a848-2ba19b7baa33,BR-54802,standard,2023-01-01,2.1
c7c2db88-7904-4684-a1b1-22e77fe6b213,BR-71032,standard,2023-11-26,4.0
cb6f4f25-35f4-492f-9ce3-dce9ae07a90d,BR-09866,premium,2024-04-23,3.3
5c487e3a-899c-4fc7-b060-f5c405163139,BR-75513,basic,2023-09-21,3.3
98f2d812-e941-4f69-b14f-662c2bc618ce,BR-19471,basic,2022-12-31,3.1
56472309-08fa-4e36-ad82-f23fe9316ea5,BR-87724,premium,2023-04-14,4.4
6bb7f6a7-6263-404b-b42d-72a44ad04482,BR-87340,standard,2024-02-24,1.7
9065c591-7a76-4e47-a387-89ca036fd615,BR-92688,premium,2023-02-28,1.6
b077e0c4-42dd-440f-bb33-92c1896a68f5,BR-92688,premium,2024-01-18,2.2
f5d3af8d-b1b5-4b3a-a345-c5e5991e5fab,BR-70799,premium,2024-09-19,3.1
ac887d3f-1282-47b0-8cbf-1f0a5abf1c4f,BR-87891,basic,2022-05-16,3.6
547c1973-541f-4563-8377-98be60ecd239,BR-31360,basic,2022-10-20,2.8
2b160ed1-068f-438d-9cf8-38c6540a168f,BR-36082,premium,2023-06-07,4.0
017e5c5a-dc92-4493-80e7-1b62eaae6240,BR-23621,basic,2022-11-30,2.1
ec016111-8977-44b5-bad8-78e656fcd29f,BR-90780,basic,2022-04-02,3.3
c417e63d-5b1a-4bdb-a3df-c808b94cb1a8,BR-17362,premium,2024-01-03,2.2
d5c490d4-196f-48cc-95da-65f669afa336,BR-33335,premium,2022-09-12,2.0
8add69bf-b82c-4c2a-b56b-c4ffca0d6044,BR-75513,premium,2024-09-07,4.6
a31a7ec0-4ce6-4ef0-8ae5-55da322641d3,BR-52206,basic,2023-02-26,3.5
1441bb82-2e34-4cc0-9498-e49759531d54,BR-02860,basic,2024-04-28,3.3
f0cb8de8-63c0-42e8-ae32-307738d0edc7,BR-47149,standard,2024-05-12,4.6
7a0e7310-59b7-438e-a385-968c612f68f3,BR-62011,premium,2023-12-09,1.4
076176f9-2a48-4369-b291-da830d3f8039,BR-10307,basic,2024-04-09,1.3
c8d586bb-8407-47cf-8ae5-e75180f0dd9a,BR-21828,standard,2024-02-15,2.8
6aef2d1d-316e-4b32-a5b5-4e3dd64ced99,BR-47302,basic,2022-08-22,4.1
091060b7-7bb1-40b4-8438-5e3c7667c2cd,BR-33335,standard,2023-11-18,4.3
c1534b38-a077-4a26-9d73-9a8b77b69ba5,BR-69634,premium,2023-02-28,4.9
a471adf1-10b2-4410-bd49-06faa92384c7,BR-96818,basic,2024-05-17,1.2
eb257971-712e-48fc-956d-6998ef9f53c5,BR-66075,standard,2022-05-18,1.6
e6dac418-f4e5-4ed4-a879-e6fc520cf29b,BR-51686,premium,2023-08-27,1.9
803c7975-7027-454b-b61d-7b067c5dd66f,BR-23028,basic,2023-08-19,2.1
67f4f876-b697-4a3b-b15e-ef242008c819,BR-87891,standard,2022-07-26,2.6
426fbbcf-2be1-46c4-874b-49223af44fda,BR-87724,premium,2022-05-05,3.2
55270015-7e99-4a24-9f41-2b0a9039b2cb,BR-17919,standard,2024-12-26,4.9
a550133d-d78a-4abb-9af6-f9a8a037ded9,BR-76567,basic,2022-03-31,4.7
e4ee1831-2f70-48b1-9972-b878a7895c73,BR-04892,premium,2023-11-07,1.6
bf1d72f5-36d7-4335-a5d6-e63c93fe82b3,BR-23028,standard,2023-01-18,1.1
25654996-b49a-4777-8842-df5b8bd6396f,BR-27654,premium,2023-08-17,4.0
4deb7908-baef-4f22-9da5-6cd65e70ac5d,BR-09518,standard,2023-01-27,1.6
3a707948-c192-4664-93cd-834fdcfab1b6,BR-36784,standard,2023-12-19,1.6
ff898d37-c495-4c77-8c80-f891fcd83526,BR-40385,premium,2023-11-10,2.5
b41689bb-9591-4d12-b3f7-8e9101fdc72e,BR-03970,basic,2025-01-07,4.2
0e849008-cef6-4056-b858-d51c9cfd819c,BR-69633,premium,2022-09-19,3.8
6f97d109-94f0-4af1-81cc-807707e2153b,BR-44827,standard,2023-12-16,1.6
0d2d12c1-09ef-4a01-81a7-d635fd9a261a,BR-87891,standard,2024-12-25,3.0
4c404636-0ac1-43ee-9c9c-1fb8f971ef6e,BR-31589,basic,2022-09-20,3.0
d6817c1c-e51e-4bbd-9117-eeb07440fd14,BR-80428,premium,2022-03-23,3.3
99399b06-fe38-4b5b-be6b-98cad02fa768,BR-29515,premium,2023-06-13,2.1
54fbe266-4488-43a2-bf08-7c8e8d19378f,BR-50348,standard,2022-03-07,3.1
4466eeac-5451-4a8c-8dbf-6edc7ead7e18,BR-63758,basic,2023-04-15,2.4
752b3a32-78fb-47c1-876a-712df14d5b18,BR-97370,premium,2023-12-13,2.7
297ab28f-4b5e-46ed-a3cb-2aaec6e6766a,BR-87891,standard,2022-10-17,3.2
40c26294-da75-482e-b21d-efc2c2665feb,BR-29515,standard,2023-07-19,4.9
e32f7939-df49-4307-adce-6d0cea98f281,BR-51686,basic,2024-12-22,2.3
93fd472e-ac38-454c-bf37-3159ea7f0622,BR-44487,standard,2022-03-03,3.5
ba8ea6e2-a499-4d79-8457-8ba82340c28c,BR-49773,premium,2023-08-17,3.5
f0966676-f032-42b6-bc90-90623be062ea,BR-16802,basic,2023-02-27,2.6
e4ee1831-2f70-48b1-9972-b878a7895c73,BR-50348,basic,2023-06-06,3.3
73bc3df8-d3c7-4700-975a-405e6c417ac0,BR-77943,basic,2024-05-11,1.1
7d108a92-f4d8-4e8b-b6c9-4c5b6075605b,BR-69748,basic,2022-06-11,4.0
0313bd0d-7b5a-4ae0-83e6-a2c454ee0b00,BR-33047,standard,2022-03-18,3.9
c8c0fcf8-c15d-452a-8a7e-61226901d461,BR-27654,standard,2022-05-08,4.9
a148593a-6791-4c54-8aa6-bf8f2a34e49b,BR-80428,premium,2022-11-03,4.5
1d44db98-4445-443a-96c8-87892e69c004,BR-64012,standard,2024-04-14,3.9
30e2148c-d350-4b6a-a076-82e916a9d39d,BR-54802,premium,2024-12-06,2.8
96358081-a9d8-4c1d-afd5-d59c28055c69,BR-16884,basic,2024-04-14,2.7
71edc612-beae-4fc1-9496-5bea742f4a58,BR-69748,premium,2022-08-15,2.8
c5c9a639-461a-408a-a34b-510ab52c8f83,BR-78944,premium,2024-05-19,3.8
4a021afb-0fdd-4cf5-b895-a178ebee61f3,BR-39871,standard,2022-09-22,2.4
411f6aec-7ec4-410f-834b-21dfd3f32310,BR-77943,standard,2024-05-02,2.7
f6bfc487-da7d-48e6-bffb-7e3fa2be1a9b,BR-87784,standard,2023-10-12,4.0
5e3fe12b-ac5a-4d65-aba0-6830b425ec83,BR-02752,premium,2024-05-22,4.9
c27259d1-4d20-4e09-b9d0-bdac6e7f10db,BR-02860,premium,2022-04-30,1.8
ffec2b1c-5f24-41a6-876a-a7ac8128b0bd,BR-65148,basic,2023-09-16,4.2
afddb159-c2bf-49a1-a2bc-c9f18c8aec6d,BR-04892,premium,2023-11-20,4.4
82ebade5-835f-4548-b2f9-7805df58e050,BR-67645,premium,2023-07-22,1.4
a4b7d0d0-ef65-42b9-9bb7-2caadebadfe9,BR-34639,basic,2022-06-20,4.0
1583680d-b51d-4087-886f-ead27092c82e,BR-09866,basic,2024-10-24,4.3
b939e90e-189d-4c66-8213-9f3b0684a61a,BR-33534,standard,2023-03-29,3.6
70c0d8a3-ed7d-4b94-abed-d30733202274,BR-23028,basic,2024-02-16,3.9
15f69e78-bf8e-431b-b325-81e20fcf5dab,BR-43674,premium,2024-07-04,4.7
aca95239-f5f6-40b5-bfaa-9b8e03051611,BR-04892,premium,2024-08-02,1.8
687aae5d-a0f1-4d7f-8fcf-85ecf45c49ad,BR-23621,basic,2023-11-10,3.3
969c567a-7da3-4873-ac94-e813128578b0,BR-15319,premium,2023-12-07,4.0
ad068236-52c7-4a04-acc2-4e86e145cd1d,BR-69633,basic,2023-06-18,3.9
64cfcd5a-128d-46e4-81d4-c5fff138351b,BR-06330,premium,2023-08-25,1.7
1079326d-2f4d-4342-aab3-20385fc1be55,BR-02252,basic,2024-03-07,3.5
ffec2b1c-5f24-41a6-876a-a7ac8128b0bd,BR-52206,premium,2024-11-27,1.3
4cf95fb1-b5b2-46a3-8b9c-6f5543afbc60,BR-95096,premium,2025-01-04,4.0
6b6e19f1-d34d-401b-a0e2-eb168a667735,BR-69633,standard,2023-04-13,3.9
c78c56d1-2cbb-454d-8621-a9b3ca2eb326,BR-37852,standard,2022-06-10,1.2
1e547dbb-427e-4f48-be14-e19888e1b73f,BR-69633,basic,2022-05-31,2.2
b5b2697c-622e-4d60-877f-84e0233d91a4,BR-86309,premium,2025-01-29,4.9
215eb695-c1a7-422a-920d-cb15f11a72e3,BR-52206,basic,2023-08-11,1.5
915a2260-62e5-4c7a-938e-da85dbccbf63,BR-29515,basic,2023-06-01,2.7
80b52cec-674c-4cf4-8f40-759adb720505,BR-16746,premium,2022-05-21,3.2
93c26872-4c89-413a-b6b4-f1605e98daa8,BR-35054,standard,2024-03-18,3.2
ae971fd7-f360-49af-939a-8adee10c5b0a,BR-26756,basic,2023-07-05,1.1
998d3705-aae8-43af-b302-dd19a99d5e5d,BR-40385,basic,2024-10-06,1.9
66822cef-2ce7-44e6-a488-6a9a8f5b1833,BR-46995,premium,2023-05-31,4.3
3b90cc85-97fd-4ba7-bdf1-0008259bb96b,BR-21828,basic,2023-12-24,2.8
f979483e-0364-4050-a495-b0d073c89c18,BR-64012,basic,2023-05-22,2.6
0ec897e4-9c4c-4810-b471-0733cdd89d8c,BR-43674,premium,2024-07-06,2.1
76f8e811-c108-471a-8fdc-0372f89cf1d7,BR-29515,premium,2023-02-21,3.4
72a0beed-18f2-4dc3-a36d-b79dcebd4012,BR-88974,standard,2024-01-12,1.3
7450d2d9-bafd-4387-a71f-3538e07fd2ef,BR-43674,standard,2022-03-30,3.1
bcaf7a20-7d33-4399-bbdd-5dd2e941d80a,BR-36082,basic,2023-07-17,1.3
0d24d9d2-3757-45ac-850a-1a419bbc0208,BR-19471,basic,2024-05-24,3.4
dd5880d8-6c14-4519-b12e-c18a04bd971b,BR-52206,basic,2022-07-05,1.7
9b88c39a-7b56-45eb-b4d4-3d27de6ea676,BR-26756,premium,2024-02-20,4.0
7ae67005-316a-4d77-930a-d81ece293cb1,BR-15319,basic,2022-10-20,3.3
138c216e-fc3a-4e2d-a7eb-af2a5a358639,BR-49773,basic,2024-09-03,3.7
8bad73d6-15ed-481e-82aa-c6bbb0e0b08f,BR-12728,basic,2023-05-26,3.6
934383d9-62cf-42ee-9340-33f44791865b,BR-56029,premium,2022-05-05,5.0
6f1c6107-feb8-4a6c-9892-642e523d3bca,BR-69634,basic,2024-09-25,3.8
65c5c95d-9bfd-4c07-aa2e-2e1a9ef951f4,BR-06330,standard,2022-05-23,1.6
93c26872-4c89-413a-b6b4-f1605e98daa8,BR-11314,premium,2024-02-29,3.6
19a79f4f-183f-41cb-babd-726c0301d5fa,BR-54802,standard,2024-08-11,2.2
1adbcd34-ad29-4a48-adf1-3583f1128411,BR-95096,basic,2024-06-02,1.9
cc578972-c0b7-45b3-92d5-eb690e6e140c,BR-90780,basic,2022-07-02,4.6
92c29133-eff8-4679-81aa-42cf6da9834b,BR-47302,premium,2023-03-19,1.0
0f2a0b14-0d4f-4e55-aea1-b5505b506ef4,BR-27758,premium,2024-03-14,2.2
54a4c6c0-60d5-4276-bb8f-9d50ed116a99,BR-47302,standard,2023-11-15,1.6
3a52a74d-f243-4c76-80a3-369ebb1c5c93,BR-34639,standard,2024-12-21,1.6
5ec76d66-9091-45ec-908a-fd4301915f0c,BR-75513,standard,2023-06-25,1.4
658da439-fe6a-47ad-92d7-9007b1a3b350,BR-87891,standard,2022-08-18,3.2
240de43c-2101-4544-8732-ebf2d661dafd,BR-15319,standard,2023-11-10,1.2
c1ff6897-fcf1-4b6b-be29-a1fa8ba2be73,BR-33335,premium,2023-06-18,3.0
4b1f6cef-3e35-495f-addf-fa9b8d2ddefd,BR-46395,premium,2024-10-25,1.2
19551841-7ea2-4a57-8ffc-3c30bedd66bb,BR-59619,standard,2024-01-16,4.7
2cfac7e7-2d84-4cc0-b9c3-de517c219043,BR-90780,premium,2024-07-02,2.2
9dee826a-0fe9-4d86-9f3b-70a3df267011,BR-80428,basic,2022-06-22,2.8
0b5cc3f6-f006-424c-b0f3-4095018449a9,BR-09518,premium,2022-08-28,4.7
9dee826a-0fe9-4d86-9f3b-70a3df267011,BR-92688,premium,2022-05-01,1.1
236574e9-c568-44fb-b7f5-97983a55877c,BR-52206,standard,2024-01-26,1.6
5f9ccdc9-8fe7-4c41-b1ed-5970ef42930a,BR-23826,basic,2024-05-25,3.7
a1e2eaa3-de2b-4f38-8360-3bd3e3dd772d,BR-44827,premium,2024-08-04,4.7
55c025b2-6b4f-4b07-a388-0adabd0fdb25,BR-61372,standard,2023-01-10,4.4
381654ec-729c-4273-b836-919c7a3fce80,BR-67645,premium,2023-11-08,4.8
3288d804-0afe-4c0e-9ca3-3385cf5dcb64,BR-91544,standard,2024-09-17,4.3
e31462d1-367f-4da3-80ca-deb00ee7f44a,BR-69748,basic,2024-09-07,2.7
53249af0-093b-4556-9015-d17d7eb7193a,BR-69633,standard,2023-02-01,3.5
a16a68d1-679b-4bfe-8abd-16d76e37a1bf,BR-19471,premium,2024-01-24,3.3
702f570b-f96c-4d53-81e7-1a710bd68769,BR-93804,basic,2024-11-20,4.5
9867124c-f653-4d28-b1dd-6f2df8f567f4,BR-70799,basic,2022-07-03,3.0
ec8c8d6c-b2f4-43e4-88ec-91053924e0b1,BR-09518,basic,2023-03-12,3.5
63c300d4-5f3c-49a4-aeec-61d7751fdf82,BR-90780,basic,2024-08-12,4.9
92c29133-eff8-4679-81aa-42cf6da9834b,BR-56029,premium,2024-12-19,3.9
8e5a6f5a-acfb-4ff7-8a29-897584c8c7ff,BR-11314,premium,2024-12-17,2.4
e68bb1de-f287-4b5b-adeb-7ffb91d1f0bb,BR-47149,premium,2023-01-28,1.8
02ac9c55-07bb-4ec9-8fc5-8d30231df197,BR-06363,premium,2022-06-29,1.5
d0fbb25e-1f92-49f7-9f3e-1228dc8aad00,BR-46995,premium,2023-12-14,4.4
c29e4fd3-f36c-4fea-af47-6ba333d6c0cf,BR-03135,standard,2023-03-27,4.5
7a0c845b-dae4-4d19-9c9d-9bc00b7cf1de,BR-87891,basic,2023-11-04,1.1
4deb7908-baef-4f22-9da5-6cd65e70ac5d,BR-92688,basic,2024-09-17,4.6
1a254e00-5264-4e33-b82d-fd0796f76807,BR-33534,standard,2024-11-10,2.1
1053fb7a-030d-46a6-a805-fcf43c102691,BR-33534,standard,2024-12-17,4.4
2c511a8b-9552-40ff-93ad-5c30a33ce30b,BR-31589,basic,2023-04-12,3.6
1adbcd34-ad29-4a48-adf1-3583f1128411,BR-00594,basic,2024-06-19,5.0
253a41a7-1399-4d2d-968e-4296734f5873,BR-15319,premium,2024-01-21,4.7
73bc3df8-d3c7-4700-975a-405e6c417ac0,BR-10307,standard,2024-06-05,2.9
aa779ee0-8d73-4362-9dc4-da10ab48d168,BR-71032,basic,2024-08-18,4.3
d78085b0-bb00-4aa4-8a62-471f02feab4a,BR-69748,standard,2024-12-26,2.3
750a89a4-ce1a-4e0f-a78e-625908c14c04,BR-66075,premium,2022-04-21,1.6
0d830b22-04b3-46d9-8c87-687ca4326f6a,BR-15319,basic,2023-09-14,4.5
d0f484c9-693b-4e65-a45c-5a58df2d95dd,BR-36082,premium,2024-05-29,1.9
410a1ffe-88aa-4e2c-9d14-259d414ca8de,BR-23826,basic,2024-12-24,3.6
db4c2679-cc3e-45a5-a8b2-893d0c2ca82d,BR-04892,basic,2023-07-18,4.7
7fde86cf-ba0f-48fd-812c-1aa9de181ab3,BR-31360,standard,2022-10-27,4.0
9b6d46b4-ee56-43d5-bf84-4615b9fff7a3,BR-33534,premium,2022-08-07,2.0
30e38853-5b85-4c0f-b3c5-cf99627da43c,BR-33610,basic,2024-12-24,1.6
b5fd9233-19e0-4c67-bec9-667d23955c2f,BR-33534,standard,2024-01-17,1.7
4b94669a-0b13-42fd-a1c6-80cafcd6f598,BR-02860,premium,2024-02-11,4.0
62319e18-05b4-4363-b03c-ee7243772b6e,BR-59619,standard,2022-12-16,4.6
1dfee47d-775c-4724-8133-32726a7b13ff,BR-63758,basic,2024-01-03,1.8
aa51b224-2637-4529-bf46-0ad62e63ec85,BR-02752,premium,2024-12-31,2.1
a07da5ec-6f19-473e-93e1-a01484c0d941,BR-35232,standard,2022-03-23,1.9
8d135ad8-a117-4e60-99e7-ae840aabc677,BR-96818,premium,2023-10-25,4.2
2cc5021b-23ee-4186-a48e-9f32e4727065,BR-33335,premium,2023-03-27,3.9
85a20939-ba57-4fd4-85ea-aeb5cfe95d21,BR-09518,basic,2025-02-17,3.3
3ebb2365-ac01-491a-8991-53825c421ef3,BR-92688,standard,2022-07-09,3.7
3a858c23-85f0-4421-af31-d3f87171ae1e,BR-11314,standard,2024-08-15,3.6
eda45568-a045-4060-b883-e5c8710612ee,BR-12610,basic,2022-06-07,1.9
a4b7d0d0-ef65-42b9-9bb7-2caadebadfe9,BR-51162,standard,2023-07-03,4.3
322c5f8d-eef8-42c5-a58e-74f8b1d1bf71,BR-97370,basic,2024-01-30,3.7
a64f144b-91a8-405e-b4c2-4a7c1e306851,BR-19471,standard,2025-02-13,3.2
d2e7b920-c2a8-4c45-bc35-76ba1585f022,BR-87891,premium,2024-06-24,2.4
c984cb98-c0d7-47cf-aee9-f991fac728fa,BR-06363,premium,2024-03-14,2.4
32c2b603-1a7d-4197-86df-bf8d3e309c3e,BR-21828,premium,2022-05-07,3.4
e6588a6e-cbe9-4d3b-b8b0-6094fc2c7924,BR-27758,basic,2024-03-15,1.1
096e9f56-369e-4876-b909-37a797d017ed,BR-69634,basic,2024-09-26,2.1
0d732010-2062-4c72-992f-bb9edb6de6f6,BR-23028,basic,2022-08-31,4.4
8db08907-9936-44f8-90a3-747a6c68215e,BR-62011,premium,2023-11-01,2.8
dd134e29-0265-42c5-9ac3-2167adb948af,BR-26756,premium,2024-11-22,1.3
2db718ee-f0ce-414d-aa3c-c420b77c2734,BR-50348,premium,2024-11-05,3.8
a60fc713-a709-46e8-85de-91e1e2b0c4c7,BR-80428,standard,2023-09-04,2.3
8e2a62ac-51c9-43cf-86a5-aaaea2e994a7,BR-37852,standard,2023-12-27,4.5
0d47d0f1-5d7b-4469-9e31-551586c9a63e,BR-61372,premium,2024-04-29,1.0
338d85b8-2ca6-4881-9a45-35e901a5670c,BR-71032,standard,2023-09-29,1.8
146e6bc8-4215-429c-af49-bb9653178c1e,BR-31589,standard,2023-12-27,4.8
c4372e7b-93b8-4044-b945-1867fec47fb0,BR-54802,basic,2023-06-17,4.5
f3f1a6ed-bdba-4364-a0ec-c18df1073a73,BR-23621,basic,2023-05-15,2.5
961f7608-dae8-40b7-8f8e-c481b20105e3,BR-50883,basic,2024-10-25,2.1
cb92b954-b2fa-4770-ae84-ac9d9958548e,BR-16884,basic,2023-12-02,1.8
5c99f179-90e2-4bf9-8b53-2989fe250052,BR-69634,premium,2022-07-18,2.0
41999676-2f39-47fc-8b0c-3e1da87511b4,BR-33047,premium,2025-01-27,1.2
2f7368d6-ad3a-4983-a2e4-298a939224fa,BR-63831,premium,2023-05-17,3.9
5053d3fe-8d47-4cb6-a122-5b2ea0f0feb7,BR-87891,premium,2022-08-02,2.1
119d85a3-2301-48e0-9097-dfca49481680,BR-23621,standard,2024-06-14,4.2
263bea46-d9b3-4db4-9ad4-03169a41a560,BR-77236,basic,2022-04-28,2.7
7fde86cf-ba0f-48fd-812c-1aa9de181ab3,BR-35232,basic,2022-03-02,1.1
dc4fdb09-80d1-4cf0-951c-36a9001aa74e,BR-11314,premium,2023-07-21,4.1
cb9c7ef3-92d5-489f-8abf-48183a2b866a,BR-95096,premium,2023-04-13,2.2
8a2f5afd-cd54-4d37-ac03-a06a7630dc1c,BR-43674,basic,2022-10-29,2.7
f6a02a09-66e0-4e42-9e8d-2c80e80cb91d,BR-35232,standard,2023-11-16,2.4
d5b63592-bb06-41e7-9ff7-fefa1b86af8e,BR-75513,premium,2022-09-25,4.4
6ec154b6-3a9e-4192-9edd-a471ba2881d1,BR-91544,standard,2022-12-21,1.8
4e34d735-a848-40d7-ae3f-bf15d3893d12,BR-23826,premium,2024-03-01,4.3
8366a0c6-fd43-4065-825c-10b45cdc20cd,BR-69748,standard,2022-03-04,1.4
8f7e0f59-60aa-4a28-af5f-748dcff44173,BR-87724,premium,2022-12-12,2.0
6cfbfa36-54f6-4da2-a490-f44208dd1c64,BR-27654,basic,2024-05-19,1.2
3afee951-c308-400d-baae-c1dbe2a0d30d,BR-33610,basic,2023-06-12,1.8
8d135ad8-a117-4e60-99e7-ae840aabc677,BR-09518,standard,2022-08-09,4.4
40a5f94b-7ea7-43a7-b5c6-59504f99a37a,BR-27758,premium,2023-03-14,2.4
dba75944-74d9-474e-8ccb-c4a4d3eb7856,BR-97370,premium,2024-03-22,1.6
11df61ae-dc2d-4fd1-a8c0-b92c534f0642,BR-15319,standard,2023-08-30,1.1
b0663500-b718-4e25-b0b3-783ae3c57ca4,BR-51686,basic,2022-03-14,3.0
56fc0920-0a71-4229-aa92-9fa14e5fe768,BR-34639,basic,2022-03-21,3.1
69b4b440-6e36-46e7-ba63-c40c84a77e39,BR-44487,premium,2023-06-07,2.4
e68fb319-c72d-40a1-b4bc-2f0a58871683,BR-46995,basic,2024-01-18,1.2
7515832e-ac31-4611-a2d0-e23470b9f0f8,BR-61372,standard,2022-11-11,2.2
902f236f-4409-456f-89c4-6e0d4d689887,BR-47149,standard,2024-02-06,3.3
0d830b22-04b3-46d9-8c87-687ca4326f6a,BR-27758,basic,2023-05-05,3.0
0a646c6b-a015-4116-972c-82879e09bebc,BR-66075,basic,2022-09-17,1.9
a3b1ba4b-1851-4ebc-b6f5-f0abeafc7e34,BR-09518,standard,2022-08-31,4.5
fb31463c-d4b6-48e0-b46a-2e4f17dc88c1,BR-91544,basic,2022-04-14,3.4
c791c8f0-a176-40e6-94f4-2552ed7abb19,BR-34639,basic,2023-06-10,3.5
a8dcc64b-fbdc-4086-a0c6-6cee4a45efe7,BR-15319,premium,2025-01-14,3.5
c3655c1a-e28f-4be5-aadb-9514750cb860,BR-52206,premium,2022-11-07,2.4
de821a87-7861-4ac2-8628-cdf8b37d1e3f,BR-86309,standard,2023-08-22,4.0
63589602-2912-41df-9a6a-26431df4a3f7,BR-06330,standard,2023-06-21,4.3
a148593a-6791-4c54-8aa6-bf8f2a34e49b,BR-40385,premium,2022-09-06,3.9
3a5882c7-4b3a-43cd-ab5e-ab7842ab3b56,BR-32909,standard,2024-06-25,1.9
8ab35feb-aad4-4e7a-bec3-7a56d2056dd4,BR-47302,basic,2024-10-09,1.4
a3cfdd93-7d2e-449f-a040-3853e53ce34f,BR-23028,basic,2022-10-30,4.7
5d20a7d4-3d2e-4151-ac64-0843dead2633,BR-65148,basic,2022-06-02,2.6
4394db47-c32c-4468-8c19-679c9b4df4a3,BR-12610,standard,2022-12-03,1.9
76f8e811-c108-471a-8fdc-0372f89cf1d7,BR-59470,premium,2023-03-26,1.4
7c6e925b-7ca7-4c1d-aa96-047d1904ef0e,BR-33047,premium,2024-04-30,1.6
d58db261-047e-4342-af8a-648310db810e,BR-16802,premium,2024-08-30,1.2
ed74514a-9820-4cdf-9f5d-bcf60e232985,BR-77236,premium,2022-06-14,1.9
f369e4d4-8e88-4dec-ad4c-b6ad2cbd1090,BR-56029,premium,2022-05-23,3.6
4908a7ef-bd88-44b7-96cd-6cf74bf73dc9,BR-34639,standard,2023-03-17,2.5
0680c2a5-59aa-4b3a-be1d-22f80be61cad,BR-91544,basic,2023-01-18,4.2
2d31a696-21d0-4bcd-985b-cacb6ac13d7b,BR-16884,standard,2023-05-24,4.6
66ee27cf-7b15-4593-bd9f-202d8b03437e,BR-87891,standard,2023-09-15,4.0
899ab935-89e9-40f8-a636-2adca44e1453,BR-67645,premium,2023-05-30,4.8
f5af3d5d-2423-44e4-90c5-6a35f81c7656,BR-31360,standard,2024-05-08,4.7
22e95cb9-2890-4b23-ad1e-3a67da11d455,BR-95600,basic,2024-08-14,4.6
5fe788f1-bf86-434a-9764-21542e80905e,BR-49773,standard,2023-10-24,1.1
fae6851f-79ae-4408-a1ee-a3d5ee52d228,BR-65148,premium,2023-11-13,3.2
2a79954d-e249-4dcc-b3aa-cc0c85900f9d,BR-47149,basic,2024-04-29,3.2
b1495de1-3abf-4937-bf54-966d1d268481,BR-02752,premium,2022-07-07,1.9
cd6cfb7e-ba3a-4360-a1a4-841e6d0aa8f1,BR-70960,premium,2022-10-03,3.3
76a75218-cf5b-49ab-ad21-0be663ffa187,BR-77236,basic,2022-11-23,3.1
119a70ea-6f0b-4c53-958d-8bede5939e37,BR-33534,standard,2023-06-09,1.9
2fb8a6b4-1ee3-47b1-ad20-936915a88d66,BR-65148,standard,2023-07-24,1.5
a07da5ec-6f19-473e-93e1-a01484c0d941,BR-36784,standard,2023-02-21,2.4
3d0fbc42-7a84-4265-8e8b-2fc745bb76d6,BR-27758,standard,2024-02-14,2.7
9958a4e4-f812-4652-83e3-b5d52a74912d,BR-17919,premium,2023-07-03,4.0
3f20d139-1a92-458f-a6cb-f5a939bb50aa,BR-40385,basic,2023-07-05,2.8
d81e9372-e66e-4d60-8876-8d37d626f89e,BR-12728,premium,2024-08-24,1.8
15703aa5-7e0a-46d5-9101-67501301d11c,BR-75513,premium,2022-03-06,4.0
d8a03fa1-bc29-433d-acae-e639f8e9c658,BR-51162,standard,2022-06-07,3.4
f9a0bf0f-205c-4868-9689-ff7728f4495d,BR-44487,standard,2023-02-23,4.9
efe936d0-c369-493c-84a5-d5103e2f36c7,BR-33534,premium,2022-11-13,2.5
35160c56-b410-4efb-9df8-82b51b8eeb76,BR-37852,standard,2022-08-16,3.5
8edac027-064a-47b9-9ced-0087ed3fc109,BR-88974,basic,2023-01-09,4.7
987cf8d9-61f5-47d7-80cf-7e64ff1dfeb0,BR-26756,basic,2024-01-17,3.9
5b9d8837-213b-4531-816a-d32431154d59,BR-33534,basic,2023-01-15,1.4
266610f7-f21c-4393-9658-953e879dbec4,BR-27654,standard,2023-07-15,3.9
