trustorId,trusteeId,trustLevel,since,verificationMethod
7e29f62d-bfb0-43b5-873d-c1f2127d90da,58527cb0-391a-4577-968f-3d41e0a33593,1,2022-05-01,biometric
ba8ea6e2-a499-4d79-8457-8ba82340c28c,1f3fec0d-051b-4bdc-8bbc-64000997342d,4,2025-02-15,manual
66d93b46-3661-4190-a731-c073baffd379,2f2dd61d-fefc-4411-9997-ddebc6b7f25d,1,2023-12-05,document
e42a6ab5-eaf2-441b-892c-cfde12a6382b,91e41237-8dff-4a8c-9ed4-61d468bb6a7c,1,2024-11-01,biometric
05c89fad-1d29-435b-8bfc-bc2148de2d12,8d1cef1a-9cfe-4603-8e16-e847af6d21cf,4,2021-03-29,biometric
0cf43258-57dd-4014-9364-6b0f06ddaaa3,6ff1c215-6867-4634-a5e0-d54db556d220,3,2022-04-17,manual
7972a05b-01e1-4d1a-a1db-6c08610f245c,236574e9-c568-44fb-b7f5-97983a55877c,3,2024-01-02,biometric
23f835c1-3a41-4afb-bb3a-ee37d4691cb5,ca7b9d5d-e281-4d7c-b0b7-612112e9ebb1,4,2022-08-06,manual
9be53cdf-3687-497d-897e-1b2a9de8b4d6,7ed6591c-5051-42fa-9e3c-b854a3c85ee7,3,2022-03-08,manual
aee69507-19fd-4f78-a977-988981678103,e992d160-0577-4756-aea1-957c0df5201f,2,2020-09-27,biometric
bb36351e-dc5a-4152-8133-7945ace6f00b,9fec1cc6-a78a-4a09-b9e5-d9c30647c1ef,2,2023-11-12,biometric
2831249c-38fc-4ddf-8cc2-3435d5edcb77,b711c627-3d8c-4749-b444-4712a0e8f7e2,5,2024-03-04,document
0c171fad-6be7-4527-b471-f8f510776e64,2c52d97e-6ab3-4903-9cad-71c969d8b72e,3,2024-06-29,biometric
454e1f85-8574-42e1-adcc-ab4cb8a42d23,0fc297e6-840d-463a-a9bc-86c6b9178d5d,4,2022-07-27,manual
5e923810-43f9-4677-a44b-cfdae9b24a1c,9d6e7334-f962-45c9-8faa-f956704796fa,3,2020-03-06,document
35160c56-b410-4efb-9df8-82b51b8eeb76,71edc612-beae-4fc1-9496-5bea742f4a58,2,2020-12-07,biometric
53281ec6-9389-444c-bbe4-1fdf00289c1f,297ab28f-4b5e-46ed-a3cb-2aaec6e6766a,3,2024-07-16,manual
25654996-b49a-4777-8842-df5b8bd6396f,94002b70-4458-4a69-9bb4-da1de131a1bf,5,2022-03-24,manual
275c03cf-8dd3-47a2-ac18-c97e7257b7b9,d5be08e7-513a-40a7-a6b9-8fed3ab472a0,2,2021-07-26,manual
c76fe73a-f4c4-4b03-8aa3-583976c5e73c,86503ad8-8e8b-413a-bc52-dd81f25f148f,2,2023-11-27,document
484ca83e-3f7a-42b0-91a0-79c6eee0c976,70873d17-0390-4721-850e-2a831483e72c,1,2022-10-25,biometric
bf712fd8-10f0-4e8b-9b96-dae8bebe5e78,dfcb8002-61ed-4faa-9007-d5c8fcf53345,3,2022-08-03,document
2b8bb364-061e-415b-8cad-0560ce3136bf,8bb6b775-104d-4e3a-af69-ca7bbed07815,5,2024-09-11,biometric
283c6821-501d-4383-ad14-310a21db0b5a,ebc08f36-ec66-4632-be9f-bd67a5d3c86a,2,2021-10-03,document
c76fe73a-f4c4-4b03-8aa3-583976c5e73c,1fa678ec-206b-4367-9623-c46785306ea2,4,2021-02-03,document
1582cb83-9d27-4720-b474-4582c6b28c7c,0812addc-c945-4778-b979-a25b409c9c43,1,2022-12-14,biometric
a6781a57-2501-44e3-a902-a1df0eb08f34,8e2a62ac-51c9-43cf-86a5-aaaea2e994a7,3,2024-11-22,manual
1fa678ec-206b-4367-9623-c46785306ea2,d78a2723-5304-4455-a194-1a5c43c94645,4,2020-06-26,manual
d981523a-da34-4ba3-b954-7c73943b3d20,ad9dae98-beb1-4fa2-875b-6dd49aaec181,4,2024-01-29,manual
5aff0dba-5fa8-4d7b-955e-f689188ba7a3,ce97e2aa-55f8-472e-a574-ddc8e79b3ea2,2,2020-09-26,manual
58a8d5d9-8ff9-4f2a-95f3-52c1ff115e39,841d9b32-c0c0-4b55-8a41-43dc0f835f37,3,2022-05-29,manual
902df042-01df-47b4-a8e2-d972bee95cf5,eba124eb-b3fb-446b-a601-a37cbea4c658,4,2021-06-05,manual
7c2d8bb3-d232-477a-b2fe-3f85cc9d2d5a,25654996-b49a-4777-8842-df5b8bd6396f,4,2024-03-15,biometric
f46aaa09-b3f0-4c61-9c22-d48a0ca6e90b,3a5882c7-4b3a-43cd-ab5e-ab7842ab3b56,1,2024-02-21,manual
af67aa8b-352b-44fa-8f66-34c6354408df,b033fc45-b636-4b73-a233-527aa7c2fd60,4,2022-05-23,document
4b9e2902-6c58-4541-9887-9e20c19491ce,e57be9f2-e3e1-4213-a796-cdab96f80277,2,2021-08-08,biometric
2d47b79d-88e4-4fe3-b958-712e65d28f26,f0966676-f032-42b6-bc90-90623be062ea,2,2022-01-15,manual
d7290a5a-b90a-4694-8419-30a7d14653c7,a7e5a0c1-ac87-43f1-a6cd-1aae3b37e41f,3,2024-02-25,manual
92e6fcaf-f835-4ef7-95c9-04f9df6fb4f0,8085e346-ebbf-4f15-83cd-a35a96fbc7e7,4,2024-02-07,biometric
48bee2f8-5cf2-49c1-82ce-79314fec85f4,cf3899c3-2826-43f9-8e2a-21727e8dec8e,3,2020-12-28,manual
7fa38acf-19ce-41a4-b66d-96c5c1311d97,98765f74-3fd8-4c69-83ec-398244f9bb38,3,2024-10-14,document
c99805ba-0fb0-4c29-aaa8-2fcc8e48038d,e456c3c6-53df-4333-92d1-d59d6c65d5e1,1,2022-07-21,biometric
04710e21-0054-41a9-a0f7-592a38db8837,d4f316d1-9c4c-4b4c-9419-d4bf9946f64a,1,2023-12-29,biometric
d57092ab-78a2-4451-a98c-05f83bf4c623,8d7bd718-5293-40d7-b767-94711d194b00,5,2020-03-20,document
a63280d0-8c2e-4a19-8d8f-69839d67c309,b75edc1c-b140-4676-b0ac-991f77e2d6b0,4,2024-06-05,biometric
0f20f032-6c9c-4b9c-b936-d5f1358e1824,83e4ced6-d828-40b2-95c1-a6a6eb58fa27,2,2022-05-08,document
143c2c0a-397c-4a0d-a137-9edb8ecdf1ef,6b603604-5832-40d7-b446-1b56633282fd,3,2023-02-26,biometric
678f552b-a520-47b4-9444-249c1ff11454,22b27306-3bc8-4881-bb2e-b6bc4c4a390f,4,2024-06-03,document
b447bb51-6a85-445a-b767-df9bc4d5318a,7f82b084-e3bb-48f5-ba97-a76092fd5156,2,2020-12-28,manual
bfbb7318-c285-4fac-b64a-333e0a132ea1,b1a15f13-d295-4026-98e2-d154b2854642,1,2023-06-06,document
93ea0ff9-13d1-47df-9dbf-f87203b98bb2,4b8aa90b-d142-4015-b170-efd1620a594e,2,2020-06-17,document
a57492dd-0752-4549-bb71-98c913c57802,1f2a17a6-bc4a-4727-9104-54a07a9032f7,2,2023-05-06,document
17b15514-ccf6-4d95-a72a-3f3438b1aae5,e0368d76-a49c-4aae-aeea-688107088a83,5,2020-03-16,biometric
9560c626-cb44-4b41-8e6c-98b43fb6c3bd,5674b7f5-9946-43a1-bc45-25ca261572fc,4,2021-12-11,manual
33d45a5a-e1e4-4270-941e-65d1b8896851,091060b7-7bb1-40b4-8438-5e3c7667c2cd,3,2023-03-23,document
4fc07d24-c966-47d6-a58a-72b3a1886e2e,e1293921-b7a3-4c8c-8ee4-1639e0ca9e2f,1,2020-05-19,manual
bbc7fb97-7cba-489a-810a-1875288141ac,0168fc74-2b5d-40dc-a383-e4064bc0a0ea,3,2022-12-06,document
c5d1ed9c-94a2-446f-a928-48dd3a544fb9,0d2d12c1-09ef-4a01-81a7-d635fd9a261a,1,2022-12-21,document
4f7139bf-bb59-4edd-a5ad-8d6e1f6e5d14,3d391133-7fef-4cee-9b8a-c0e92a3f3a58,1,2023-07-24,document
7c5ff18b-c213-4eb3-a0a8-9dfa78dc9cd2,94b9573a-389a-4c32-b8d2-33adba00f727,3,2023-10-13,biometric
162e48a3-5f3d-46ed-9fa0-405bc4661bf3,c78c56d1-2cbb-454d-8621-a9b3ca2eb326,2,2023-02-11,manual
11616ff2-5101-406a-9ce3-632983b404b1,3a707948-c192-4664-93cd-834fdcfab1b6,2,2023-04-24,document
87b7e97d-f512-430c-95cc-da297ae39d9f,fdf94dfc-ba2d-46b3-8c23-b66af6d9b026,1,2022-08-24,biometric
22e80cc7-9466-4f59-b793-1e405f353157,5794f006-a90c-4f44-b16c-d765a1ada1cf,1,2023-10-30,biometric
70045830-7039-47fa-a40b-dd184f69ccc3,ee6f7b17-fc86-49da-a8e9-09d5d917354a,5,2021-06-07,manual
8035a117-c48c-414d-87a1-265de3416777,890a20fc-bd42-4a81-b8c3-bbf2b9f2335a,1,2020-12-03,biometric
b43a4c35-fc8e-4e3a-8d74-4ebf2c7a89f6,885b84cc-11ad-48f9-b876-794c7966e379,2,2021-09-01,biometric
ed1172be-772e-4a40-95bf-bdd4f57f9aab,9d6e7334-f962-45c9-8faa-f956704796fa,3,2024-06-06,biometric
0950fc1e-ba9d-46e3-a3dd-ca15c64fe4cb,48a0959c-35f7-4372-875f-53271503fa0e,2,2023-03-05,biometric
2be1942a-bf23-4f11-841a-9718aa91351b,3c3db7ab-342d-4d74-ae5d-8075c280f9ec,2,2023-03-05,document
c19aad72-0b9f-4756-9d19-abc8eeaa492d,fe9b4dc8-e2c0-4436-905d-7748d431fe55,4,2022-06-06,biometric
7ac6912f-b88d-4a88-944b-7be09ff54179,0707c48e-f7c2-4025-bc9a-f55e11766591,5,2020-03-18,biometric
6d8810fe-7694-4e2e-ad85-ce8a2d16c96f,508144bf-4ffd-4e79-ad27-4d4a4e0f4105,4,2020-09-30,biometric
78ceab6e-2177-40bc-b0f5-50c36290deb3,aaa42937-c3f3-4c4d-b3d3-437c6213cc23,1,2020-08-14,biometric
3a5b5e54-d35a-4314-b58f-d322721978cf,f8d5b829-a681-4016-9869-24cb856e79b8,3,2020-08-11,manual
b2ae52fd-fbe4-48d7-a714-c82189467ac0,58f76703-1cc5-4880-8cfd-bb82eced9046,2,2021-07-18,manual
1e9d73ee-eedb-443e-a305-936d189d28ff,260112e1-4546-454e-a485-8963be446aba,3,2022-11-06,document
8bb6b775-104d-4e3a-af69-ca7bbed07815,4d692946-6856-42e7-845a-1d340ff3ec01,1,2021-04-11,biometric
93018d0a-58c9-4e96-8b4e-46c8268a7d3d,47cbd7ee-8b9d-456b-927a-297d1745cead,2,2024-08-30,document
66b14ee2-335b-4b74-8ed9-099f3f9f04cd,52286129-0716-4727-93f1-f282bf565175,4,2021-03-04,manual
8557f6e1-72e1-42f6-9014-4c4fa78c97b1,ad9dae98-beb1-4fa2-875b-6dd49aaec181,4,2021-12-27,document
9926be28-dfb7-4861-823f-a467149be583,8e59aaea-951b-432f-a7ff-8c926aaa545e,5,2021-12-17,manual
5add6889-c260-49ee-ada8-9b76f372ed85,bb93c1e8-bc29-4da4-8923-65d55eb43f4f,4,2021-02-21,biometric
a6068ff8-5a5b-4bd9-8759-f4e7205602b5,260112e1-4546-454e-a485-8963be446aba,2,2024-12-04,biometric
ff19b56f-8ed2-4dc3-a57b-df780cca75ed,0b158c41-5329-4d53-936a-e861c38fc636,2,2020-04-21,manual
6aef2d1d-316e-4b32-a5b5-4e3dd64ced99,a73ddf66-76a4-4fa1-a958-07b9606b4f2b,3,2021-06-20,manual
ffa78f68-112a-4c2e-9b36-a1f87652c771,02aef3a7-a1db-4b7e-a446-313fb59d83ae,2,2024-08-13,biometric
a3d8d813-6662-42a4-9b85-e6aab8ed8e6a,abdbf0a3-73c2-4c5f-a6ad-208a10023fda,1,2021-07-18,document
88e81db0-4130-4ad1-ba0e-56f5f6234696,4589c31e-017b-409b-9954-3d0f9de81173,3,2021-02-12,biometric
bfc95ecf-21d6-4500-8b44-1975ff767551,2ff3ac62-9d65-4bfd-88b4-b3d514a755cd,3,2021-11-15,biometric
4400f85f-4e93-4f00-8eb8-53ebff43f53a,1fa9cb7e-c147-4a8c-9212-d3289c1e5566,4,2024-11-20,document
b68b479e-b613-45c0-b5b7-966ecd955629,bc612967-e738-46e6-91ab-5506583fd49b,3,2020-11-21,manual
4d5dda75-869b-4868-a00d-c043ca5dae6b,468840ac-d5d5-49f0-9a64-8a629ee935e1,4,2022-11-20,document
3faf04e5-0080-4dca-a466-ce14a4e8d16b,cc2de13b-d39c-4317-aee7-3a51d5e7218b,4,2020-09-12,manual
119a70ea-6f0b-4c53-958d-8bede5939e37,6ab9b653-de67-4445-8a38-6b50deb97b63,3,2021-09-15,manual
8bb6b775-104d-4e3a-af69-ca7bbed07815,01aff9b0-13d2-4fff-9ea7-e0ad78ab98c1,1,2024-11-24,manual
710c7026-bb1c-4a4e-81bd-1983145e8575,488443e7-694f-4499-8d21-f5c52ae7f8c4,5,2022-07-14,manual
30e2148c-d350-4b6a-a076-82e916a9d39d,9722d798-f082-40bc-9321-4c05261b781f,1,2024-10-27,biometric
52862769-d851-404d-ba55-80ba6702c1e6,4cdf0a7a-d869-40e3-a60b-4935f0365c3f,1,2025-01-04,biometric
881b8151-dc61-4992-a1ad-0271a13cbc11,95a30f5a-b9f5-44a5-b2a3-2a4f30749460,4,2020-07-29,manual
9812aeae-63a8-4b8c-bd69-e69ea6c7e8e7,802fc35c-b7f0-4444-9f9c-bcba4461610d,5,2024-11-21,manual
58527cb0-391a-4577-968f-3d41e0a33593,ee3bada1-f520-4140-b4fd-7f1e0af103e7,1,2024-11-03,biometric
345b5329-2d58-4aca-b80d-0dbeda11a55b,253a41a7-1399-4d2d-968e-4296734f5873,2,2021-07-22,document
f790c8a3-f108-4534-aae6-584cc80e9ddd,79ad0cef-03f9-45f9-86d9-0276654d2de0,2,2020-05-13,biometric
7db04b7a-2963-4c11-a52f-439b448e3262,cb92b954-b2fa-4770-ae84-ac9d9958548e,5,2020-05-03,document
15703aa5-7e0a-46d5-9101-67501301d11c,f8b48db9-76b5-4d26-aec8-c6938a709afd,4,2022-08-15,manual
f4f677b1-ffcd-4813-9468-ccd233be0534,40446358-bcde-40c6-bc00-18c9cfa9f445,2,2024-03-22,document
2f7368d6-ad3a-4983-a2e4-298a939224fa,7b5453b9-0dbb-4b2b-86b8-c5958f8e1f10,2,2024-01-23,document
a77a9f60-8143-4705-9a42-e4688decfa99,aefe39ad-b752-4205-a777-359d4080bdf7,3,2022-06-17,biometric
ada2ee31-769f-48c7-9079-975e8c85cb64,35160c56-b410-4efb-9df8-82b51b8eeb76,3,2024-08-26,biometric
5ff48c2c-e65e-4b86-b3ab-8926563d5d81,4e34d735-a848-40d7-ae3f-bf15d3893d12,4,2021-10-17,manual
6ee2665f-9d29-42b5-ae6c-a00b9e985fca,ebd85cf8-baa4-4513-96a3-caa7bc40d9bb,4,2021-05-10,manual
fae39da5-a244-43a2-940d-4140357d60c3,4deb7908-baef-4f22-9da5-6cd65e70ac5d,1,2021-09-28,biometric
ba674c03-1b77-4893-9fe4-73ea8efbb22b,16bfa5a3-fb3f-490f-8786-1e1c8c2a8308,3,2024-06-03,document
6f822569-7014-4af7-bb72-27d3fe1969da,d14566b2-12e8-45c0-aca5-21ac6f98cffe,1,2022-08-03,document
4d5dda75-869b-4868-a00d-c043ca5dae6b,a60fc713-a709-46e8-85de-91e1e2b0c4c7,2,2022-01-28,document
9bc789e1-5e3b-42c8-963c-4d8cbcba15da,47d68892-a885-437c-ac5e-515eff821359,4,2022-10-16,document
8d0036ee-3595-4348-bdb5-ac5876097312,06f7bd92-9012-47eb-be9c-7c203939a92a,5,2023-09-10,biometric
52106878-31b9-4cff-abb6-a4f0268711dd,267d3226-951d-4e09-ad07-f8a13a3c2b6b,2,2021-03-04,manual
a69e7d5f-e68a-4562-8244-262f4f3b79ef,484ca83e-3f7a-42b0-91a0-79c6eee0c976,5,2021-12-08,biometric
d3e7e9a1-54e9-46c0-b13b-899f83f30039,c0680744-4688-492f-a3f2-50c340281180,2,2022-11-19,manual
9ff2d915-6fb3-4aa2-9ef3-ef44c985e2c6,908864c2-acdf-4803-9b7a-a8d77935f0a8,4,2020-06-22,biometric
6f822569-7014-4af7-bb72-27d3fe1969da,1e34a628-1cb5-4a2d-8bad-46d9b477091d,3,2022-09-07,document
d105e53f-2050-4314-8d65-dc10552ca0de,c6f34b1f-2203-454b-a4e7-634c42f8db69,3,2021-04-30,document
e9c4a69b-d9e6-40f5-ae84-070e596f2955,30799204-babc-48fc-905b-0995c688c2d6,1,2022-01-08,document
e98aa3e8-839a-4b8f-aa5d-2df46be86e9e,0bcac20f-1815-4cfb-ba38-23cc8dbd27b6,4,2020-12-19,manual
016a168d-c284-4a68-8595-996df1b6f977,4931ef3a-fa78-4279-829e-8fbd20a3f1d5,1,2020-09-05,document
961f7608-dae8-40b7-8f8e-c481b20105e3,e52d512f-7e5f-4e12-bcb9-8308b3598adc,5,2023-01-06,biometric
283c6821-501d-4383-ad14-310a21db0b5a,db5bc588-6900-4876-bf2e-f7750f9cfed2,5,2022-01-11,biometric
aba616eb-f1a5-4653-9085-51601a233cc0,0e11e2e6-4bd5-48ce-a91f-174cd8fba3ed,4,2024-06-19,biometric
484ca83e-3f7a-42b0-91a0-79c6eee0c976,78fca84f-036f-4ca5-ab90-0fa9eda6f4e1,5,2020-05-17,manual
57981ba7-a5a7-42dd-af3e-ec740bc71c12,14234bb4-c7f4-4479-bd08-88c53928eaf9,4,2024-01-30,document
f658b5c4-5c07-4de4-be1b-b1d213a0703e,b5b2697c-622e-4d60-877f-84e0233d91a4,3,2024-07-25,biometric
a5bf67f7-a372-4f16-95b5-b5e10a4c8bb8,6cfc7293-7388-4670-8524-1e222b64cf08,2,2022-06-12,document
2be1942a-bf23-4f11-841a-9718aa91351b,ae971fd7-f360-49af-939a-8adee10c5b0a,2,2021-03-10,document
087c4b47-107f-490c-aff3-a6c299ab88a4,0fc297e6-840d-463a-a9bc-86c6b9178d5d,3,2020-06-12,biometric
c2613733-94be-489c-8fe6-835118ad3675,1a254e00-5264-4e33-b82d-fd0796f76807,3,2022-08-08,biometric
b1f9b861-1192-4814-8559-675030fb762f,9b0caf79-f953-4613-89b1-91f164676b47,2,2024-08-30,manual
8bfe5ef1-4688-4527-b3a5-c9cd5eb089bc,01ed95c9-5f12-4310-9240-f5e2972f116e,3,2022-08-21,manual
5f9ccdc9-8fe7-4c41-b1ed-5970ef42930a,e0c9444f-3d54-42a4-bea8-b19a092e5a5f,4,2022-07-20,manual
66822cef-2ce7-44e6-a488-6a9a8f5b1833,eb16794e-5db9-445a-8b5c-39edc6ee3106,4,2022-12-31,document
4b42c563-4de5-4a07-bc11-9e4b94c11937,b5a923e7-f545-4ab5-b0ce-16cd591d9506,1,2022-08-25,manual
8efec899-1ecb-4d0b-921e-5e3738b39813,0e11e2e6-4bd5-48ce-a91f-174cd8fba3ed,4,2024-04-29,biometric
abc4ef39-d560-4d8c-8a75-e40cb6e2cb28,9cef8c62-9516-4481-a2d3-8dda1a898b22,5,2021-02-28,manual
75b9e3e2-8354-40e0-9be7-6316a92cf9cb,b1a15f13-d295-4026-98e2-d154b2854642,4,2024-02-25,document
e285e6d4-ba05-4ec6-8dbb-388b5b920237,1de9aa37-c624-45fd-84dc-48b9fc840647,1,2020-06-07,document
bafdae0f-c08e-4065-ab66-c99a4b31872e,e2f758a7-0c5a-402d-a67d-24747bb05012,4,2020-02-29,biometric
c4ba125c-493c-4603-92f3-1361b99c3c7f,bbc7fb97-7cba-489a-810a-1875288141ac,4,2021-05-30,manual
e7524436-538e-408e-9237-4b79bbc0343b,65434446-2b65-4f49-abe0-a545c792ed52,5,2024-10-30,document
b913e6c3-3ffb-4b6c-9780-a1bf2b199c0b,8bb6b775-104d-4e3a-af69-ca7bbed07815,1,2024-03-29,manual
88e81db0-4130-4ad1-ba0e-56f5f6234696,77e6c8e0-e330-448a-b260-87ba0bfa6429,3,2022-07-04,biometric
9770cb2e-21ea-4fbc-84fd-5b589330ed8b,174131bc-4685-4b52-bfc3-5d840fd0a2d9,5,2024-03-03,manual
59639080-1be4-4270-a6b3-4bb11ae98d93,c8d1c6ef-1da3-42a4-a950-601cde620138,3,2022-03-03,manual
8f5a2ed0-d72e-49e8-a206-c27f84d28672,3a5b5e54-d35a-4314-b58f-d322721978cf,1,2024-11-08,biometric
172e4280-0a97-4f31-9404-7f5dccf47c22,d841f421-43f5-4843-a6ab-c311ca796abb,5,2021-10-15,biometric
45b3937d-4e1b-48c1-b834-5585b8e1aeac,0b5cc3f6-f006-424c-b0f3-4095018449a9,2,2022-03-03,biometric
cd546c5b-536e-40c4-8659-399845c7c6c0,07618b68-fc4f-47c6-aca1-13eb6733712b,4,2023-05-05,manual
40cc9163-89d7-4b15-9dd0-6b5359ea0a26,6de9efa6-2ad1-433b-8209-f924c408f966,3,2021-02-13,biometric
73c963e4-1fdb-4ef5-9943-6a8d05e097a7,e5873f71-f0a5-4ead-97f7-4eb93fadd541,2,2024-12-04,biometric
3d6d03f8-2742-4106-92ef-8b515bbf090b,47e770aa-b48e-4497-a88e-582b93b3331a,3,2025-01-07,biometric
7b4e8e20-99c8-4460-911f-b2835ba3c2c7,95a82b24-87ec-442d-ad48-cf88934d3f71,4,2020-11-15,biometric
babdab39-3c57-4ef6-8148-9de156b1025c,31656ac3-2945-4262-a002-055eb0189f52,3,2023-03-11,document
21b9602a-f896-4124-a7f0-e6fb77d8d48f,0b09b546-e8ce-4689-b21e-e787fa6b529f,2,2024-09-17,document
ad068236-52c7-4a04-acc2-4e86e145cd1d,044b1944-4d44-4953-b2a4-ad616861f0d9,4,2021-02-13,document
24511805-255c-4d0f-8094-43b14bca93be,eca09f31-3e5d-494d-adca-267cf4406b20,4,2022-12-13,biometric
ddf69b80-e4dd-4600-b776-460684d70cde,253a41a7-1399-4d2d-968e-4296734f5873,3,2022-03-27,document
8e6db76f-7fe2-4fdc-91ba-21fab9221a74,d1b8f147-136d-46fe-9d72-d8505a9caaae,4,2020-11-11,biometric
4f95d13c-3cbe-49ec-964b-f862e9e3ae62,cd219b3c-a1f7-4d59-bbe9-82e958e5a39f,3,2022-12-29,document
57981ba7-a5a7-42dd-af3e-ec740bc71c12,b216e705-5737-4e77-9fc1-5b68e3b2c25b,5,2020-12-09,manual
fac669be-7258-4c0c-b418-fd0530989834,21d76be5-1fee-4db4-8e90-7f00cb49d402,2,2024-01-09,biometric
6342b99b-8dc8-490d-9a4e-70a56a32cd89,7af07864-d47b-49f6-811f-61659c33118a,5,2024-02-15,document
cd7895f3-e266-4623-aa34-9259e4cbe8a7,f3f1a6ed-bdba-4364-a0ec-c18df1073a73,3,2020-06-17,manual
7fa38acf-19ce-41a4-b66d-96c5c1311d97,fb184ff3-1c52-443a-96c4-a32f37495c13,2,2021-06-02,biometric
162ad8ee-6a79-4edd-995e-057e46db359d,39afc996-b9c8-478a-810b-64c429deb411,3,2023-08-03,document
e453dc68-dd80-4eca-8518-54bfc5576252,cd7895f3-e266-4623-aa34-9259e4cbe8a7,5,2024-06-07,manual
df8ad75b-5998-4cd0-9d45-97c25ea2e31b,d595673d-a613-466c-b0de-16ac5310e8f9,2,2021-11-29,manual
04e1458c-34f3-4ef0-997e-80c9366cc2af,3d1beaed-0013-46f3-8f0d-6b28f2e98f88,5,2020-03-06,biometric
93ae54a9-6f32-4b9b-992e-7510f62e4442,01aff9b0-13d2-4fff-9ea7-e0ad78ab98c1,1,2020-07-18,document
0be0f674-d77b-41f3-95fc-a5250a54bfc0,1623014c-56a2-40cb-8155-c08e50996ff1,2,2023-03-22,manual
c7987a17-8e46-4313-9c9f-d87bd56b69f5,6bb7f6a7-6263-404b-b42d-72a44ad04482,5,2020-11-02,biometric
e31462d1-367f-4da3-80ca-deb00ee7f44a,85820421-817c-4cdb-a192-dd79ac3ff194,5,2021-10-31,biometric
1ea564e4-93dd-4468-8019-f425f61ae600,dc4fdb09-80d1-4cf0-951c-36a9001aa74e,2,2023-06-14,manual
2ef48007-23a2-4c54-aa01-1f0fb304cf58,95a30f5a-b9f5-44a5-b2a3-2a4f30749460,4,2021-11-23,document
ba1e4bf2-0814-4d73-a8a6-ea371b2c49c6,5e3fe12b-ac5a-4d65-aba0-6830b425ec83,3,2023-07-15,biometric
121c3adf-bd9d-4259-b424-e71c7c44be1e,fa54b380-9eca-4dd3-bc48-e2e7322d81a9,2,2020-09-22,biometric
e4f3b842-e061-4014-9f87-b43033d451d6,37633873-3fdb-4e98-9f84-b59a3253d3ed,5,2025-02-16,biometric
aa32e6b9-cdc1-4647-b146-3ef4cdef3417,428a3afa-0539-48c4-bf55-f7e1b6a56a51,1,2021-03-03,manual
f77519f8-4834-49ac-8949-a38e10f628ce,ad1804c2-1bad-4193-b520-ee7ad9ab58b6,1,2023-12-04,manual
7fbc9a13-29c4-446f-87d5-8fdaafc7cb9d,26036c5c-719c-49f1-8349-a38acee437cc,1,2022-05-04,biometric
93ea0ff9-13d1-47df-9dbf-f87203b98bb2,d62765d1-8711-4fd4-a9ff-170f35b63fc1,3,2023-05-18,biometric
170d204b-4fd9-421a-8e6b-a8bc8e91e0f9,dbb8067d-4ab7-4053-8965-a9659914656e,4,2024-06-15,biometric
00b471b2-0dee-4362-ba75-1c9e1c4982b0,e0c9444f-3d54-42a4-bea8-b19a092e5a5f,4,2024-06-24,manual
087e8c95-83a4-4029-b5d7-fdbcf227b28d,217a966d-6e19-4d06-86fe-eda95436082e,3,2021-12-27,biometric
ad1804c2-1bad-4193-b520-ee7ad9ab58b6,55af2adf-f836-43a3-966b-3ad192090cbe,5,2023-09-20,biometric
b0522849-da93-409e-a34a-80a8dcf280c1,aee69507-19fd-4f78-a977-988981678103,5,2023-09-13,biometric
9722d798-f082-40bc-9321-4c05261b781f,e70079e2-ab81-4dcf-a39d-cb763d2fe501,1,2024-10-10,biometric
c3d320c5-39b7-45e1-aa40-9b098c5812b5,ffa78f68-112a-4c2e-9b36-a1f87652c771,1,2021-09-24,biometric
f9a0bf0f-205c-4868-9689-ff7728f4495d,e453dc68-dd80-4eca-8518-54bfc5576252,2,2020-04-09,document
73021875-108b-47d0-8051-f58773950ae0,51e77e35-cc0c-413a-abcb-d58e2f104029,5,2022-10-26,document
19814aff-72c2-4ee6-8381-7771b84e1ea1,d3ef211b-cad0-4f79-a062-d1489a2babc5,1,2023-03-17,biometric
d226a893-72c1-43d2-a31d-25eadf42b592,f927dbbf-45b3-42c9-83ed-073cc3721189,2,2024-08-22,document
c48b95a3-d72f-410a-98df-dba5fc3923e3,bae19781-fbe1-4cc1-a20e-a994bd9a33fe,1,2024-10-18,manual
7a1e876a-8b49-4e70-93a3-c0982d82d03c,e992d160-0577-4756-aea1-957c0df5201f,5,2021-03-21,document
70873d17-0390-4721-850e-2a831483e72c,d342dbbf-c0c2-408c-b177-2b5183ab7976,5,2021-04-02,biometric
be2a62ae-b319-49fc-bf29-b936e6ab29ea,98578c0d-d096-4b9a-97d3-ac3842f8b495,4,2023-02-14,biometric
81af1450-d449-478c-b010-b7775fde8705,bd75b83e-18b7-472e-9125-51a0a7a44955,2,2023-02-21,document
11e9cce0-2950-4133-a38b-b0aec9a21b89,9a1d3da4-a155-42f7-97a5-d96df9b13c85,4,2023-11-01,manual
8b13bb65-c61b-4d30-a7ca-0bafa335d4f9,692aab02-7d14-4592-a616-28c885280ca5,1,2021-02-12,document
a0b40530-4bf7-40f1-867e-33730915c409,708334f1-b8aa-4180-8e65-7b0c2a667198,3,2021-12-03,manual
61ad840b-1073-4f69-afde-a53ddaebbaf8,3869f722-d652-4ce1-b2f1-2383890c430e,1,2023-10-20,manual
a3cfdd93-7d2e-449f-a040-3853e53ce34f,b6975bcb-e499-47f1-9d10-3a4dfa558193,5,2021-04-01,document
451bfd89-1d85-458e-935a-a70ef4f613ec,dd134e29-0265-42c5-9ac3-2167adb948af,2,2020-11-29,manual
5ffb1dcc-344e-4ad3-83fd-add3446703fc,4931ef3a-fa78-4279-829e-8fbd20a3f1d5,5,2020-08-15,manual
96663415-2cf6-492e-8a74-da7d712d529e,e70f0b3c-6775-44e5-b254-4c86f87e333f,1,2023-09-30,document
1ac11dc9-c340-45b3-b9a1-f10f6218735f,2d996a07-3c05-4c66-a9fa-9e2920229915,1,2020-12-02,manual
bb5b936d-3769-433e-a0c3-5e33e449e9a1,94600114-5db6-444f-b16b-a0673a9ea179,1,2021-10-30,document
55322976-c5b2-46b3-b7f3-8bea83bb5ea4,c5f15209-fd64-4fa5-b5be-cd67e142aa6f,5,2022-08-18,biometric
874b0fd6-8cd7-4ad7-ac1b-807ab2cd342d,e5f48baa-7afd-406b-a118-7a58ef819b02,2,2021-11-29,biometric
3fc71b66-3abc-4ac1-b0c6-8874f86340f5,76ec9629-3c56-458b-ad58-d6072064e76d,2,2024-01-21,document
b9fc7d83-1965-4634-abdf-67f102e65219,d105e53f-2050-4314-8d65-dc10552ca0de,4,2021-10-09,biometric
410805ed-7419-454f-aae0-17e295c3543c,0e437d60-1eb8-492c-a3e8-e4ac3c5c20f5,5,2022-12-12,document
ad88a318-3234-4cbe-8f55-eb4c49a9c077,764279f7-aa09-4d25-adac-4bdff476bdb7,5,2021-01-09,manual
3900ae86-dbf2-43c0-807f-9e7c7858781a,16bfa5a3-fb3f-490f-8786-1e1c8c2a8308,1,2022-01-16,biometric
169cea4c-4daa-4b4a-b7b7-0e43516e92a4,9e3da172-7d71-475e-87c2-df2fbb278c8e,4,2023-07-28,document
ebc08f36-ec66-4632-be9f-bd67a5d3c86a,7ecc3090-a3a2-4eee-a7d9-9a39cb5d5fd5,1,2022-04-15,manual
3da4491d-b375-4c1b-83a6-628618f07e77,01ab7c58-8272-4c3c-9217-d5316aff7102,5,2022-07-05,document
aba93b2e-b131-40c5-8ae8-2391da0ca19a,1f7d2b4e-1fe0-46e4-af42-4c39f4fa280e,4,2021-02-05,manual
c4372e7b-93b8-4044-b945-1867fec47fb0,37b1e051-510d-47bb-ad9b-48085a03ff72,5,2022-09-15,document
ff19b56f-8ed2-4dc3-a57b-df780cca75ed,1b3b94f3-c4df-439a-bbb2-12ea043dc392,4,2022-05-28,manual
20c8fb62-fb45-4d90-bf9b-bcc2d882d318,874ce384-6876-4b25-b8ec-b4137078f21d,3,2022-08-11,document
93fd472e-ac38-454c-bf37-3159ea7f0622,569cb1dc-3eb2-4839-9362-d0d0932a5aae,3,2024-05-03,document
1a7510e6-c921-4c4c-9e53-cf2fe21f0ad1,f99a4b94-7a59-40da-83ab-a3481edccc84,3,2020-06-06,document
ec016111-8977-44b5-bad8-78e656fcd29f,8d71d580-c828-4f24-81eb-c63ca9cae323,4,2022-07-03,manual
174131bc-4685-4b52-bfc3-5d840fd0a2d9,9f93ab2d-c66b-4bad-aacb-eed547ae27d7,2,2025-01-25,document
484ca83e-3f7a-42b0-91a0-79c6eee0c976,e70079e2-ab81-4dcf-a39d-cb763d2fe501,5,2021-11-05,biometric
4a021afb-0fdd-4cf5-b895-a178ebee61f3,d981523a-da34-4ba3-b954-7c73943b3d20,4,2022-10-01,manual
b61572e4-a884-446b-9204-0677df8e4d67,2f2d865c-8aee-4267-80fe-37fc61e76f12,4,2023-04-01,document
de9a0f4e-e54d-49ca-a10c-91006609b401,0e11e2e6-4bd5-48ce-a91f-174cd8fba3ed,2,2024-02-05,manual
a77a9f60-8143-4705-9a42-e4688decfa99,8bf4bd86-5841-447d-ac94-721813869037,2,2022-08-10,document
f9a0bf0f-205c-4868-9689-ff7728f4495d,21d76be5-1fee-4db4-8e90-7f00cb49d402,4,2020-08-16,manual
fd12972a-4f49-43d5-8fc0-49376eedada0,d226a893-72c1-43d2-a31d-25eadf42b592,2,2022-08-24,manual
372cae50-6706-4a2e-b6d4-812a945fe91c,e5873f71-f0a5-4ead-97f7-4eb93fadd541,5,2021-10-20,manual
94962bc0-0853-457f-bea1-5ea66c2805a1,fbe6489c-5de7-4895-9b93-3c9091ebccc4,4,2023-10-28,biometric
454e1f85-8574-42e1-adcc-ab4cb8a42d23,9d72c466-354d-4dd9-986f-937c50dc6763,5,2022-06-08,manual
1da86afb-17e7-49d4-be99-bf8907616766,3ebb2365-ac01-491a-8991-53825c421ef3,4,2023-11-01,biometric
77bc969f-babb-4691-8416-1af9eaad3818,6106f600-9d53-479e-b013-255a53d4b4a5,3,2023-12-18,biometric
d2e7b920-c2a8-4c45-bc35-76ba1585f022,45c517ef-4a6d-494a-97b4-899623486830,4,2023-12-07,biometric
a5635e45-c028-4723-8b04-a66ede0901fa,e676d832-3d09-4a1c-ab2a-63fe910058ee,2,2023-09-04,biometric
7cf15640-4608-4a48-ab40-8f1b5036b89f,dba75944-74d9-474e-8ccb-c4a4d3eb7856,3,2021-06-19,document
d23768db-2882-4fcb-a47a-ae2b635a0341,1f2a17a6-bc4a-4727-9104-54a07a9032f7,5,2023-04-12,document
9fb8201f-634d-4088-a0d8-ea7fdb5863cd,965d5944-d293-4022-be10-f173132f141b,5,2022-04-17,document
16bfa5a3-fb3f-490f-8786-1e1c8c2a8308,9b6d46b4-ee56-43d5-bf84-4615b9fff7a3,2,2024-05-26,document
8e2a62ac-51c9-43cf-86a5-aaaea2e994a7,a7823163-1c24-473c-a4a5-fa7d4f400129,2,2021-02-09,document
56405fe3-50ab-41d8-9a92-e008143d8da7,e47ba331-404a-475c-81e5-d3682b40fbb3,3,2022-11-04,manual
5636426b-ce3c-48ed-be5d-f5012239f1f9,c3d320c5-39b7-45e1-aa40-9b098c5812b5,4,2020-04-26,manual
7ebd61bf-ad69-42d2-b675-34519769422f,2b261836-876e-41ab-aa68-c3aed03210c7,2,2022-05-25,biometric
87a7289d-e426-4b1b-be9e-d7aa907ffa38,0f51f0ed-778c-413c-8296-856296b8ad3f,5,2023-02-15,biometric
15f69e78-bf8e-431b-b325-81e20fcf5dab,820cb7fd-f2cc-4292-a5a8-350d843a7cc3,1,2024-05-28,manual
454d1275-cc6d-4c52-8809-32064a45da27,ee3bada1-f520-4140-b4fd-7f1e0af103e7,5,2022-03-10,document
671bffc2-3b41-4975-b5bd-c3afd604803c,73d76392-27cc-4cf9-84a0-df344ca80a7a,5,2021-12-31,document
cedaa684-4955-4f79-8a2c-26edc5c4d684,33a65931-d749-4cf9-bfcf-94b9330ac3e2,2,2021-08-02,biometric
3baf1bef-1b16-41c9-8431-a8bca39cc8ae,f77519f8-4834-49ac-8949-a38e10f628ce,1,2020-10-17,manual
0e912ae4-2113-4d4b-854f-da67b665b38f,ddd93da4-57e0-4d27-b9f5-7e599d9f857a,2,2020-08-24,manual
8ccda549-a1a4-4cef-b2c3-ae4369436ad7,fc8e57d6-6096-45b4-ac02-8d44a8932f7d,1,2024-10-05,document
eba124eb-b3fb-446b-a601-a37cbea4c658,21b88808-2c7f-43c1-bf4e-6b044d8d7ce0,3,2023-11-08,manual
7cf15640-4608-4a48-ab40-8f1b5036b89f,b5b2697c-622e-4d60-877f-84e0233d91a4,5,2022-05-04,manual
0edf9846-b0a9-46b9-9947-64292b5e40fe,a7d06d07-f175-40ee-aae1-57876c25c5ed,4,2022-12-02,manual
7fcb14be-9fb7-4787-a089-c8aa59b32363,0313bd0d-7b5a-4ae0-83e6-a2c454ee0b00,4,2023-06-02,biometric
381654ec-729c-4273-b836-919c7a3fce80,09115f38-9147-4608-ba09-d29781d70b86,5,2021-01-13,document
ad822a41-04c6-442a-9e83-877ecd9a073f,4396979d-2753-4db5-bada-2993a715172b,5,2021-06-09,manual
643762be-f2ad-4620-89cb-c2c4255739d2,0f37a1ee-a201-41a7-8ecf-d3a221a62ce9,2,2020-07-15,manual
4c404636-0ac1-43ee-9c9c-1fb8f971ef6e,21fd6682-7d42-47d9-92f6-dbd87090ec91,1,2023-09-30,document
653710e6-26e4-423a-992d-f5e146411fdf,80326592-a6d2-44c5-8b63-4a5f367d6904,4,2022-11-18,biometric
9d9afa5b-3163-4189-bc6e-3198df306bbf,1b3b94f3-c4df-439a-bbb2-12ea043dc392,4,2020-12-03,manual
79ad0cef-03f9-45f9-86d9-0276654d2de0,81af1450-d449-478c-b010-b7775fde8705,1,2024-05-19,document
8a2f5afd-cd54-4d37-ac03-a06a7630dc1c,b88fb3fb-4aa8-4866-8b41-669562b7f8e9,2,2021-03-17,document
b6c51a20-28be-453e-b9b9-396194d6fa49,ecfb0489-5b5c-487d-8de4-7526bf3fbcd1,1,2024-02-26,biometric
5794f006-a90c-4f44-b16c-d765a1ada1cf,71dda762-f649-49e5-a6b2-0e8626ca2c6b,2,2020-05-22,biometric
09e4b366-836f-41f9-ac60-2467678971a3,bd0914d3-3b97-42c2-aa5e-6ebff2157985,3,2024-05-02,manual
569cb1dc-3eb2-4839-9362-d0d0932a5aae,f98dc4c0-8038-48b7-a91c-aa3254e6243a,1,2024-12-10,biometric
ddebab96-a179-44b1-881f-0df26d94310c,231a7243-f3ed-4c5d-80e1-a681fd305851,5,2022-12-26,biometric
e5f48baa-7afd-406b-a118-7a58ef819b02,63589602-2912-41df-9a6a-26431df4a3f7,1,2023-06-11,manual
b41689bb-9591-4d12-b3f7-8e9101fdc72e,0908d760-8d40-422f-930d-492c47dca8bd,3,2024-05-03,manual
0fc297e6-840d-463a-a9bc-86c6b9178d5d,09115f38-9147-4608-ba09-d29781d70b86,5,2024-09-16,document
0dbaf1c8-5cd8-49e9-a502-551d9f15bc9e,64385e41-1b71-45fb-b1d9-db345b4ebacf,1,2021-10-17,manual
281ee1e6-75bc-4dcf-9c7c-df0d6b8bf961,fae39da5-a244-43a2-940d-4140357d60c3,5,2023-11-30,document
45b3937d-4e1b-48c1-b834-5585b8e1aeac,ee6f7b17-fc86-49da-a8e9-09d5d917354a,1,2022-12-01,biometric
169ca9e2-a506-4f6f-b430-5579150a573a,1de9aa37-c624-45fd-84dc-48b9fc840647,2,2020-11-29,biometric
19601be1-fcdd-437f-a584-3efa6a637e60,fa54b380-9eca-4dd3-bc48-e2e7322d81a9,4,2024-02-25,biometric
112b5888-e276-482a-8677-e8b8252d734e,005e502f-6370-46c4-b0d2-4804fba81975,2,2021-04-18,manual
c7c71c79-1c0d-4f7e-a56c-ab83209b2286,259e1e91-9708-4af6-bedb-66ae7c753c74,1,2023-12-25,manual
ca6d6f9c-0ae2-4f42-8598-a6772780db1d,d0f484c9-693b-4e65-a45c-5a58df2d95dd,1,2024-05-04,manual
8131ad1d-fe6f-4ef7-9231-912613b925d7,146e6bc8-4215-429c-af49-bb9653178c1e,3,2023-05-25,biometric
2bf0a956-b0fc-4ef5-a916-ec13071534f2,24c1aa92-3ce4-4d51-a4be-7efde6d9f501,3,2023-11-29,manual
8e3499c8-f202-4cdd-abbe-9bd0b71e43d3,4931ef3a-fa78-4279-829e-8fbd20a3f1d5,1,2021-11-14,biometric
31656ac3-2945-4262-a002-055eb0189f52,7d1cd9fe-45b2-411a-8483-75ae78adedd0,2,2024-02-22,manual
60cd5553-ba91-4c1b-97a3-3a0cc3dd8621,29244a79-648a-4b9d-8685-16548e8a5094,1,2022-01-12,manual
bc6a81f2-8998-40ec-8140-298e4213813c,548d8456-d607-4483-b488-e1d855a41faf,3,2024-11-28,document
ce97e2aa-55f8-472e-a574-ddc8e79b3ea2,d01d8f6e-1230-4120-ae95-3e42f5b49637,3,2024-02-20,document
1c47a299-77ca-407b-be1a-d2a36c5e45de,d595673d-a613-466c-b0de-16ac5310e8f9,2,2023-06-21,biometric
873a30b7-c9aa-4b63-8df7-058ef00c7585,ac3123fa-4bff-454e-94ea-d11f936b34d9,4,2021-07-03,biometric
b711c627-3d8c-4749-b444-4712a0e8f7e2,2ed88072-4a75-4cc7-82f4-d6b4e38b8c91,4,2021-05-22,document
06305d75-ee89-46e4-9254-426b21d454b9,7972a05b-01e1-4d1a-a1db-6c08610f245c,4,2020-06-02,manual
998d3705-aae8-43af-b302-dd19a99d5e5d,9d6e7334-f962-45c9-8faa-f956704796fa,4,2023-11-29,manual
e948ea9b-7ce4-4e9e-871d-b96928fac6b8,da84f25a-38d1-4759-bfbf-749968b506f5,3,2020-04-05,biometric
8131ad1d-fe6f-4ef7-9231-912613b925d7,ad88a318-3234-4cbe-8f55-eb4c49a9c077,3,2022-11-19,document
5f81594a-1c58-4955-9021-9de84f18e816,91aa40ba-0f24-4b8c-8fa9-809fa55f42bb,5,2023-01-25,biometric
d0fbb25e-1f92-49f7-9f3e-1228dc8aad00,3bfd4c54-251a-4fdf-b329-96261d288c0f,2,2022-11-05,manual
1441bb82-2e34-4cc0-9498-e49759531d54,6ee2665f-9d29-42b5-ae6c-a00b9e985fca,1,2021-04-10,manual
60073fb0-8bdb-4097-bed1-fa09b2f0912e,58e4f916-bf71-410b-95e3-3b1be9b44ac9,5,2022-09-01,manual
7f6794fc-ebfd-4e1a-a379-f4d3f8374507,0c171fad-6be7-4527-b471-f8f510776e64,4,2021-02-08,manual
b025fbaf-b8d8-4805-b883-6eec8b4da1cb,52106878-31b9-4cff-abb6-a4f0268711dd,1,2024-01-28,biometric
410822e8-385a-4c47-9f35-eb745e387a16,91aa40ba-0f24-4b8c-8fa9-809fa55f42bb,3,2024-02-09,manual
c1adde77-c8d0-4acc-8bae-41288c7db0d2,57981ba7-a5a7-42dd-af3e-ec740bc71c12,3,2020-05-09,document
fac669be-7258-4c0c-b418-fd0530989834,5bdeb569-ab83-495a-989e-728699b92de8,3,2023-12-27,document
91aa40ba-0f24-4b8c-8fa9-809fa55f42bb,e3a2f33e-3243-437a-8d06-c54f5d5aab6e,3,2020-11-06,biometric
abc4ef39-d560-4d8c-8a75-e40cb6e2cb28,3b90cc85-97fd-4ba7-bdf1-0008259bb96b,1,2023-09-27,document
07618b68-fc4f-47c6-aca1-13eb6733712b,58a85d91-9ded-40a3-b6ca-7bbe2d7e556f,3,2024-07-04,biometric
90f52d1c-bed8-4c21-9bed-ef8986b3b61b,aee70965-db31-4356-91a3-5d84da4f7ecf,1,2021-03-12,document
bef5722d-a2bd-4653-bdf6-8e33903d4216,4a021afb-0fdd-4cf5-b895-a178ebee61f3,4,2023-06-03,biometric
454d1275-cc6d-4c52-8809-32064a45da27,fb5c4cc7-66fc-4485-affe-a378c7eed013,5,2020-09-03,document
ab2c1dd2-1138-41db-8dba-5cd795d816ab,790ae01c-6ad7-4dce-aa07-05716e855641,4,2024-07-25,manual
d8017ed5-ee1c-4646-9ed7-cb6547748c69,321aede8-86b0-43e5-9330-b040289996cf,2,2021-02-12,biometric
3b90cc85-97fd-4ba7-bdf1-0008259bb96b,20c8fb62-fb45-4d90-bf9b-bcc2d882d318,1,2025-01-19,biometric
cc578972-c0b7-45b3-92d5-eb690e6e140c,468840ac-d5d5-49f0-9a64-8a629ee935e1,5,2025-01-24,document
9ef476cc-d90f-47b4-92ca-b1fc68e4ada7,350c91f0-bf9a-4c77-8f52-683fcc028cc2,2,2025-02-20,manual
7f93c2c7-6a21-4ff3-92ce-de76e5d6b3d0,6b8d594c-85ec-4988-939a-92de1ae22d44,3,2024-09-09,biometric
0c08a05d-7514-48dc-aeb1-d5bff52a69b3,eca09f31-3e5d-494d-adca-267cf4406b20,3,2020-04-08,manual
9a1d3da4-a155-42f7-97a5-d96df9b13c85,20d1aeff-cf30-4314-bd90-f2c7303ff27e,5,2023-10-11,document
2a40e5d0-27ed-4e2d-8863-c49d154cb258,2e80d038-6dfe-4c83-9026-56ec76663c5d,2,2024-08-02,document
07618b68-fc4f-47c6-aca1-13eb6733712b,24beb734-4a2f-4694-aabb-bf0a05d4a0e0,1,2020-04-07,document
629745dc-138a-4639-a504-209aa04027a1,8e35ec24-d075-4f78-b8d6-f4da8e6ccf54,2,2024-10-24,biometric
410805ed-7419-454f-aae0-17e295c3543c,a99f68f1-0652-434a-81f9-78c32bfc60e8,2,2023-07-06,document
f9b1ca2f-4062-4ab2-a442-69f79fff50b9,c7c2db88-7904-4684-a1b1-22e77fe6b213,4,2020-10-09,biometric
5a69dfa0-1348-489f-94ea-aab70ae24c30,fa54b380-9eca-4dd3-bc48-e2e7322d81a9,2,2022-02-15,biometric
f0c4f2db-f7f6-44f3-98dd-346b74685bdc,c3fba9f7-ee13-4768-a838-32777228b67b,4,2023-05-07,manual
070517e2-2031-4ac3-93b6-8485634a9e6d,236574e9-c568-44fb-b7f5-97983a55877c,1,2023-12-15,biometric
d91de9cb-d4c9-4b66-b9c5-199e32111890,b2ae52fd-fbe4-48d7-a714-c82189467ac0,5,2020-04-16,biometric
e3cacced-05cb-4c46-82ad-fcd88898d76d,381654ec-729c-4273-b836-919c7a3fce80,5,2021-07-19,document
68a56eef-d85f-4803-9a26-ed762d7a6094,826f3821-8e0d-4795-80c8-e5fd75cab873,5,2024-03-25,document
8d71d580-c828-4f24-81eb-c63ca9cae323,40a1a5c6-5add-4145-bb59-ade628cd40f3,2,2024-12-30,biometric
c65ed40f-3217-47e9-b1a0-ca57ec71e6f6,37b1e051-510d-47bb-ad9b-48085a03ff72,4,2022-09-15,biometric
71c036d2-816d-440a-ae49-9b5b7c734db0,f9a0bf0f-205c-4868-9689-ff7728f4495d,5,2023-09-22,biometric
ae131860-9149-4ac8-8798-a118c6600fad,60cee06d-20bb-4141-965f-45f8b9be89f4,5,2020-03-11,biometric
47d68892-a885-437c-ac5e-515eff821359,f8860a58-5ea2-4fcd-9a73-fc2f08ad9a56,1,2022-08-14,manual
677bb341-c0cc-421a-b3e6-1747f03a9f5c,0680c2a5-59aa-4b3a-be1d-22f80be61cad,1,2022-11-18,manual
1a7510e6-c921-4c4c-9e53-cf2fe21f0ad1,7a0e7310-59b7-438e-a385-968c612f68f3,1,2020-09-14,document
74557aef-57a3-47bb-b8aa-2d15475e1daf,d98455eb-3e3b-4cfe-8e37-99ebb370c089,4,2020-06-06,biometric
89cc430c-bb86-4aee-a4dc-e5b3160ebe5f,53281ec6-9389-444c-bbe4-1fdf00289c1f,1,2024-10-25,biometric
90b99eba-2baf-4624-a9db-66f2d0760f9f,4260c229-6348-4b65-ac01-84e081f48277,5,2022-11-30,biometric
95f9c7d6-9786-4bdc-8575-fe31fd1c1926,24b56357-03b5-4b23-8924-6fd27c15fae2,3,2021-12-02,document
99242bac-8b88-46af-9fa9-dcd41451abcd,5674b7f5-9946-43a1-bc45-25ca261572fc,2,2022-10-03,manual
3fe8ddc1-42dd-4a57-aa75-b72d751c7a04,5be6f32d-0502-4394-9bb5-74fcdf41dca6,3,2023-08-16,biometric
5bf3367b-0a7a-4434-b403-23b8640d0c38,8a379aae-7d6e-469f-932b-f953bc3d7505,2,2024-11-24,document
07b9eb25-4d2d-437f-b432-558546b05aa6,3900ae86-dbf2-43c0-807f-9e7c7858781a,4,2022-05-08,document
0ded0f3b-75fe-4020-a78a-89bfdd9dd373,93ae54a9-6f32-4b9b-992e-7510f62e4442,3,2024-07-19,manual
c5f15209-fd64-4fa5-b5be-cd67e142aa6f,4396979d-2753-4db5-bada-2993a715172b,1,2024-09-12,manual
c19aad72-0b9f-4756-9d19-abc8eeaa492d,b74f6c88-1df4-4731-98b6-6ab56f71e4c7,1,2024-06-30,document
58a8d5d9-8ff9-4f2a-95f3-52c1ff115e39,350c91f0-bf9a-4c77-8f52-683fcc028cc2,3,2022-12-01,manual
484ca83e-3f7a-42b0-91a0-79c6eee0c976,5ce6ccbd-808c-4e09-aa85-01bd8914c760,1,2021-03-12,manual
45b3937d-4e1b-48c1-b834-5585b8e1aeac,710c7026-bb1c-4a4e-81bd-1983145e8575,5,2024-09-17,document
09115f38-9147-4608-ba09-d29781d70b86,71edc612-beae-4fc1-9496-5bea742f4a58,2,2023-02-23,biometric
58f76703-1cc5-4880-8cfd-bb82eced9046,60073fb0-8bdb-4097-bed1-fa09b2f0912e,2,2022-06-21,manual
d3e7e9a1-54e9-46c0-b13b-899f83f30039,6164b18f-732a-4f32-9140-5334c09a2a53,5,2022-01-30,biometric
8212c0f4-8f66-4ca0-af18-f8720092aca2,3b90cc85-97fd-4ba7-bdf1-0008259bb96b,1,2024-03-21,manual
c7d4c4ab-2890-4dd7-b461-731c64b657f4,b9fc7d83-1965-4634-abdf-67f102e65219,2,2021-06-18,document
e70f0b3c-6775-44e5-b254-4c86f87e333f,fc7a6b53-539f-464f-b66f-15cb98539198,2,2020-11-02,document
ba38fb93-db1a-43a9-ab0d-b2d6bcc4fed0,9fd12a5f-ac22-45bf-832f-77e45a426243,3,2022-10-04,document
231a7243-f3ed-4c5d-80e1-a681fd305851,1b3b94f3-c4df-439a-bbb2-12ea043dc392,4,2020-12-21,biometric
7b5453b9-0dbb-4b2b-86b8-c5958f8e1f10,67b31b2a-3956-4a3c-88e5-2e04e2c25a21,2,2020-03-08,biometric
55a1a22c-dbee-4d8f-94a5-e175e5e580ba,ef639157-00f4-4d18-baaf-673f5e8ff469,2,2024-02-27,manual
0dbaf1c8-5cd8-49e9-a502-551d9f15bc9e,d57092ab-78a2-4451-a98c-05f83bf4c623,4,2024-01-29,biometric
b7def571-ca4b-4dba-b992-b11d19cac73e,f0c4f2db-f7f6-44f3-98dd-346b74685bdc,5,2022-04-28,document
30e38853-5b85-4c0f-b3c5-cf99627da43c,03d29aa5-1e29-4ac9-bfba-85723da523bf,5,2022-01-18,document
fae39da5-a244-43a2-940d-4140357d60c3,0dbaf1c8-5cd8-49e9-a502-551d9f15bc9e,3,2024-11-13,manual
80326592-a6d2-44c5-8b63-4a5f367d6904,231570f5-1aa4-46b4-b8b2-0032f83421ce,3,2020-03-11,biometric
33d45a5a-e1e4-4270-941e-65d1b8896851,ec9237b6-1fb7-469c-bec7-9e5378398dd9,4,2021-08-15,document
01ed95c9-5f12-4310-9240-f5e2972f116e,57711677-750d-4f11-803e-4039f615130d,3,2024-07-25,document
1b4052df-326f-45af-8d79-01040fff92e4,7a348473-6802-421f-a153-4e2124fd2006,3,2024-06-23,manual
829c3df9-96d1-4b97-8d0c-1198558977b1,75d0c8cf-6ef3-45f0-98fc-e319d0aead55,1,2022-07-20,manual
569cb1dc-3eb2-4839-9362-d0d0932a5aae,80b52cec-674c-4cf4-8f40-759adb720505,2,2021-06-10,manual
1b8b28fb-ba63-4e8c-a36c-7f40b69fcb92,d342dbbf-c0c2-408c-b177-2b5183ab7976,1,2021-06-14,manual
7f28ab5b-9e0b-48ae-8e69-b57503aba903,6f344d46-87b9-488c-8dcd-de4189a5df37,3,2023-01-02,document
ee3bada1-f520-4140-b4fd-7f1e0af103e7,19146d28-6baa-4321-a02f-b81499c29095,4,2021-03-24,document
94bb35b2-6c22-4133-befd-c33b6d541764,760ccc2b-af7f-4810-ba10-9376b7007ba0,3,2021-10-10,biometric
06fed1f3-0cda-4eb7-ba0b-408f9d286b6d,46bf2949-8996-4364-99d1-a12da63421e5,2,2020-04-19,document
358138f1-931d-4d51-879c-c310c1bf7f9c,1b8b28fb-ba63-4e8c-a36c-7f40b69fcb92,3,2022-09-30,manual
fe9fcbad-f744-4fc6-87dd-e45960225a90,885b84cc-11ad-48f9-b876-794c7966e379,2,2025-01-22,manual
088229ac-95a4-44b4-8bc5-7667bd518f1a,20980f32-cde5-4889-b537-f4d6b2946355,1,2021-10-11,document
00e7aa87-f61a-4e4c-a469-f2832b09f4e7,3c3db7ab-342d-4d74-ae5d-8075c280f9ec,3,2022-06-29,manual
cee7cb28-ac58-4a40-8e1b-79b22799adac,8035a117-c48c-414d-87a1-265de3416777,5,2020-05-17,document
4cdf0a7a-d869-40e3-a60b-4935f0365c3f,215eb695-c1a7-422a-920d-cb15f11a72e3,4,2021-06-23,manual
c4c77306-764b-4950-ac57-2415db20c9c7,3483a39a-9d51-4d50-b898-80e34391a5b5,3,2023-09-08,manual
0c74d485-62ee-43fb-a088-69a706c24680,bb93c1e8-bc29-4da4-8923-65d55eb43f4f,5,2024-08-07,biometric
77bc969f-babb-4691-8416-1af9eaad3818,a471adf1-10b2-4410-bd49-06faa92384c7,4,2025-02-07,biometric
138c216e-fc3a-4e2d-a7eb-af2a5a358639,9b7951ad-9630-44ea-8598-766d2c2d36eb,4,2024-06-28,biometric
8d7bd718-5293-40d7-b767-94711d194b00,3f8cf698-0222-4244-9e88-1a64ee89aa0d,1,2023-11-01,biometric
75546cb4-9315-4921-947f-a6402aec348a,d71379cc-738d-4fde-8ee2-df6536671b89,2,2022-03-09,biometric
c01dda27-7a22-4f97-ae25-a170cd97276e,26baefb7-cdb5-42bb-baed-8e3b36244ed2,2,2021-12-28,document
66000347-d654-464b-96af-2aba7add0de1,11e9cce0-2950-4133-a38b-b0aec9a21b89,4,2022-12-07,biometric
494ddc22-3a3c-44c6-aeed-bdfd0d693011,f131ae78-3930-4f4e-9df6-8f13ef12a8b8,3,2023-07-13,document
349362b4-c30e-4364-85b7-dbe9c4f1f7af,0cf43258-57dd-4014-9364-6b0f06ddaaa3,2,2021-09-29,manual
0be0f674-d77b-41f3-95fc-a5250a54bfc0,4f95d13c-3cbe-49ec-964b-f862e9e3ae62,5,2024-06-13,biometric
5ffec32e-f2a1-416f-8708-aa22f339f1f3,663b9b42-4ed5-44a5-bd0f-aa49542f07c9,3,2023-11-25,biometric
473a6d39-cd82-47a3-a934-0b0868b67a73,792b930f-a3fe-455a-a88a-3595b160112e,2,2021-07-07,biometric
8b13bb65-c61b-4d30-a7ca-0bafa335d4f9,8d0036ee-3595-4348-bdb5-ac5876097312,4,2020-06-06,document
cf66f119-8e3d-4529-9abb-bbcb0138919b,464c5e36-99e6-46cc-8877-a4b5d89f9a88,1,2022-11-27,document
e5b48ead-949f-4561-aaaf-e34b5a25e6ee,f9f52082-7edc-48ad-af70-ec33aa64a0c1,5,2024-08-02,biometric
d58db261-047e-4342-af8a-648310db810e,fbfbe674-962f-4bd2-93c9-0075dbad6154,4,2020-10-17,document
b0522849-da93-409e-a34a-80a8dcf280c1,cb9c7ef3-92d5-489f-8abf-48183a2b866a,1,2022-03-04,document
2b8bb364-061e-415b-8cad-0560ce3136bf,fae6851f-79ae-4408-a1ee-a3d5ee52d228,2,2020-03-11,biometric
99ed91c7-3b21-43e1-b247-be27896ea182,8bad73d6-15ed-481e-82aa-c6bbb0e0b08f,2,2021-10-20,manual
7de338d4-e55e-48dd-8b2e-506a776e0f64,10f25ab7-1e13-4136-86f7-c1c03ccc63b8,1,2022-08-12,biometric
177aa2d5-8567-41df-8674-e4220d8556c2,b913e6c3-3ffb-4b6c-9780-a1bf2b199c0b,5,2021-10-05,manual
3103222e-8116-41f7-96e1-6c39a8545545,8fc90506-86f5-4d00-b2c9-a39acf6c03f0,2,2023-08-19,document
017e5c5a-dc92-4493-80e7-1b62eaae6240,801cde28-ae54-4d51-bb0e-14ab6e0ed40a,3,2020-04-19,manual
210d4a40-400a-4d19-b64b-989956686817,f5d3af8d-b1b5-4b3a-a345-c5e5991e5fab,2,2022-05-24,biometric
3da4491d-b375-4c1b-83a6-628618f07e77,971d1800-a5ee-450e-bbe9-f19845730bf3,4,2022-05-03,document
46ab2b29-b1b8-49db-9c42-417243286896,3d939f50-8831-43dd-9099-d7897c32840e,5,2021-04-04,biometric
941aed8d-8f0a-4dbf-8e1c-e8e89567cd45,23d928ea-aeb2-401a-91a8-1e99f3338ff4,1,2020-06-04,biometric
ffa78f68-112a-4c2e-9b36-a1f87652c771,779394c9-5aa6-41b8-9ed6-809f426ecb24,2,2024-04-27,biometric
9eb16b21-7146-4efb-afa7-9ac362336614,454d1275-cc6d-4c52-8809-32064a45da27,5,2022-08-12,biometric
7f6794fc-ebfd-4e1a-a379-f4d3f8374507,73c963e4-1fdb-4ef5-9943-6a8d05e097a7,4,2024-12-29,document
b73f051f-68dd-4a77-ade1-55419c3a118b,4f9a11af-ac78-455d-a275-37b195127b0e,5,2024-06-30,document
cefcdf75-062c-48b8-9bec-7090a1bbf1a7,e9c4a69b-d9e6-40f5-ae84-070e596f2955,2,2020-08-21,manual
fdf94dfc-ba2d-46b3-8c23-b66af6d9b026,6ddb85a6-0cb9-4c57-bf29-310884b1185a,3,2020-12-10,biometric
0b0d2310-2692-4b67-bbf7-23faca7a30a4,253f6e7f-ccbe-4a01-b3eb-b60242e4c60b,1,2022-04-05,biometric
6e30eeac-3448-4d59-a9c7-af970b82adbb,51e9be9b-8817-40b5-8526-554cfa61a1a9,2,2024-07-03,manual
069a5e12-b334-4b38-9617-f2bf5a20e464,87203a2d-b1a9-47b5-bdf1-df8404fc2a5a,1,2022-06-05,document
225f5847-2889-4ad0-b645-bd06792e451b,ad1804c2-1bad-4193-b520-ee7ad9ab58b6,1,2022-09-07,biometric
e285e6d4-ba05-4ec6-8dbb-388b5b920237,d8a03fa1-bc29-433d-acae-e639f8e9c658,5,2023-05-15,biometric
7ae67005-316a-4d77-930a-d81ece293cb1,c181be3a-4800-4d83-81f9-c4e03ffa2474,3,2022-11-04,biometric
68058082-0baf-4fbf-8125-cb53919a8b6e,b88fb3fb-4aa8-4866-8b41-669562b7f8e9,5,2022-08-17,manual
6f4a3a95-5b47-412d-9978-f7b196f66e33,231570f5-1aa4-46b4-b8b2-0032f83421ce,4,2022-10-31,biometric
2c511a8b-9552-40ff-93ad-5c30a33ce30b,c8ca82f2-bbd1-4817-8924-05347955d73a,5,2022-05-10,document
49cf8efa-d1fc-4f6c-90b7-7f6ea745cf8c,62a694d0-1ee7-4acd-b733-d5dbf4a61a71,5,2021-10-25,biometric
ef3aef0c-28ed-4efb-9a1f-cb736583d318,4f7fdb32-9edd-4342-94fd-b63976fbaf14,1,2024-10-12,document
411f6aec-7ec4-410f-834b-21dfd3f32310,663b9b42-4ed5-44a5-bd0f-aa49542f07c9,3,2020-03-16,biometric
f4f677b1-ffcd-4813-9468-ccd233be0534,c791c8f0-a176-40e6-94f4-2552ed7abb19,2,2024-04-30,document
dd2b6126-09e1-4c1d-baa2-2ed0ccc9f233,0dd019e9-89b4-460a-a25c-6f8f35cc349b,4,2023-07-02,manual
89e532af-b339-4eb9-a30d-77423d2c900e,6c580753-7737-4f03-ae1a-7ac3dd15644f,1,2023-08-21,document
fa54b380-9eca-4dd3-bc48-e2e7322d81a9,190e860d-f8d8-4c90-9855-47933d89b600,4,2022-11-26,document
3d1beaed-0013-46f3-8f0d-6b28f2e98f88,e358e101-b72f-4eea-b9f1-0d29fef2b856,3,2024-12-28,biometric
1dd2467c-cabc-4525-96eb-9a2fdc77e4a2,32aca21b-cd36-422b-80db-7312a31d27f0,4,2022-12-05,biometric
abe5cf34-f9af-4de7-9916-b38af391c9f2,fa54b380-9eca-4dd3-bc48-e2e7322d81a9,1,2021-06-10,biometric
a6df9b27-928f-4d80-bae5-abeda47aa889,d0f484c9-693b-4e65-a45c-5a58df2d95dd,5,2021-01-31,document
9560c626-cb44-4b41-8e6c-98b43fb6c3bd,3a52a74d-f243-4c76-80a3-369ebb1c5c93,4,2023-01-16,biometric
75d0c8cf-6ef3-45f0-98fc-e319d0aead55,94236b8f-8c72-4255-8fac-9e52aeb86f9d,5,2021-02-20,document
263bea46-d9b3-4db4-9ad4-03169a41a560,fe9fcbad-f744-4fc6-87dd-e45960225a90,1,2021-05-23,biometric
4c561871-cd24-408b-9aca-2320bb89a702,f2a3e11c-8238-4087-96e6-a6fc4b529e59,5,2022-12-01,document
53bede3e-f9ba-431d-ac27-6fc1c4f3dcd8,9887f111-299d-4e97-a7a4-ece631ddc503,3,2025-01-08,document
53249af0-093b-4556-9015-d17d7eb7193a,26e91e8d-c99f-4bb0-a273-502d2358b83e,3,2020-05-23,biometric
8cbf2df8-8c3e-4db0-ab14-61677111f195,a5635e45-c028-4723-8b04-a66ede0901fa,5,2023-03-10,document
f1ad3bb4-d264-4918-9bf1-b40159498a74,8d8da9a5-aa12-4473-b5ce-b2b876e5feb8,5,2023-09-10,document
ca7b9d5d-e281-4d7c-b0b7-612112e9ebb1,d84eeb55-c8da-4d11-afb1-fed7ed04bd47,4,2024-01-21,biometric
6fa7c39d-881e-4163-8dd3-67b6e1981b7a,80b52cec-674c-4cf4-8f40-759adb720505,2,2023-07-07,document
7744c0d0-df56-4b41-85d5-52014e547355,983f9aa2-2b75-4b34-9656-c13d2cd393f4,3,2023-06-12,document
53281ec6-9389-444c-bbe4-1fdf00289c1f,2ab5438c-a106-4eef-b987-f776bc986967,5,2021-04-24,manual
143c2c0a-397c-4a0d-a137-9edb8ecdf1ef,9744dcd5-5f59-4697-8939-db1a48f6d78f,1,2023-01-08,document
01e5ca42-5f82-42be-a570-0f60f620c324,e32f7939-df49-4307-adce-6d0cea98f281,4,2020-08-19,biometric
d6817c1c-e51e-4bbd-9117-eeb07440fd14,225f5847-2889-4ad0-b645-bd06792e451b,1,2024-09-10,document
ab71fbe7-a0cb-4883-b4b5-5474e9b783dd,d508405c-a6bc-49ca-a1c6-5402f4d7b7b4,1,2022-08-04,biometric
e7529843-b5a2-45a2-9bb2-b744aca06a28,6934578c-d5a2-4e92-b5ad-9bd1b15bca23,2,2020-06-06,manual
820cb7fd-f2cc-4292-a5a8-350d843a7cc3,15703aa5-7e0a-46d5-9101-67501301d11c,3,2022-12-19,document
d5be08e7-513a-40a7-a6b9-8fed3ab472a0,4e8afb6d-e606-493d-a3bf-90dc7a090d62,4,2021-05-09,biometric
db426e18-71aa-4588-896f-2bb241616460,81af1450-d449-478c-b010-b7775fde8705,1,2022-08-13,manual
3e946c0e-fd60-40fb-8e2b-3dfa447397b5,9d9afa5b-3163-4189-bc6e-3198df306bbf,1,2022-02-21,manual
15f121ed-1d2c-4a40-9fef-05f7abdb82eb,72d851bc-2337-4e6d-ab96-c132ab9ba673,5,2024-09-21,document
174131bc-4685-4b52-bfc3-5d840fd0a2d9,689b86af-1b5f-4bd2-92bb-e2abf0a6c477,2,2023-02-16,biometric
75dc03ba-65c2-43d5-87a0-6f71ccf984a2,40790364-5702-4c73-be76-303982ef1a4f,3,2021-04-21,document
9ca799ea-ee3d-40cc-a81c-55dc77b34994,c8fe9a99-e106-4e04-87ed-158cb5fc13c5,4,2023-04-22,biometric
c275106a-7a36-4add-a157-2b43b97adb91,09e6ef91-551b-40f3-bfee-bf1caa01fb25,1,2020-11-07,manual
56d32cfe-468b-4efc-868b-f8a972eac54f,4c561871-cd24-408b-9aca-2320bb89a702,1,2021-12-16,biometric
7f6794fc-ebfd-4e1a-a379-f4d3f8374507,f108e09e-7a3a-4996-9f29-e5ecd64942f4,5,2022-01-04,document
53281ec6-9389-444c-bbe4-1fdf00289c1f,2b56c1e6-22f5-4d36-a8f9-f95096349afa,3,2024-01-03,document
0f37a1ee-a201-41a7-8ecf-d3a221a62ce9,5ec76d66-9091-45ec-908a-fd4301915f0c,1,2023-04-09,document
93c26872-4c89-413a-b6b4-f1605e98daa8,8085e346-ebbf-4f15-83cd-a35a96fbc7e7,4,2020-10-27,manual
fa4d07f8-6f26-4b97-b40b-806d13213014,8bad73d6-15ed-481e-82aa-c6bbb0e0b08f,3,2020-09-04,biometric
0cf43258-57dd-4014-9364-6b0f06ddaaa3,fa609786-5844-4a1f-b59b-c9ce0e628894,2,2021-03-15,manual
7c2d8bb3-d232-477a-b2fe-3f85cc9d2d5a,65703b89-98fb-4d81-88ae-0793573c3190,4,2024-03-03,manual
19368b96-34fa-408e-8b14-90edc6d51298,06f7edb0-c081-42a4-85e6-c94081875e67,3,2023-07-23,biometric
40bb7ef0-fbf5-4662-8b12-b685229c6c2b,2831249c-38fc-4ddf-8cc2-3435d5edcb77,4,2021-09-08,manual
6cfbfa36-54f6-4da2-a490-f44208dd1c64,819bf190-c29d-47e0-8de5-0c4cfbe16094,1,2022-01-21,document
86503ad8-8e8b-413a-bc52-dd81f25f148f,983f9aa2-2b75-4b34-9656-c13d2cd393f4,5,2023-10-19,biometric
5794f006-a90c-4f44-b16c-d765a1ada1cf,663b9b42-4ed5-44a5-bd0f-aa49542f07c9,1,2020-07-10,biometric
4d5dda75-869b-4868-a00d-c043ca5dae6b,4064259f-b9f4-414a-8604-191c5feb7d60,2,2025-01-14,document
7b3abc72-60e7-44fb-9f82-1ca101a757cb,ae162fcf-fe83-4cc0-a645-69fa3b1f6651,3,2020-06-10,manual
a77a9f60-8143-4705-9a42-e4688decfa99,0dbaf1c8-5cd8-49e9-a502-551d9f15bc9e,4,2020-05-13,manual
119a70ea-6f0b-4c53-958d-8bede5939e37,b7457a70-7f31-4f9e-ad56-f40264e11388,5,2020-06-08,document
0007ae2e-21f8-450f-b9d0-bfa3c0370a3f,023f5a35-22f8-439c-8bcc-fb6ce5063a77,5,2020-04-05,document
fc8e57d6-6096-45b4-ac02-8d44a8932f7d,5c9a8133-5a7b-40ff-ae82-e938e60370b2,5,2022-10-31,biometric
e3e9728f-44e4-4cb3-a063-0c1070863b9b,46bf2949-8996-4364-99d1-a12da63421e5,4,2021-02-10,document
7c2d8bb3-d232-477a-b2fe-3f85cc9d2d5a,cd7895f3-e266-4623-aa34-9259e4cbe8a7,3,2022-08-31,manual
24afb249-bee2-4c59-b19e-6a1e3c3a16d8,32682a88-326c-4028-a90e-dd7561d11725,5,2024-11-28,biometric
8d7bd718-5293-40d7-b767-94711d194b00,4eaa3f05-0db2-49e8-b2a3-4833a804483e,2,2020-05-28,manual
46bf2949-8996-4364-99d1-a12da63421e5,8a0a9c54-7ce3-46a8-9177-f2f4359bb921,1,2024-04-06,document
841d9b32-c0c0-4b55-8a41-43dc0f835f37,c99805ba-0fb0-4c29-aaa8-2fcc8e48038d,3,2021-01-08,manual
25654996-b49a-4777-8842-df5b8bd6396f,cb1e1d51-0ea3-4155-9013-46d44af3349c,3,2020-04-30,document
ef3aef0c-28ed-4efb-9a1f-cb736583d318,a84e1f43-1cd3-4249-8696-99854827b1b5,2,2023-09-08,biometric
38074228-9490-4cbf-8026-a56eee4f0dba,a92e1e11-0fd5-49a7-a1cb-53b3b6de6b73,5,2020-12-15,manual
dadc7dcb-e91f-425b-ac87-94c134607516,db327d34-94d1-4083-8e9d-e1eca2be59fb,1,2022-07-26,document
e2f758a7-0c5a-402d-a67d-24747bb05012,b7b75c0e-4865-4f2b-903e-7a70905bb27b,1,2024-06-22,biometric
5bd08a1e-d88c-4483-94fd-c3bed91c498f,3c3db7ab-342d-4d74-ae5d-8075c280f9ec,3,2022-02-05,manual
f131ae78-3930-4f4e-9df6-8f13ef12a8b8,faa96ece-963f-4cab-8464-f96a907be075,1,2020-07-30,document
19bdc934-58f4-44da-9d02-936bd7b35d90,1c64376c-1b34-4bcd-aafc-29b8e5de3d5c,2,2024-02-29,biometric
ee6f7b17-fc86-49da-a8e9-09d5d917354a,4ea49693-0502-424c-bfaf-fbebef85fb0f,2,2022-01-15,biometric
a650f8a3-161c-492a-8bef-d534115953d4,5ff48c2c-e65e-4b86-b3ab-8926563d5d81,5,2020-04-11,biometric
d1451570-2bec-4406-b04f-ae673d05b306,965d5944-d293-4022-be10-f173132f141b,4,2023-11-03,manual
07618b68-fc4f-47c6-aca1-13eb6733712b,d678054a-d19b-4b99-9a3c-eceb5b84f327,2,2020-12-04,document
6f85546a-27ef-4ec7-9ef0-85e363b89e6c,21d83238-68f5-42f7-99d4-1d3fec06f57d,3,2021-08-20,biometric
388fd735-5b6c-4323-9f21-2056761b97db,687926da-37f4-4274-bc5c-f13193efe519,5,2024-02-13,document
4bd6f55d-38d6-442e-8bf1-dcd5152d630b,d1d1ff82-a33a-445a-82a8-b334cf189238,4,2021-02-18,manual
1fa678ec-206b-4367-9623-c46785306ea2,eca09f31-3e5d-494d-adca-267cf4406b20,1,2024-12-22,biometric
b9fc7d83-1965-4634-abdf-67f102e65219,802fc35c-b7f0-4444-9f9c-bcba4461610d,1,2025-02-13,biometric
e2df00ac-8db2-4f59-9fd0-3e66b1970ce6,ff28ba66-da90-40a4-a727-0da8b8b4f727,4,2022-06-01,document
b9fc7d83-1965-4634-abdf-67f102e65219,49cf8efa-d1fc-4f6c-90b7-7f6ea745cf8c,1,2023-11-29,biometric
7a51d35e-53d8-4221-aadb-a866a319ae9f,4466eeac-5451-4a8c-8dbf-6edc7ead7e18,3,2023-10-24,document
610bf33b-0492-4267-b17c-9a9b80f251cb,2fb8a6b4-1ee3-47b1-ad20-936915a88d66,1,2020-12-17,document
c6a0020d-2cee-46ca-b9be-768863405c5d,4931ef3a-fa78-4279-829e-8fbd20a3f1d5,2,2023-07-27,document
372cae50-6706-4a2e-b6d4-812a945fe91c,bd75b83e-18b7-472e-9125-51a0a7a44955,5,2022-08-01,manual
2c52d97e-6ab3-4903-9cad-71c969d8b72e,fd12972a-4f49-43d5-8fc0-49376eedada0,3,2022-05-28,document
67f4f876-b697-4a3b-b15e-ef242008c819,9a223065-8d98-448f-b83a-fe9b2391533c,5,2023-06-24,biometric
85820421-817c-4cdb-a192-dd79ac3ff194,e9c4a69b-d9e6-40f5-ae84-070e596f2955,3,2024-07-06,document
c0a3ab68-79e9-4f97-98d5-498a4e36547d,c7c71c79-1c0d-4f7e-a56c-ab83209b2286,3,2021-03-20,manual
afddb159-c2bf-49a1-a2bc-c9f18c8aec6d,210d4a40-400a-4d19-b64b-989956686817,2,2022-06-02,manual
65c5c95d-9bfd-4c07-aa2e-2e1a9ef951f4,5add6889-c260-49ee-ada8-9b76f372ed85,5,2020-09-08,biometric
ec8c8d6c-b2f4-43e4-88ec-91053924e0b1,93c26872-4c89-413a-b6b4-f1605e98daa8,4,2022-12-23,document
83c495fb-3138-4fc4-981f-1bbe73c19991,ae75c4b1-19fe-449c-a853-78de5727ca22,1,2022-10-09,biometric
01813f64-4156-4754-ac07-1ba77500bbfb,e68fb319-c72d-40a1-b4bc-2f0a58871683,5,2021-09-24,manual
e59de747-fe26-41bf-b236-49cfc92520a8,55af2adf-f836-43a3-966b-3ad192090cbe,2,2021-03-05,biometric
e453dc68-dd80-4eca-8518-54bfc5576252,d2e7b920-c2a8-4c45-bc35-76ba1585f022,5,2022-02-19,manual
02728444-904b-40c7-acb0-18dec523409b,90746110-ef12-4451-8912-17537f2feab4,2,2024-12-17,biometric
7ae67005-316a-4d77-930a-d81ece293cb1,e68fb319-c72d-40a1-b4bc-2f0a58871683,5,2020-07-22,biometric
c3779eb3-9110-469c-9900-a830b03d08f5,5ca3e520-b456-4c1b-9dad-b1502fd4c861,4,2023-06-22,biometric
66822cef-2ce7-44e6-a488-6a9a8f5b1833,eab8c04d-4cb4-4894-9a15-d129cb571b33,2,2024-10-21,manual
6fa7c39d-881e-4163-8dd3-67b6e1981b7a,a64f144b-91a8-405e-b4c2-4a7c1e306851,5,2020-12-12,document
9fe6c47b-23f5-4bf7-9380-0d93fb54c6c8,273ec7f6-dfeb-4ca6-8ad5-f543bd17f3d8,5,2023-08-06,document
c417e63d-5b1a-4bdb-a3df-c808b94cb1a8,710c7026-bb1c-4a4e-81bd-1983145e8575,4,2022-09-18,manual
65434446-2b65-4f49-abe0-a545c792ed52,d8017ed5-ee1c-4646-9ed7-cb6547748c69,3,2020-10-31,biometric
275c03cf-8dd3-47a2-ac18-c97e7257b7b9,f29d6476-87b8-4a8c-8ee6-35d3136ebd76,4,2024-07-17,document
95415798-a6e2-4ee4-96b5-c398eaa89622,c1022dce-aa95-4298-b3e0-02adef9cc6e8,3,2021-05-29,biometric
9e9df8a7-d7e1-4d6b-b394-a51ca84615a0,d1451570-2bec-4406-b04f-ae673d05b306,4,2022-09-23,manual
b71a70f0-e93a-4850-910f-d01e8d18f7d7,868cabdd-465c-4703-991c-e67a6493fc87,1,2020-11-03,biometric
c37dceaa-5fe0-4cfb-8c46-05b88824bbf9,332809a9-5d56-4a30-81ea-a867cc422ac8,2,2023-05-31,manual
b1b0a704-58fd-40ab-be53-584105e46ba1,9724e9b8-a841-402e-b0a0-6dcdd3975779,4,2023-09-02,manual
121c3adf-bd9d-4259-b424-e71c7c44be1e,aca95239-f5f6-40b5-bfaa-9b8e03051611,2,2024-11-14,manual
0f37a1ee-a201-41a7-8ecf-d3a221a62ce9,200cf42b-9ff7-452e-b708-121a3de767c8,3,2022-11-21,document
9867124c-f653-4d28-b1dd-6f2df8f567f4,d23768db-2882-4fcb-a47a-ae2b635a0341,4,2023-03-23,document
b6c51a20-28be-453e-b9b9-396194d6fa49,b216e705-5737-4e77-9fc1-5b68e3b2c25b,3,2025-02-25,biometric
5465eef5-08fa-4362-b431-13be291688ac,7ef98455-d3b9-4009-99cf-fe66a887dc48,1,2021-11-07,manual
54fbe266-4488-43a2-bf08-7c8e8d19378f,cb9c7ef3-92d5-489f-8abf-48183a2b866a,5,2021-05-12,biometric
9ff2d915-6fb3-4aa2-9ef3-ef44c985e2c6,2d43a300-af26-4cd9-ab4c-3ddb409dd19b,1,2020-04-30,document
b913e6c3-3ffb-4b6c-9780-a1bf2b199c0b,91581764-7417-4c67-b699-99e457c00cff,1,2021-03-04,document
e2f758a7-0c5a-402d-a67d-24747bb05012,29244a79-648a-4b9d-8685-16548e8a5094,1,2022-08-14,manual
8ce6be17-893b-41f6-969c-9a6b20477ba3,22e95cb9-2890-4b23-ad1e-3a67da11d455,3,2022-12-18,manual
fc892e97-8b3c-4ee6-9a66-937746797675,0707c48e-f7c2-4025-bc9a-f55e11766591,4,2021-11-27,biometric
40790364-5702-4c73-be76-303982ef1a4f,77bc969f-babb-4691-8416-1af9eaad3818,3,2023-07-19,biometric
451bfd89-1d85-458e-935a-a70ef4f613ec,e52d512f-7e5f-4e12-bcb9-8308b3598adc,4,2020-04-17,manual
4e829fe9-0527-4aa1-a0f1-b793c8717619,c27259d1-4d20-4e09-b9d0-bdac6e7f10db,5,2023-05-10,manual
3ea190db-3b3f-4ffc-80ba-05318a62d634,c6cd8bea-53b4-4080-af49-1d8293e9fee7,2,2020-05-15,document
739fdf0d-c87a-44be-b653-ad0b78c9d6ef,72a0beed-18f2-4dc3-a36d-b79dcebd4012,1,2024-03-20,manual
f108e09e-7a3a-4996-9f29-e5ecd64942f4,9e3da172-7d71-475e-87c2-df2fbb278c8e,4,2022-05-27,document
5795d232-ec95-4a7f-8c19-a1df4bf7917d,e57be9f2-e3e1-4213-a796-cdab96f80277,3,2021-11-28,document
fbb4845e-289c-41a3-abde-2518cb0a3009,09e4b366-836f-41f9-ac60-2467678971a3,3,2024-05-27,document
b5956400-2ff7-4e90-a511-d6bc01e51564,ae162fcf-fe83-4cc0-a645-69fa3b1f6651,1,2024-01-08,biometric
350c91f0-bf9a-4c77-8f52-683fcc028cc2,8bf4bd86-5841-447d-ac94-721813869037,3,2022-01-27,manual
e1c1a190-945f-4abd-9ffd-3ec6a1a34099,0775e700-42e7-4904-8176-7c274617350d,4,2022-07-03,biometric
94b9573a-389a-4c32-b8d2-33adba00f727,be8f2953-2a53-4721-abf7-99152772c433,3,2020-07-24,document
19551841-7ea2-4a57-8ffc-3c30bedd66bb,1dd2467c-cabc-4525-96eb-9a2fdc77e4a2,2,2022-11-21,manual
8f9f5818-ebd0-4109-bfbd-7e3f33016631,7f8e083c-843d-4712-a881-e321f1617593,1,2023-11-21,manual
a16a68d1-679b-4bfe-8abd-16d76e37a1bf,bcabd1f4-1d9f-4331-b63f-efb941765885,2,2020-11-21,manual
f8b48db9-76b5-4d26-aec8-c6938a709afd,47f51a76-378c-4c3e-8cbc-29162d21959a,1,2023-10-10,document
1099a5de-5ed6-49f0-9421-d9804bfacb85,190e860d-f8d8-4c90-9855-47933d89b600,4,2025-02-24,document
a3e15e39-dfe7-4426-a7d1-f0104782dde3,0c23dca7-1375-4d70-b5d6-a2e4ed0ef3ff,1,2020-07-27,document
ef639157-00f4-4d18-baaf-673f5e8ff469,6ea724cb-1dbd-418a-9038-d4553b1954b9,4,2025-02-10,biometric
1d057bf1-daf7-4421-8a49-2f95fbaba985,5636426b-ce3c-48ed-be5d-f5012239f1f9,4,2023-07-30,manual
65b4770f-3cc6-47f7-bbde-9b56722e99b7,1bdf8a99-4b39-4d92-8c5d-6c99234bd026,5,2025-01-15,document
eb16794e-5db9-445a-8b5c-39edc6ee3106,1228db11-a0b6-4ce1-8946-1272165a7273,2,2020-12-12,manual
5f81594a-1c58-4955-9021-9de84f18e816,85820421-817c-4cdb-a192-dd79ac3ff194,4,2023-06-22,document
31656ac3-2945-4262-a002-055eb0189f52,21d83238-68f5-42f7-99d4-1d3fec06f57d,2,2025-02-21,manual
c28671a7-2948-47da-9dbf-39ee0db3b72c,22b826b4-e8c0-4653-8d2e-830a8f0a5edf,5,2020-04-13,biometric
ac2d5299-e9a8-40ea-97fe-a5c05dd181f5,a2f1ad03-1daf-4e65-99cd-e62b9e2c4dfd,2,2020-07-28,biometric
e70079e2-ab81-4dcf-a39d-cb763d2fe501,9ff2d915-6fb3-4aa2-9ef3-ef44c985e2c6,4,2022-11-07,biometric
27d767d3-7760-4de2-af6f-f48d694c19ba,e32c8d0e-4236-4ba2-823f-1b6c3efc8cc1,3,2021-03-29,biometric
f561dbef-4db2-47cf-baf4-cc792206e1cd,3a858c23-85f0-4421-af31-d3f87171ae1e,1,2024-05-02,biometric
fa4d07f8-6f26-4b97-b40b-806d13213014,67b31b2a-3956-4a3c-88e5-2e04e2c25a21,5,2020-07-02,biometric
c99805ba-0fb0-4c29-aaa8-2fcc8e48038d,2c7ddabb-b2a1-4d6b-b33a-8d7a20c7c934,2,2021-02-16,document
094b5516-37ec-46a2-8edd-c35ee38a645f,8b65879a-b992-4262-8ade-90e154ce3afd,1,2024-02-02,biometric
32844788-79f6-4b1c-a891-8a9cf1498c03,c29e4fd3-f36c-4fea-af47-6ba333d6c0cf,2,2022-04-16,biometric
001ba178-08f0-4f21-96e4-04ee497dcb53,2fb8a6b4-1ee3-47b1-ad20-936915a88d66,4,2022-07-02,manual
4f7139bf-bb59-4edd-a5ad-8d6e1f6e5d14,92c29133-eff8-4679-81aa-42cf6da9834b,1,2024-10-18,manual
6c7333aa-a6a6-4bc3-8be0-a44e15acfca3,1690bfc4-59cd-4e0e-81bf-5ef29a553f7c,3,2025-02-16,biometric
b711c627-3d8c-4749-b444-4712a0e8f7e2,babdab39-3c57-4ef6-8148-9de156b1025c,1,2022-02-22,manual
9e3da172-7d71-475e-87c2-df2fbb278c8e,b8fdaefe-ddfc-4521-98ed-b75326a92ece,5,2022-07-06,biometric
8557f6e1-72e1-42f6-9014-4c4fa78c97b1,0a33d645-8bbf-4fd0-8868-d36608dacb4d,4,2024-11-08,biometric
a550133d-d78a-4abb-9af6-f9a8a037ded9,3ebb2365-ac01-491a-8991-53825c421ef3,5,2025-02-02,manual
8f22013b-0de5-47ce-8948-3481b5349566,d38804c3-13eb-4d1e-be6b-808085dffaab,1,2023-03-19,document
d5c22130-be60-440c-a630-68eb6f0c3224,3900ae86-dbf2-43c0-807f-9e7c7858781a,2,2023-05-09,biometric
cc2de13b-d39c-4317-aee7-3a51d5e7218b,f7a7d858-aa4f-4971-8c65-aabf607669b3,5,2023-04-22,biometric
902f236f-4409-456f-89c4-6e0d4d689887,a63280d0-8c2e-4a19-8d8f-69839d67c309,2,2024-04-29,document
332809a9-5d56-4a30-81ea-a867cc422ac8,50152d29-ec0d-4c97-8d79-da4c12838731,5,2020-04-26,manual
2449e401-245e-47d9-8f44-f21d52c640cc,f8860a58-5ea2-4fcd-9a73-fc2f08ad9a56,5,2024-09-29,manual
c3d320c5-39b7-45e1-aa40-9b098c5812b5,0d732010-2062-4c72-992f-bb9edb6de6f6,4,2023-11-09,manual
c8eb1ab1-53b7-4417-9fa6-0e3af83902af,7b1344c2-8240-47d8-adc8-c8fc302b9648,5,2021-01-20,biometric
c19aad72-0b9f-4756-9d19-abc8eeaa492d,f9f52082-7edc-48ad-af70-ec33aa64a0c1,2,2020-04-30,biometric
23f835c1-3a41-4afb-bb3a-ee37d4691cb5,1b0986d3-bee5-4d7a-9d25-02f89daa03f0,4,2024-12-04,document
71dda762-f649-49e5-a6b2-0e8626ca2c6b,31f073f1-a344-483e-b1b8-cd9dec4b7d1d,5,2023-03-17,biometric
d4476e01-a50c-41a3-9101-a2236cd5ec1c,7cf15640-4608-4a48-ab40-8f1b5036b89f,1,2024-06-20,document
bafdae0f-c08e-4065-ab66-c99a4b31872e,9e2b3d41-9d5c-4413-becb-b19bb64d02ba,1,2022-04-07,document
7e2260de-2775-4e01-917d-be44b99830c3,841d9b32-c0c0-4b55-8a41-43dc0f835f37,3,2024-02-25,manual
070517e2-2031-4ac3-93b6-8485634a9e6d,7c6e925b-7ca7-4c1d-aa96-047d1904ef0e,1,2022-03-19,biometric
7d0d0c3d-8d12-4ceb-a47b-6cc8c2d8d7de,76479789-bcd4-4024-a0e2-6f831606482d,3,2020-05-13,biometric
79ad0cef-03f9-45f9-86d9-0276654d2de0,350c91f0-bf9a-4c77-8f52-683fcc028cc2,5,2024-10-27,document
026a0c4a-8a41-4aa0-86bb-779f6769e569,a31a7ec0-4ce6-4ef0-8ae5-55da322641d3,2,2024-11-25,manual
ffa78f68-112a-4c2e-9b36-a1f87652c771,e5b48ead-949f-4561-aaaf-e34b5a25e6ee,1,2022-06-21,manual
0756ab16-7bc6-4972-a4b4-a31b3604c27e,6bd221ed-9b31-4c1f-88b7-a7f86932db54,1,2021-06-05,document
23538613-795e-4c88-8df5-d51c640e2c13,56d32cfe-468b-4efc-868b-f8a972eac54f,3,2020-12-14,document
e456c3c6-53df-4333-92d1-d59d6c65d5e1,b6ff9401-3c41-45b1-a755-ddad9d18a873,3,2022-03-05,manual
c3dcc73e-b3d7-4add-ab2f-b37d73879daa,00b471b2-0dee-4362-ba75-1c9e1c4982b0,4,2021-08-18,document
548d8456-d607-4483-b488-e1d855a41faf,9a1d3da4-a155-42f7-97a5-d96df9b13c85,4,2022-06-29,biometric
94236b8f-8c72-4255-8fac-9e52aeb86f9d,38b72469-d35b-45b1-b8ef-121fa787cd5b,4,2023-04-02,manual
73d76392-27cc-4cf9-84a0-df344ca80a7a,f46aaa09-b3f0-4c61-9c22-d48a0ca6e90b,1,2023-11-08,manual
99242bac-8b88-46af-9fa9-dcd41451abcd,48a0959c-35f7-4372-875f-53271503fa0e,2,2024-03-19,biometric
24b56357-03b5-4b23-8924-6fd27c15fae2,debfcd93-be06-4621-b127-915a80c146e9,3,2024-11-07,document
67b31b2a-3956-4a3c-88e5-2e04e2c25a21,2ed93059-591f-4f08-8096-1e75cb3126f6,3,2024-03-31,biometric
c2b9f24c-a961-4de0-a83d-30e4cf25c265,3504c44f-aca0-45cc-ab49-ca0bd914884e,4,2025-01-10,manual
a07da5ec-6f19-473e-93e1-a01484c0d941,039c279e-c46f-4d2e-81dc-cd452b785b10,5,2020-08-08,document
899ab935-89e9-40f8-a636-2adca44e1453,169ca9e2-a506-4f6f-b430-5579150a573a,2,2023-03-08,biometric
f9f52082-7edc-48ad-af70-ec33aa64a0c1,8366a0c6-fd43-4065-825c-10b45cdc20cd,2,2020-05-28,biometric
efe936d0-c369-493c-84a5-d5103e2f36c7,79ad0cef-03f9-45f9-86d9-0276654d2de0,2,2020-04-05,biometric
dc76108f-8e38-471f-865d-1c5e7be29409,1e34a628-1cb5-4a2d-8bad-46d9b477091d,4,2022-06-16,biometric
8e3d3fdc-3832-46d8-9782-666f5e9ab968,c7c71c79-1c0d-4f7e-a56c-ab83209b2286,3,2020-03-24,biometric
322c5f8d-eef8-42c5-a58e-74f8b1d1bf71,f77519f8-4834-49ac-8949-a38e10f628ce,2,2022-01-23,document
965d5944-d293-4022-be10-f173132f141b,d14566b2-12e8-45c0-aca5-21ac6f98cffe,3,2022-10-19,biometric
d7817981-d802-47af-8480-f97b31cc0272,820591ba-0e05-4ac8-b49d-191280f83819,5,2023-12-17,document
e0b38d2c-662d-4300-a574-9f23e919a747,55af2adf-f836-43a3-966b-3ad192090cbe,2,2021-04-24,biometric
e0c9444f-3d54-42a4-bea8-b19a092e5a5f,e57e0170-473e-4373-b973-339111b1ade8,3,2022-10-22,biometric
09a910bf-006b-430b-99fb-839c00e424c9,b37a5d8f-d6c7-455f-aedd-94f6985609cc,2,2024-02-28,manual
8d0036ee-3595-4348-bdb5-ac5876097312,2d43a300-af26-4cd9-ab4c-3ddb409dd19b,1,2021-11-19,document
9b88c39a-7b56-45eb-b4d4-3d27de6ea676,115f4d00-ca67-42b4-896f-8c9ace8e3730,5,2023-03-24,biometric
dc4fdb09-80d1-4cf0-951c-36a9001aa74e,98fe2c05-afc4-48dd-be9b-c9c7a8fded81,4,2021-11-04,manual
d71379cc-738d-4fde-8ee2-df6536671b89,9d9afa5b-3163-4189-bc6e-3198df306bbf,3,2022-07-01,biometric
30799204-babc-48fc-905b-0995c688c2d6,66e53850-d0f1-4383-b030-cd39cef727ab,1,2021-06-17,document
119a70ea-6f0b-4c53-958d-8bede5939e37,d226a893-72c1-43d2-a31d-25eadf42b592,4,2022-04-09,document
221cf74c-6da6-439c-a682-c2e823083ad9,df87da6c-1d05-4e41-a69c-dc116178a693,1,2024-01-31,biometric
d342dbbf-c0c2-408c-b177-2b5183ab7976,b43a4c35-fc8e-4e3a-8d74-4ebf2c7a89f6,5,2023-10-07,biometric
2ac899fc-f3b4-4cb9-b4b8-1b325bfcfb2b,25cdc237-5bcf-409f-916e-7fa0aa586aa0,3,2022-09-02,manual
99ed91c7-3b21-43e1-b247-be27896ea182,0c23dca7-1375-4d70-b5d6-a2e4ed0ef3ff,3,2022-03-20,biometric
57795aa7-8414-434d-9d65-90da981a5543,b1495de1-3abf-4937-bf54-966d1d268481,1,2024-08-18,manual
3d6d03f8-2742-4106-92ef-8b515bbf090b,d85ca15d-c1ef-4073-a2ba-2d0d403b4e5c,4,2024-07-02,manual
1d44db98-4445-443a-96c8-87892e69c004,d7817981-d802-47af-8480-f97b31cc0272,4,2020-09-06,document
8d7bd718-5293-40d7-b767-94711d194b00,0a5702e6-3fbd-4429-92aa-599a0a7cda6b,1,2021-06-27,biometric
83c495fb-3138-4fc4-981f-1bbe73c19991,6182c428-6ccb-40d8-b731-11a9af1aa93b,5,2024-09-02,manual
cd5dc5ce-7376-4bd9-b413-a5e11ccfcb37,11df61ae-dc2d-4fd1-a8c0-b92c534f0642,2,2024-08-03,biometric
b6f672f9-d05d-4058-aa57-73114df6fa03,119a70ea-6f0b-4c53-958d-8bede5939e37,5,2023-05-01,biometric
8eb0c007-9b48-4e51-8e89-b4c61c5470e7,54fbe266-4488-43a2-bf08-7c8e8d19378f,2,2021-06-22,document
8d97d281-0e51-4442-954e-6fd2a2386def,5cbb1c82-7242-4430-ace3-4e0f36926676,2,2024-09-07,manual
65b6fc4a-28ea-4d70-808c-fa902327deef,30e38853-5b85-4c0f-b3c5-cf99627da43c,2,2025-01-23,manual
0812addc-c945-4778-b979-a25b409c9c43,7ac6912f-b88d-4a88-944b-7be09ff54179,5,2022-07-06,document
9fa2a0a5-7180-4dd5-bd19-9e0e960da006,71747c81-8a9a-4731-9f84-4079c489a8e1,1,2022-04-09,manual
119a70ea-6f0b-4c53-958d-8bede5939e37,699bb7d3-55af-4be1-a7f6-9d883983d738,5,2020-05-14,document
aaa4410c-f2a2-4138-80ee-fa9b7cd7d326,2cdd851e-308d-41ac-af1c-0ce5638cffd1,3,2021-09-13,manual
11df61ae-dc2d-4fd1-a8c0-b92c534f0642,c5620a35-d1d9-4954-a786-ffa032efd94a,4,2024-10-10,manual
dda8c04f-5636-4a8f-b604-33c9670e24ca,7b8cd5a9-6b5e-4bb1-a9bf-fcb78bfe3c31,5,2020-09-24,manual
1ac11dc9-c340-45b3-b9a1-f10f6218735f,8924b820-5230-4da6-a913-8b3221d30ba9,2,2023-12-21,document
410805ed-7419-454f-aae0-17e295c3543c,c1523e19-9a89-4947-af85-abdbce101450,3,2020-11-02,manual
5e923810-43f9-4677-a44b-cfdae9b24a1c,d678054a-d19b-4b99-9a3c-eceb5b84f327,1,2021-03-13,biometric
11782fda-3c0a-4bfb-bcab-3324a4eb49e7,d1d1ff82-a33a-445a-82a8-b334cf189238,3,2022-07-24,manual
e4b378de-9ca4-443a-bb02-da8233f3f927,57eb4306-6c1b-4992-90fb-cd48647abe6a,3,2024-05-10,manual
1da86afb-17e7-49d4-be99-bf8907616766,5edf6b65-2985-4bee-8d23-9294bcd0cb65,1,2021-05-19,biometric
d595673d-a613-466c-b0de-16ac5310e8f9,b61572e4-a884-446b-9204-0677df8e4d67,5,2024-03-03,manual
7c7375e2-f5b7-4694-91be-0a482c92a337,bcb79f3b-e6c5-4c36-b817-88b331e33235,4,2024-06-22,document
fca5a0d1-a9f0-48be-bdb5-fc838ee6e2a7,9a7687b3-7fdc-473f-89c1-b585b1b61668,1,2023-04-26,document
1f7d2b4e-1fe0-46e4-af42-4c39f4fa280e,95fa6a7c-d530-4532-bf37-1c7a72d65461,2,2022-12-07,biometric
46e2358e-053d-4295-94b0-498a65858956,cb1e1d51-0ea3-4155-9013-46d44af3349c,3,2023-01-08,document
b4b17041-11fd-4aa5-bbca-96f4e4320f05,66e53850-d0f1-4383-b030-cd39cef727ab,5,2021-09-22,manual
a839583d-c5b0-45cb-97d5-af1f43148f9a,6b088cd7-8405-4dc9-a33c-ca986b537fe0,3,2023-07-03,document
56d32cfe-468b-4efc-868b-f8a972eac54f,e9c4a69b-d9e6-40f5-ae84-070e596f2955,3,2020-11-14,document
e593b53e-095a-49a2-a743-c29c0064c1e5,764279f7-aa09-4d25-adac-4bdff476bdb7,5,2024-12-25,document
4b94669a-0b13-42fd-a1c6-80cafcd6f598,26baefb7-cdb5-42bb-baed-8e3b36244ed2,3,2021-08-04,biometric
0fdb7eb3-bb58-4086-ad23-51b7d96a4934,8edac027-064a-47b9-9ced-0087ed3fc109,2,2023-06-08,biometric
d84eeb55-c8da-4d11-afb1-fed7ed04bd47,39af6d7f-b6e0-46fa-8b51-bc207b9d9193,4,2023-06-22,biometric
53281ec6-9389-444c-bbe4-1fdf00289c1f,6106f600-9d53-479e-b013-255a53d4b4a5,5,2022-04-20,biometric
0f37a1ee-a201-41a7-8ecf-d3a221a62ce9,21a3f399-e668-4e72-8948-5c8682294477,4,2021-01-02,document
98fe2c05-afc4-48dd-be9b-c9c7a8fded81,c806e371-c830-48ca-ba5d-c16d75cbdbd8,1,2023-09-24,biometric
2d1ca5fa-00bf-42ef-b2ba-315c4b22e6b5,4f9a11af-ac78-455d-a275-37b195127b0e,5,2021-08-04,biometric
6c2116ae-9743-445c-98c1-bafe4f6da4c2,6bf61015-1661-4638-a19d-3f272cf99d4b,5,2021-01-01,biometric
1ea564e4-93dd-4468-8019-f425f61ae600,8f5a2ed0-d72e-49e8-a206-c27f84d28672,3,2023-01-05,document
2d711253-0480-4033-8c38-661452e54a65,ada2ee31-769f-48c7-9079-975e8c85cb64,2,2020-05-23,biometric
93fd472e-ac38-454c-bf37-3159ea7f0622,92e6fcaf-f835-4ef7-95c9-04f9df6fb4f0,3,2024-11-25,manual
95520df5-724b-4793-9325-4172391586ed,bffda044-1aab-4626-9f01-51fd83bcc8d0,2,2020-04-16,manual
db5bc588-6900-4876-bf2e-f7750f9cfed2,0680c2a5-59aa-4b3a-be1d-22f80be61cad,1,2021-03-29,biometric
8d8da9a5-aa12-4473-b5ce-b2b876e5feb8,169ca9e2-a506-4f6f-b430-5579150a573a,1,2023-02-10,manual
5e8d71f8-322d-4ea3-98a8-f8c978eaf285,3288d804-0afe-4c0e-9ca3-3385cf5dcb64,4,2021-04-23,document
b4763c45-5be1-4da6-ac52-1f4a9dbc3cc6,eaf2da3d-6526-48b5-9224-4a4522cedf13,2,2022-06-30,biometric
066ccaaf-b799-4c34-8109-9f78b5879e6b,0d2d12c1-09ef-4a01-81a7-d635fd9a261a,4,2020-06-13,document
37b1e051-510d-47bb-ad9b-48085a03ff72,2a8785a1-2001-4363-ae9f-75430f00a9f4,5,2020-04-17,document
fbfbe674-962f-4bd2-93c9-0075dbad6154,c99805ba-0fb0-4c29-aaa8-2fcc8e48038d,3,2023-02-14,manual
6f1c6107-feb8-4a6c-9892-642e523d3bca,e593b53e-095a-49a2-a743-c29c0064c1e5,2,2020-08-25,biometric
488443e7-694f-4499-8d21-f5c52ae7f8c4,bc1e5d3d-2d00-401f-8b3b-5e85f99ff5fa,3,2023-10-10,biometric
